estimator,obs_prob,query_obs_prob,n_models,seed,predictor,mds_dim,bias_decomp,logit,mae
rbf_paired,0.1,0.1,95,0,knn,8,True,True,0.19727705567331155
rbf_unpaired,0.1,0.1,95,0,knn,8,True,True,0.19517936688451862
rbf_combined,0.1,0.1,95,0,knn,8,True,True,0.21990657978250588
matcomplete,0.1,0.1,95,0,na,0,True,True,0.24831526772840412
rbf_paired,0.1,0.1,95,1,knn,8,True,True,0.2422667893378001
rbf_unpaired,0.1,0.1,95,1,knn,8,True,True,0.2327943286717011
rbf_combined,0.1,0.1,95,1,knn,8,True,True,0.2352389833409613
matcomplete,0.1,0.1,95,1,na,0,True,True,0.23007506748375361
rbf_paired,0.1,0.1,95,2,knn,8,True,True,0.18955883926264008
rbf_unpaired,0.1,0.1,95,2,knn,8,True,True,0.18887619822779403
rbf_combined,0.1,0.1,95,2,knn,8,True,True,0.1935225570487139
matcomplete,0.1,0.1,95,2,na,0,True,True,0.21080383386306598
rbf_paired,0.1,0.1,95,3,knn,8,True,True,0.17752534481198784
rbf_unpaired,0.1,0.1,95,3,knn,8,True,True,0.1789092849562329
rbf_combined,0.1,0.1,95,3,knn,8,True,True,0.1822113632706717
matcomplete,0.1,0.1,95,3,na,0,True,True,0.19461276574637815
rbf_paired,0.1,0.1,95,4,knn,8,True,True,0.22663061067272436
rbf_unpaired,0.1,0.1,95,4,knn,8,True,True,0.2276323875220105
rbf_combined,0.1,0.1,95,4,knn,8,True,True,0.23220383904615957
matcomplete,0.1,0.1,95,4,na,0,True,True,0.23528301004549787
rbf_paired,0.1,0.1,95,5,knn,8,True,True,0.24280132273710778
rbf_unpaired,0.1,0.1,95,5,knn,8,True,True,0.233833502992531
rbf_combined,0.1,0.1,95,5,knn,8,True,True,0.24687551202465943
matcomplete,0.1,0.1,95,5,na,0,True,True,0.2465532472836208
rbf_paired,0.1,0.1,95,6,knn,8,True,True,0.23119394134816112
rbf_unpaired,0.1,0.1,95,6,knn,8,True,True,0.23216415517527794
rbf_combined,0.1,0.1,95,6,knn,8,True,True,0.24075574740610833
matcomplete,0.1,0.1,95,6,na,0,True,True,0.2400401843565697
rbf_paired,0.1,0.1,95,7,knn,8,True,True,0.19956348974042962
rbf_unpaired,0.1,0.1,95,7,knn,8,True,True,0.19988798385584564
rbf_combined,0.1,0.1,95,7,knn,8,True,True,0.21848703502086644
matcomplete,0.1,0.1,95,7,na,0,True,True,0.24446843919945827
rbf_paired,0.1,0.1,95,8,knn,8,True,True,0.22238898651523015
rbf_unpaired,0.1,0.1,95,8,knn,8,True,True,0.2199322358869134
rbf_combined,0.1,0.1,95,8,knn,8,True,True,0.22680535590579362
matcomplete,0.1,0.1,95,8,na,0,True,True,0.24761699685984978
rbf_paired,0.1,0.1,95,9,knn,8,True,True,0.20239905136467162
rbf_unpaired,0.1,0.1,95,9,knn,8,True,True,0.2021417356575746
rbf_combined,0.1,0.1,95,9,knn,8,True,True,0.20149914319908763
matcomplete,0.1,0.1,95,9,na,0,True,True,0.21813417135926214
rbf_paired,0.1,0.1,95,10,knn,8,True,True,0.20953817891602589
rbf_unpaired,0.1,0.1,95,10,knn,8,True,True,0.20959041548446752
rbf_combined,0.1,0.1,95,10,knn,8,True,True,0.21527666111437058
matcomplete,0.1,0.1,95,10,na,0,True,True,0.20631642520680868
rbf_paired,0.1,0.1,95,11,knn,8,True,True,0.2099977057334949
rbf_unpaired,0.1,0.1,95,11,knn,8,True,True,0.20722345733993008
rbf_combined,0.1,0.1,95,11,knn,8,True,True,0.20418341406898236
matcomplete,0.1,0.1,95,11,na,0,True,True,0.242633701011237
rbf_paired,0.1,0.1,95,12,knn,8,True,True,0.2090100448617038
rbf_unpaired,0.1,0.1,95,12,knn,8,True,True,0.20305617098593312
rbf_combined,0.1,0.1,95,12,knn,8,True,True,0.22934682732724196
matcomplete,0.1,0.1,95,12,na,0,True,True,0.2456068204030256
rbf_paired,0.1,0.1,95,13,knn,8,True,True,0.23380373712297803
rbf_unpaired,0.1,0.1,95,13,knn,8,True,True,0.23486416874963337
rbf_combined,0.1,0.1,95,13,knn,8,True,True,0.24763609006511128
matcomplete,0.1,0.1,95,13,na,0,True,True,0.3001669289666371
rbf_paired,0.1,0.1,95,14,knn,8,True,True,0.18217083098745399
rbf_unpaired,0.1,0.1,95,14,knn,8,True,True,0.17781279170710962
rbf_combined,0.1,0.1,95,14,knn,8,True,True,0.20138626102302687
matcomplete,0.1,0.1,95,14,na,0,True,True,0.2044896648675933
rbf_paired,0.1,0.1,95,15,knn,8,True,True,0.20125113545292866
rbf_unpaired,0.1,0.1,95,15,knn,8,True,True,0.20016462003874816
rbf_combined,0.1,0.1,95,15,knn,8,True,True,0.20256058089673168
matcomplete,0.1,0.1,95,15,na,0,True,True,0.2299087890676151
rbf_paired,0.1,0.1,95,16,knn,8,True,True,0.17793159793423724
rbf_unpaired,0.1,0.1,95,16,knn,8,True,True,0.17656705828633695
rbf_combined,0.1,0.1,95,16,knn,8,True,True,0.18573502617982743
matcomplete,0.1,0.1,95,16,na,0,True,True,0.20691173355748932
rbf_paired,0.1,0.1,95,17,knn,8,True,True,0.2010768741246934
rbf_unpaired,0.1,0.1,95,17,knn,8,True,True,0.1983276586509527
rbf_combined,0.1,0.1,95,17,knn,8,True,True,0.21608442457826016
matcomplete,0.1,0.1,95,17,na,0,True,True,0.20747344573792528
rbf_paired,0.1,0.1,95,18,knn,8,True,True,0.2070345924024227
rbf_unpaired,0.1,0.1,95,18,knn,8,True,True,0.20465740928755827
rbf_combined,0.1,0.1,95,18,knn,8,True,True,0.2088173332687071
matcomplete,0.1,0.1,95,18,na,0,True,True,0.25691271248334935
rbf_paired,0.1,0.1,95,19,knn,8,True,True,0.21888887073308672
rbf_unpaired,0.1,0.1,95,19,knn,8,True,True,0.21407652571060265
rbf_combined,0.1,0.1,95,19,knn,8,True,True,0.22143904288540192
matcomplete,0.1,0.1,95,19,na,0,True,True,0.21432784873227478
rbf_paired,0.1,0.3,95,0,knn,8,True,True,0.14394410763771281
rbf_unpaired,0.1,0.3,95,0,knn,8,True,True,0.14475947414882911
rbf_combined,0.1,0.3,95,0,knn,8,True,True,0.14528678171114945
matcomplete,0.1,0.3,95,0,na,0,True,True,0.15852000298926786
rbf_paired,0.1,0.3,95,1,knn,8,True,True,0.16506852194561886
rbf_unpaired,0.1,0.3,95,1,knn,8,True,True,0.1646782779245219
rbf_combined,0.1,0.3,95,1,knn,8,True,True,0.15245256634911988
matcomplete,0.1,0.3,95,1,na,0,True,True,0.16368735550062516
rbf_paired,0.1,0.3,95,2,knn,8,True,True,0.12601346878167569
rbf_unpaired,0.1,0.3,95,2,knn,8,True,True,0.12919512997572227
rbf_combined,0.1,0.3,95,2,knn,8,True,True,0.12660620487891486
matcomplete,0.1,0.3,95,2,na,0,True,True,0.13768418848608874
rbf_paired,0.1,0.3,95,3,knn,8,True,True,0.13703526276566075
rbf_unpaired,0.1,0.3,95,3,knn,8,True,True,0.14010586100547148
rbf_combined,0.1,0.3,95,3,knn,8,True,True,0.13336287028215418
matcomplete,0.1,0.3,95,3,na,0,True,True,0.15288614356952193
rbf_paired,0.1,0.3,95,4,knn,8,True,True,0.13947919293861552
rbf_unpaired,0.1,0.3,95,4,knn,8,True,True,0.1416438724251911
rbf_combined,0.1,0.3,95,4,knn,8,True,True,0.13943676485777787
matcomplete,0.1,0.3,95,4,na,0,True,True,0.15365430666727678
rbf_paired,0.1,0.3,95,5,knn,8,True,True,0.14584829134265306
rbf_unpaired,0.1,0.3,95,5,knn,8,True,True,0.14663137157764328
rbf_combined,0.1,0.3,95,5,knn,8,True,True,0.14151534558523998
matcomplete,0.1,0.3,95,5,na,0,True,True,0.17190137157306423
rbf_paired,0.1,0.3,95,6,knn,8,True,True,0.15024888253165497
rbf_unpaired,0.1,0.3,95,6,knn,8,True,True,0.14971144615139456
rbf_combined,0.1,0.3,95,6,knn,8,True,True,0.14075629424065195
matcomplete,0.1,0.3,95,6,na,0,True,True,0.1538075676466521
rbf_paired,0.1,0.3,95,7,knn,8,True,True,0.13710784579502341
rbf_unpaired,0.1,0.3,95,7,knn,8,True,True,0.13899858769070222
rbf_combined,0.1,0.3,95,7,knn,8,True,True,0.13295006890064603
matcomplete,0.1,0.3,95,7,na,0,True,True,0.1642711907727978
rbf_paired,0.1,0.3,95,8,knn,8,True,True,0.18549551731679956
rbf_unpaired,0.1,0.3,95,8,knn,8,True,True,0.1822480373087181
rbf_combined,0.1,0.3,95,8,knn,8,True,True,0.19225857459956705
matcomplete,0.1,0.3,95,8,na,0,True,True,0.1658591204927981
rbf_paired,0.1,0.3,95,9,knn,8,True,True,0.149496388904513
rbf_unpaired,0.1,0.3,95,9,knn,8,True,True,0.15197228428154028
rbf_combined,0.1,0.3,95,9,knn,8,True,True,0.15356464725901625
matcomplete,0.1,0.3,95,9,na,0,True,True,0.16469232213911195
rbf_paired,0.1,0.3,95,10,knn,8,True,True,0.15596817454229514
rbf_unpaired,0.1,0.3,95,10,knn,8,True,True,0.15588212010085625
rbf_combined,0.1,0.3,95,10,knn,8,True,True,0.1672390402202764
matcomplete,0.1,0.3,95,10,na,0,True,True,0.15932918868981355
rbf_paired,0.1,0.3,95,11,knn,8,True,True,0.14177131125139267
rbf_unpaired,0.1,0.3,95,11,knn,8,True,True,0.14181022721811767
rbf_combined,0.1,0.3,95,11,knn,8,True,True,0.1338088767061667
matcomplete,0.1,0.3,95,11,na,0,True,True,0.15467831576171504
rbf_paired,0.1,0.3,95,12,knn,8,True,True,0.14590896647594417
rbf_unpaired,0.1,0.3,95,12,knn,8,True,True,0.1475562776435547
rbf_combined,0.1,0.3,95,12,knn,8,True,True,0.13741382696174884
matcomplete,0.1,0.3,95,12,na,0,True,True,0.1574553407911476
rbf_paired,0.1,0.3,95,13,knn,8,True,True,0.15675068684279508
rbf_unpaired,0.1,0.3,95,13,knn,8,True,True,0.1540873165617485
rbf_combined,0.1,0.3,95,13,knn,8,True,True,0.16286488590769788
matcomplete,0.1,0.3,95,13,na,0,True,True,0.18286808415990366
rbf_paired,0.1,0.3,95,14,knn,8,True,True,0.1434183713923217
rbf_unpaired,0.1,0.3,95,14,knn,8,True,True,0.14491279891306713
rbf_combined,0.1,0.3,95,14,knn,8,True,True,0.14008091107823537
matcomplete,0.1,0.3,95,14,na,0,True,True,0.15566361379107496
rbf_paired,0.1,0.3,95,15,knn,8,True,True,0.14512854328769378
rbf_unpaired,0.1,0.3,95,15,knn,8,True,True,0.14521452705496216
rbf_combined,0.1,0.3,95,15,knn,8,True,True,0.14814646643793813
matcomplete,0.1,0.3,95,15,na,0,True,True,0.14508956485670188
rbf_paired,0.1,0.3,95,16,knn,8,True,True,0.14443798697668758
rbf_unpaired,0.1,0.3,95,16,knn,8,True,True,0.1445555585973885
rbf_combined,0.1,0.3,95,16,knn,8,True,True,0.14264790055328413
matcomplete,0.1,0.3,95,16,na,0,True,True,0.1491186314696738
rbf_paired,0.1,0.3,95,17,knn,8,True,True,0.14569330661040894
rbf_unpaired,0.1,0.3,95,17,knn,8,True,True,0.14526287779923686
rbf_combined,0.1,0.3,95,17,knn,8,True,True,0.14783367627349797
matcomplete,0.1,0.3,95,17,na,0,True,True,0.1673923825675994
rbf_paired,0.1,0.3,95,18,knn,8,True,True,0.14795818277237596
rbf_unpaired,0.1,0.3,95,18,knn,8,True,True,0.14868218066622887
rbf_combined,0.1,0.3,95,18,knn,8,True,True,0.14147430334789185
matcomplete,0.1,0.3,95,18,na,0,True,True,0.17895846952050054
rbf_paired,0.1,0.3,95,19,knn,8,True,True,0.15714038397606914
rbf_unpaired,0.1,0.3,95,19,knn,8,True,True,0.1561823202637591
rbf_combined,0.1,0.3,95,19,knn,8,True,True,0.14731409907766913
matcomplete,0.1,0.3,95,19,na,0,True,True,0.14180186007110832
rbf_paired,0.1,0.5,95,0,knn,8,True,True,0.13330060774928784
rbf_unpaired,0.1,0.5,95,0,knn,8,True,True,0.1343662017650845
rbf_combined,0.1,0.5,95,0,knn,8,True,True,0.13179118284716523
matcomplete,0.1,0.5,95,0,na,0,True,True,0.1400488035372743
rbf_paired,0.1,0.5,95,1,knn,8,True,True,0.15089655394285573
rbf_unpaired,0.1,0.5,95,1,knn,8,True,True,0.15033647326869418
rbf_combined,0.1,0.5,95,1,knn,8,True,True,0.13284984796056826
matcomplete,0.1,0.5,95,1,na,0,True,True,0.1384967475449442
rbf_paired,0.1,0.5,95,2,knn,8,True,True,0.1254836566412677
rbf_unpaired,0.1,0.5,95,2,knn,8,True,True,0.12828817392495223
rbf_combined,0.1,0.5,95,2,knn,8,True,True,0.12136153782139635
matcomplete,0.1,0.5,95,2,na,0,True,True,0.13059955633896433
rbf_paired,0.1,0.5,95,3,knn,8,True,True,0.12510228512954447
rbf_unpaired,0.1,0.5,95,3,knn,8,True,True,0.128365475634391
rbf_combined,0.1,0.5,95,3,knn,8,True,True,0.11919658650165894
matcomplete,0.1,0.5,95,3,na,0,True,True,0.13695769179077605
rbf_paired,0.1,0.5,95,4,knn,8,True,True,0.13618914482070885
rbf_unpaired,0.1,0.5,95,4,knn,8,True,True,0.14061410566621338
rbf_combined,0.1,0.5,95,4,knn,8,True,True,0.1363472025981414
matcomplete,0.1,0.5,95,4,na,0,True,True,0.1465067008202312
rbf_paired,0.1,0.5,95,5,knn,8,True,True,0.1428431864556116
rbf_unpaired,0.1,0.5,95,5,knn,8,True,True,0.14292189101736028
rbf_combined,0.1,0.5,95,5,knn,8,True,True,0.13723976834519225
matcomplete,0.1,0.5,95,5,na,0,True,True,0.16169075146442133
rbf_paired,0.1,0.5,95,6,knn,8,True,True,0.13580769689234565
rbf_unpaired,0.1,0.5,95,6,knn,8,True,True,0.1354612947851775
rbf_combined,0.1,0.5,95,6,knn,8,True,True,0.12830454907648708
matcomplete,0.1,0.5,95,6,na,0,True,True,0.12727638594346832
rbf_paired,0.1,0.5,95,7,knn,8,True,True,0.1338419632223954
rbf_unpaired,0.1,0.5,95,7,knn,8,True,True,0.1342759178208284
rbf_combined,0.1,0.5,95,7,knn,8,True,True,0.12620479347746238
matcomplete,0.1,0.5,95,7,na,0,True,True,0.15269151860987284
rbf_paired,0.1,0.5,95,8,knn,8,True,True,0.1534207262210972
rbf_unpaired,0.1,0.5,95,8,knn,8,True,True,0.15318442374078003
rbf_combined,0.1,0.5,95,8,knn,8,True,True,0.1549170831089445
matcomplete,0.1,0.5,95,8,na,0,True,True,0.14817496010130773
rbf_paired,0.1,0.5,95,9,knn,8,True,True,0.13951705047151824
rbf_unpaired,0.1,0.5,95,9,knn,8,True,True,0.13981299448796272
rbf_combined,0.1,0.5,95,9,knn,8,True,True,0.1347335300370008
matcomplete,0.1,0.5,95,9,na,0,True,True,0.13754412957803483
rbf_paired,0.1,0.5,95,10,knn,8,True,True,0.13293275741610527
rbf_unpaired,0.1,0.5,95,10,knn,8,True,True,0.13572413845398315
rbf_combined,0.1,0.5,95,10,knn,8,True,True,0.1319882250157451
matcomplete,0.1,0.5,95,10,na,0,True,True,0.12293066137226612
rbf_paired,0.1,0.5,95,11,knn,8,True,True,0.12998703276131843
rbf_unpaired,0.1,0.5,95,11,knn,8,True,True,0.13106699130711133
rbf_combined,0.1,0.5,95,11,knn,8,True,True,0.12309309527055329
matcomplete,0.1,0.5,95,11,na,0,True,True,0.13393874554008117
rbf_paired,0.1,0.5,95,12,knn,8,True,True,0.13328395589589934
rbf_unpaired,0.1,0.5,95,12,knn,8,True,True,0.14006538128435664
rbf_combined,0.1,0.5,95,12,knn,8,True,True,0.12478731550447175
matcomplete,0.1,0.5,95,12,na,0,True,True,0.1430141621997649
rbf_paired,0.1,0.5,95,13,knn,8,True,True,0.13984253261091847
rbf_unpaired,0.1,0.5,95,13,knn,8,True,True,0.14013060283390216
rbf_combined,0.1,0.5,95,13,knn,8,True,True,0.13985068956519556
matcomplete,0.1,0.5,95,13,na,0,True,True,0.17697263396742474
rbf_paired,0.1,0.5,95,14,knn,8,True,True,0.12444963254126358
rbf_unpaired,0.1,0.5,95,14,knn,8,True,True,0.12705573140479812
rbf_combined,0.1,0.5,95,14,knn,8,True,True,0.11951273543828961
matcomplete,0.1,0.5,95,14,na,0,True,True,0.12200467383837993
rbf_paired,0.1,0.5,95,15,knn,8,True,True,0.13676878211201762
rbf_unpaired,0.1,0.5,95,15,knn,8,True,True,0.13769966949096876
rbf_combined,0.1,0.5,95,15,knn,8,True,True,0.13405692300700736
matcomplete,0.1,0.5,95,15,na,0,True,True,0.138111166933218
rbf_paired,0.1,0.5,95,16,knn,8,True,True,0.14284713335806326
rbf_unpaired,0.1,0.5,95,16,knn,8,True,True,0.14289143123012543
rbf_combined,0.1,0.5,95,16,knn,8,True,True,0.14749472530168592
matcomplete,0.1,0.5,95,16,na,0,True,True,0.14394658509601088
rbf_paired,0.1,0.5,95,17,knn,8,True,True,0.14170072023339358
rbf_unpaired,0.1,0.5,95,17,knn,8,True,True,0.14055912670545637
rbf_combined,0.1,0.5,95,17,knn,8,True,True,0.13910318833830645
matcomplete,0.1,0.5,95,17,na,0,True,True,0.1500849988483466
rbf_paired,0.1,0.5,95,18,knn,8,True,True,0.13566829616445053
rbf_unpaired,0.1,0.5,95,18,knn,8,True,True,0.1365961668533016
rbf_combined,0.1,0.5,95,18,knn,8,True,True,0.1313899747749992
matcomplete,0.1,0.5,95,18,na,0,True,True,0.1605561509435328
rbf_paired,0.1,0.5,95,19,knn,8,True,True,0.1497048122897386
rbf_unpaired,0.1,0.5,95,19,knn,8,True,True,0.14872285424987078
rbf_combined,0.1,0.5,95,19,knn,8,True,True,0.13941352879570285
matcomplete,0.1,0.5,95,19,na,0,True,True,0.12897628552135576
rbf_paired,0.1,1.0,95,0,knn,8,True,True,0.12884123402692751
rbf_unpaired,0.1,1.0,95,0,knn,8,True,True,0.12992031997042408
rbf_combined,0.1,1.0,95,0,knn,8,True,True,0.12794630365599716
matcomplete,0.1,1.0,95,0,na,0,True,True,0.13723637652340756
rbf_paired,0.1,1.0,95,1,knn,8,True,True,0.14370876221596043
rbf_unpaired,0.1,1.0,95,1,knn,8,True,True,0.14207704979708938
rbf_combined,0.1,1.0,95,1,knn,8,True,True,0.11751144879131036
matcomplete,0.1,1.0,95,1,na,0,True,True,0.11213835120176568
rbf_paired,0.1,1.0,95,2,knn,8,True,True,0.1236011338123814
rbf_unpaired,0.1,1.0,95,2,knn,8,True,True,0.12489417570932797
rbf_combined,0.1,1.0,95,2,knn,8,True,True,0.11602874416587158
matcomplete,0.1,1.0,95,2,na,0,True,True,0.11923100833350662
rbf_paired,0.1,1.0,95,3,knn,8,True,True,0.11691593540353361
rbf_unpaired,0.1,1.0,95,3,knn,8,True,True,0.1197405867408312
rbf_combined,0.1,1.0,95,3,knn,8,True,True,0.11032465696424439
matcomplete,0.1,1.0,95,3,na,0,True,True,0.1214065393665175
rbf_paired,0.1,1.0,95,4,knn,8,True,True,0.12353714362004586
rbf_unpaired,0.1,1.0,95,4,knn,8,True,True,0.1281314501474397
rbf_combined,0.1,1.0,95,4,knn,8,True,True,0.11860669417130515
matcomplete,0.1,1.0,95,4,na,0,True,True,0.12351267118215278
rbf_paired,0.1,1.0,95,5,knn,8,True,True,0.12932861173252633
rbf_unpaired,0.1,1.0,95,5,knn,8,True,True,0.13290581925243503
rbf_combined,0.1,1.0,95,5,knn,8,True,True,0.12494718445018504
matcomplete,0.1,1.0,95,5,na,0,True,True,0.13843187721609024
rbf_paired,0.1,1.0,95,6,knn,8,True,True,0.12938890128378078
rbf_unpaired,0.1,1.0,95,6,knn,8,True,True,0.12811669888425906
rbf_combined,0.1,1.0,95,6,knn,8,True,True,0.11914236013547772
matcomplete,0.1,1.0,95,6,na,0,True,True,0.10308983630052078
rbf_paired,0.1,1.0,95,7,knn,8,True,True,0.12679648903493645
rbf_unpaired,0.1,1.0,95,7,knn,8,True,True,0.12577748159315175
rbf_combined,0.1,1.0,95,7,knn,8,True,True,0.12624284976204547
matcomplete,0.1,1.0,95,7,na,0,True,True,0.14138114703178956
rbf_paired,0.1,1.0,95,8,knn,8,True,True,0.13428736498363286
rbf_unpaired,0.1,1.0,95,8,knn,8,True,True,0.13517305598065887
rbf_combined,0.1,1.0,95,8,knn,8,True,True,0.12944962363106688
matcomplete,0.1,1.0,95,8,na,0,True,True,0.12312731357021031
rbf_paired,0.1,1.0,95,9,knn,8,True,True,0.1341694794469386
rbf_unpaired,0.1,1.0,95,9,knn,8,True,True,0.13466271081048026
rbf_combined,0.1,1.0,95,9,knn,8,True,True,0.12954130742285622
matcomplete,0.1,1.0,95,9,na,0,True,True,0.11832316520693126
rbf_paired,0.1,1.0,95,10,knn,8,True,True,0.12062135968733781
rbf_unpaired,0.1,1.0,95,10,knn,8,True,True,0.12374493218760049
rbf_combined,0.1,1.0,95,10,knn,8,True,True,0.11559740565509868
matcomplete,0.1,1.0,95,10,na,0,True,True,0.09429393866590173
rbf_paired,0.1,1.0,95,11,knn,8,True,True,0.12679099972047161
rbf_unpaired,0.1,1.0,95,11,knn,8,True,True,0.12734948071910349
rbf_combined,0.1,1.0,95,11,knn,8,True,True,0.11763316432538452
matcomplete,0.1,1.0,95,11,na,0,True,True,0.11811230569310814
rbf_paired,0.1,1.0,95,12,knn,8,True,True,0.12315256365435726
rbf_unpaired,0.1,1.0,95,12,knn,8,True,True,0.1264611300810032
rbf_combined,0.1,1.0,95,12,knn,8,True,True,0.11517649987848425
matcomplete,0.1,1.0,95,12,na,0,True,True,0.12254587181982474
rbf_paired,0.1,1.0,95,13,knn,8,True,True,0.13114403630941665
rbf_unpaired,0.1,1.0,95,13,knn,8,True,True,0.13160327526313753
rbf_combined,0.1,1.0,95,13,knn,8,True,True,0.12844740002123287
matcomplete,0.1,1.0,95,13,na,0,True,True,0.1573763465717181
rbf_paired,0.1,1.0,95,14,knn,8,True,True,0.11770387460941689
rbf_unpaired,0.1,1.0,95,14,knn,8,True,True,0.12131948716275438
rbf_combined,0.1,1.0,95,14,knn,8,True,True,0.11164532793547127
matcomplete,0.1,1.0,95,14,na,0,True,True,0.09605043061647463
rbf_paired,0.1,1.0,95,15,knn,8,True,True,0.13029807356029396
rbf_unpaired,0.1,1.0,95,15,knn,8,True,True,0.13152285900398097
rbf_combined,0.1,1.0,95,15,knn,8,True,True,0.12732760797011433
matcomplete,0.1,1.0,95,15,na,0,True,True,0.11312945889892165
rbf_paired,0.1,1.0,95,16,knn,8,True,True,0.13281164100700157
rbf_unpaired,0.1,1.0,95,16,knn,8,True,True,0.1325440792781428
rbf_combined,0.1,1.0,95,16,knn,8,True,True,0.1361536378832028
matcomplete,0.1,1.0,95,16,na,0,True,True,0.13693385816723055
rbf_paired,0.1,1.0,95,17,knn,8,True,True,0.12621052139256653
rbf_unpaired,0.1,1.0,95,17,knn,8,True,True,0.12766338369726865
rbf_combined,0.1,1.0,95,17,knn,8,True,True,0.12166634806931043
matcomplete,0.1,1.0,95,17,na,0,True,True,0.11792260291285532
rbf_paired,0.1,1.0,95,18,knn,8,True,True,0.12546025389926496
rbf_unpaired,0.1,1.0,95,18,knn,8,True,True,0.12656446379382838
rbf_combined,0.1,1.0,95,18,knn,8,True,True,0.11791194949590736
matcomplete,0.1,1.0,95,18,na,0,True,True,0.14579896515941143
rbf_paired,0.1,1.0,95,19,knn,8,True,True,0.14108813800097061
rbf_unpaired,0.1,1.0,95,19,knn,8,True,True,0.13939819935611422
rbf_combined,0.1,1.0,95,19,knn,8,True,True,0.12414695737703949
matcomplete,0.1,1.0,95,19,na,0,True,True,0.10415030578775483
rbf_paired,0.2,0.1,95,0,knn,8,True,True,0.2110655859888371
rbf_unpaired,0.2,0.1,95,0,knn,8,True,True,0.2138326740142737
rbf_combined,0.2,0.1,95,0,knn,8,True,True,0.20220528091804915
matcomplete,0.2,0.1,95,0,na,0,True,True,0.22795522897442033
rbf_paired,0.2,0.1,95,1,knn,8,True,True,0.22055394886254906
rbf_unpaired,0.2,0.1,95,1,knn,8,True,True,0.2173966446273152
rbf_combined,0.2,0.1,95,1,knn,8,True,True,0.22439787663951913
matcomplete,0.2,0.1,95,1,na,0,True,True,0.22343923854115966
rbf_paired,0.2,0.1,95,2,knn,8,True,True,0.20286097782089224
rbf_unpaired,0.2,0.1,95,2,knn,8,True,True,0.1961843441058467
rbf_combined,0.2,0.1,95,2,knn,8,True,True,0.20749032859220873
matcomplete,0.2,0.1,95,2,na,0,True,True,0.22658117344972883
rbf_paired,0.2,0.1,95,3,knn,8,True,True,0.21086488623673033
rbf_unpaired,0.2,0.1,95,3,knn,8,True,True,0.1977240495529509
rbf_combined,0.2,0.1,95,3,knn,8,True,True,0.21810629010960458
matcomplete,0.2,0.1,95,3,na,0,True,True,0.1973069798834292
rbf_paired,0.2,0.1,95,4,knn,8,True,True,0.23075288481847783
rbf_unpaired,0.2,0.1,95,4,knn,8,True,True,0.21887549643181542
rbf_combined,0.2,0.1,95,4,knn,8,True,True,0.22111832234650333
matcomplete,0.2,0.1,95,4,na,0,True,True,0.22213798985342706
rbf_paired,0.2,0.1,95,5,knn,8,True,True,0.24171151029795698
rbf_unpaired,0.2,0.1,95,5,knn,8,True,True,0.2349078464234094
rbf_combined,0.2,0.1,95,5,knn,8,True,True,0.25729773705846
matcomplete,0.2,0.1,95,5,na,0,True,True,0.23610309741584593
rbf_paired,0.2,0.1,95,6,knn,8,True,True,0.21886196945957387
rbf_unpaired,0.2,0.1,95,6,knn,8,True,True,0.2276204822474003
rbf_combined,0.2,0.1,95,6,knn,8,True,True,0.22722183054481054
matcomplete,0.2,0.1,95,6,na,0,True,True,0.19363707603674568
rbf_paired,0.2,0.1,95,7,knn,8,True,True,0.18720459364592745
rbf_unpaired,0.2,0.1,95,7,knn,8,True,True,0.18409183010730132
rbf_combined,0.2,0.1,95,7,knn,8,True,True,0.18828276437996136
matcomplete,0.2,0.1,95,7,na,0,True,True,0.23325616265427812
rbf_paired,0.2,0.1,95,8,knn,8,True,True,0.24551775392629435
rbf_unpaired,0.2,0.1,95,8,knn,8,True,True,0.24307451020003298
rbf_combined,0.2,0.1,95,8,knn,8,True,True,0.24185828824316394
matcomplete,0.2,0.1,95,8,na,0,True,True,0.23743111229216154
rbf_paired,0.2,0.1,95,9,knn,8,True,True,0.21921601033219673
rbf_unpaired,0.2,0.1,95,9,knn,8,True,True,0.213117652445302
rbf_combined,0.2,0.1,95,9,knn,8,True,True,0.22720659704020935
matcomplete,0.2,0.1,95,9,na,0,True,True,0.21061318259694248
rbf_paired,0.2,0.1,95,10,knn,8,True,True,0.22238803755488418
rbf_unpaired,0.2,0.1,95,10,knn,8,True,True,0.21575723205400243
rbf_combined,0.2,0.1,95,10,knn,8,True,True,0.22190683111188417
matcomplete,0.2,0.1,95,10,na,0,True,True,0.2305848010371671
rbf_paired,0.2,0.1,95,11,knn,8,True,True,0.22417309060012047
rbf_unpaired,0.2,0.1,95,11,knn,8,True,True,0.22246294078340376
rbf_combined,0.2,0.1,95,11,knn,8,True,True,0.22630358249700872
matcomplete,0.2,0.1,95,11,na,0,True,True,0.22099960282287448
rbf_paired,0.2,0.1,95,12,knn,8,True,True,0.22501768386790144
rbf_unpaired,0.2,0.1,95,12,knn,8,True,True,0.21339040509824975
rbf_combined,0.2,0.1,95,12,knn,8,True,True,0.22589125338409946
matcomplete,0.2,0.1,95,12,na,0,True,True,0.21261017170113203
rbf_paired,0.2,0.1,95,13,knn,8,True,True,0.20164161081558069
rbf_unpaired,0.2,0.1,95,13,knn,8,True,True,0.19925551650145376
rbf_combined,0.2,0.1,95,13,knn,8,True,True,0.21431082794322598
matcomplete,0.2,0.1,95,13,na,0,True,True,0.20963697960280003
rbf_paired,0.2,0.1,95,14,knn,8,True,True,0.21205296951637867
rbf_unpaired,0.2,0.1,95,14,knn,8,True,True,0.2013708681499262
rbf_combined,0.2,0.1,95,14,knn,8,True,True,0.21305330452537172
matcomplete,0.2,0.1,95,14,na,0,True,True,0.18491832532103503
rbf_paired,0.2,0.1,95,15,knn,8,True,True,0.22349116869871782
rbf_unpaired,0.2,0.1,95,15,knn,8,True,True,0.21523636624525697
rbf_combined,0.2,0.1,95,15,knn,8,True,True,0.228392480969147
matcomplete,0.2,0.1,95,15,na,0,True,True,0.21465719667106553
rbf_paired,0.2,0.1,95,16,knn,8,True,True,0.20871400170464577
rbf_unpaired,0.2,0.1,95,16,knn,8,True,True,0.20289272105398357
rbf_combined,0.2,0.1,95,16,knn,8,True,True,0.22231173675613358
matcomplete,0.2,0.1,95,16,na,0,True,True,0.22859423662043524
rbf_paired,0.2,0.1,95,17,knn,8,True,True,0.19567460133936498
rbf_unpaired,0.2,0.1,95,17,knn,8,True,True,0.19447461681660516
rbf_combined,0.2,0.1,95,17,knn,8,True,True,0.20071357207769433
matcomplete,0.2,0.1,95,17,na,0,True,True,0.19761643633670897
rbf_paired,0.2,0.1,95,18,knn,8,True,True,0.22037292691050497
rbf_unpaired,0.2,0.1,95,18,knn,8,True,True,0.21836942886432945
rbf_combined,0.2,0.1,95,18,knn,8,True,True,0.20831684299461642
matcomplete,0.2,0.1,95,18,na,0,True,True,0.2065907368432729
rbf_paired,0.2,0.1,95,19,knn,8,True,True,0.2177169481484197
rbf_unpaired,0.2,0.1,95,19,knn,8,True,True,0.21466129769212086
rbf_combined,0.2,0.1,95,19,knn,8,True,True,0.21969505283354138
matcomplete,0.2,0.1,95,19,na,0,True,True,0.20313639150548873
rbf_paired,0.2,0.3,95,0,knn,8,True,True,0.14041014156865128
rbf_unpaired,0.2,0.3,95,0,knn,8,True,True,0.14472019616041512
rbf_combined,0.2,0.3,95,0,knn,8,True,True,0.12748941949650583
matcomplete,0.2,0.3,95,0,na,0,True,True,0.13821922292640493
rbf_paired,0.2,0.3,95,1,knn,8,True,True,0.16459515128375607
rbf_unpaired,0.2,0.3,95,1,knn,8,True,True,0.16265204236871086
rbf_combined,0.2,0.3,95,1,knn,8,True,True,0.15265662189429283
matcomplete,0.2,0.3,95,1,na,0,True,True,0.1584801483884073
rbf_paired,0.2,0.3,95,2,knn,8,True,True,0.11683126128422554
rbf_unpaired,0.2,0.3,95,2,knn,8,True,True,0.11970363445088987
rbf_combined,0.2,0.3,95,2,knn,8,True,True,0.11532030933511356
matcomplete,0.2,0.3,95,2,na,0,True,True,0.1274832861966349
rbf_paired,0.2,0.3,95,3,knn,8,True,True,0.1398143784742424
rbf_unpaired,0.2,0.3,95,3,knn,8,True,True,0.13732041557638028
rbf_combined,0.2,0.3,95,3,knn,8,True,True,0.1347434665138343
matcomplete,0.2,0.3,95,3,na,0,True,True,0.14442449159661494
rbf_paired,0.2,0.3,95,4,knn,8,True,True,0.14553452213302343
rbf_unpaired,0.2,0.3,95,4,knn,8,True,True,0.14215074900353433
rbf_combined,0.2,0.3,95,4,knn,8,True,True,0.13621772756968614
matcomplete,0.2,0.3,95,4,na,0,True,True,0.14030784790826226
rbf_paired,0.2,0.3,95,5,knn,8,True,True,0.13612885999007668
rbf_unpaired,0.2,0.3,95,5,knn,8,True,True,0.13871798209963757
rbf_combined,0.2,0.3,95,5,knn,8,True,True,0.14317579527264923
matcomplete,0.2,0.3,95,5,na,0,True,True,0.15388947528323793
rbf_paired,0.2,0.3,95,6,knn,8,True,True,0.13351358103863595
rbf_unpaired,0.2,0.3,95,6,knn,8,True,True,0.14252698992175997
rbf_combined,0.2,0.3,95,6,knn,8,True,True,0.12711124032908838
matcomplete,0.2,0.3,95,6,na,0,True,True,0.13834238453210249
rbf_paired,0.2,0.3,95,7,knn,8,True,True,0.1339011005124175
rbf_unpaired,0.2,0.3,95,7,knn,8,True,True,0.1339971082377252
rbf_combined,0.2,0.3,95,7,knn,8,True,True,0.12941095013154158
matcomplete,0.2,0.3,95,7,na,0,True,True,0.17070106079485964
rbf_paired,0.2,0.3,95,8,knn,8,True,True,0.15315242729499062
rbf_unpaired,0.2,0.3,95,8,knn,8,True,True,0.15582029011314863
rbf_combined,0.2,0.3,95,8,knn,8,True,True,0.15005130030228583
matcomplete,0.2,0.3,95,8,na,0,True,True,0.14868194446686692
rbf_paired,0.2,0.3,95,9,knn,8,True,True,0.13209981346653588
rbf_unpaired,0.2,0.3,95,9,knn,8,True,True,0.13177292317391515
rbf_combined,0.2,0.3,95,9,knn,8,True,True,0.13230624718491263
matcomplete,0.2,0.3,95,9,na,0,True,True,0.1554380882047472
rbf_paired,0.2,0.3,95,10,knn,8,True,True,0.1447814859263671
rbf_unpaired,0.2,0.3,95,10,knn,8,True,True,0.14272661315922425
rbf_combined,0.2,0.3,95,10,knn,8,True,True,0.12683371734147006
matcomplete,0.2,0.3,95,10,na,0,True,True,0.14901838093665112
rbf_paired,0.2,0.3,95,11,knn,8,True,True,0.12287086151759408
rbf_unpaired,0.2,0.3,95,11,knn,8,True,True,0.12292294018101084
rbf_combined,0.2,0.3,95,11,knn,8,True,True,0.11965197283846567
matcomplete,0.2,0.3,95,11,na,0,True,True,0.1442382452386715
rbf_paired,0.2,0.3,95,12,knn,8,True,True,0.13734459337831098
rbf_unpaired,0.2,0.3,95,12,knn,8,True,True,0.1270318689788952
rbf_combined,0.2,0.3,95,12,knn,8,True,True,0.13182400101853606
matcomplete,0.2,0.3,95,12,na,0,True,True,0.14367168769902808
rbf_paired,0.2,0.3,95,13,knn,8,True,True,0.15942682697340696
rbf_unpaired,0.2,0.3,95,13,knn,8,True,True,0.1638081461429479
rbf_combined,0.2,0.3,95,13,knn,8,True,True,0.13662399130417993
matcomplete,0.2,0.3,95,13,na,0,True,True,0.1299044678201082
rbf_paired,0.2,0.3,95,14,knn,8,True,True,0.13754906179508167
rbf_unpaired,0.2,0.3,95,14,knn,8,True,True,0.13198496199038778
rbf_combined,0.2,0.3,95,14,knn,8,True,True,0.13576082997523797
matcomplete,0.2,0.3,95,14,na,0,True,True,0.11305951682916612
rbf_paired,0.2,0.3,95,15,knn,8,True,True,0.12541363198199226
rbf_unpaired,0.2,0.3,95,15,knn,8,True,True,0.133700774388583
rbf_combined,0.2,0.3,95,15,knn,8,True,True,0.12273416668344833
matcomplete,0.2,0.3,95,15,na,0,True,True,0.15254188234580293
rbf_paired,0.2,0.3,95,16,knn,8,True,True,0.12603482978402292
rbf_unpaired,0.2,0.3,95,16,knn,8,True,True,0.12577930633469292
rbf_combined,0.2,0.3,95,16,knn,8,True,True,0.14118117985582138
matcomplete,0.2,0.3,95,16,na,0,True,True,0.1404439074781925
rbf_paired,0.2,0.3,95,17,knn,8,True,True,0.13065082426207095
rbf_unpaired,0.2,0.3,95,17,knn,8,True,True,0.13039011430398625
rbf_combined,0.2,0.3,95,17,knn,8,True,True,0.1206294187751993
matcomplete,0.2,0.3,95,17,na,0,True,True,0.11874941536222892
rbf_paired,0.2,0.3,95,18,knn,8,True,True,0.14685213228366012
rbf_unpaired,0.2,0.3,95,18,knn,8,True,True,0.14885966672047288
rbf_combined,0.2,0.3,95,18,knn,8,True,True,0.14821689977709518
matcomplete,0.2,0.3,95,18,na,0,True,True,0.14094021848564706
rbf_paired,0.2,0.3,95,19,knn,8,True,True,0.14303539033695198
rbf_unpaired,0.2,0.3,95,19,knn,8,True,True,0.13914882654665686
rbf_combined,0.2,0.3,95,19,knn,8,True,True,0.14898499456466924
matcomplete,0.2,0.3,95,19,na,0,True,True,0.13829420896794595
rbf_paired,0.2,0.5,95,0,knn,8,True,True,0.12808405871743575
rbf_unpaired,0.2,0.5,95,0,knn,8,True,True,0.13353363024243428
rbf_combined,0.2,0.5,95,0,knn,8,True,True,0.11151725057446198
matcomplete,0.2,0.5,95,0,na,0,True,True,0.11882998535111888
rbf_paired,0.2,0.5,95,1,knn,8,True,True,0.1504902794836328
rbf_unpaired,0.2,0.5,95,1,knn,8,True,True,0.15796951322718908
rbf_combined,0.2,0.5,95,1,knn,8,True,True,0.13686723876106552
matcomplete,0.2,0.5,95,1,na,0,True,True,0.13453364896059739
rbf_paired,0.2,0.5,95,2,knn,8,True,True,0.11341163593230866
rbf_unpaired,0.2,0.5,95,2,knn,8,True,True,0.11578825345004641
rbf_combined,0.2,0.5,95,2,knn,8,True,True,0.11133450175982874
matcomplete,0.2,0.5,95,2,na,0,True,True,0.12305557573174414
rbf_paired,0.2,0.5,95,3,knn,8,True,True,0.12363720741809761
rbf_unpaired,0.2,0.5,95,3,knn,8,True,True,0.11909343412642555
rbf_combined,0.2,0.5,95,3,knn,8,True,True,0.10456132880317781
matcomplete,0.2,0.5,95,3,na,0,True,True,0.12661416055821492
rbf_paired,0.2,0.5,95,4,knn,8,True,True,0.12445322412304458
rbf_unpaired,0.2,0.5,95,4,knn,8,True,True,0.12551980901972776
rbf_combined,0.2,0.5,95,4,knn,8,True,True,0.11744571155939047
matcomplete,0.2,0.5,95,4,na,0,True,True,0.12785220940267447
rbf_paired,0.2,0.5,95,5,knn,8,True,True,0.11632439243138794
rbf_unpaired,0.2,0.5,95,5,knn,8,True,True,0.12093645732230075
rbf_combined,0.2,0.5,95,5,knn,8,True,True,0.12080056063141283
matcomplete,0.2,0.5,95,5,na,0,True,True,0.13902136522890615
rbf_paired,0.2,0.5,95,6,knn,8,True,True,0.12054913671613794
rbf_unpaired,0.2,0.5,95,6,knn,8,True,True,0.12568612156502515
rbf_combined,0.2,0.5,95,6,knn,8,True,True,0.11579108135849156
matcomplete,0.2,0.5,95,6,na,0,True,True,0.1255834750624307
rbf_paired,0.2,0.5,95,7,knn,8,True,True,0.1137624099986832
rbf_unpaired,0.2,0.5,95,7,knn,8,True,True,0.10928954671238442
rbf_combined,0.2,0.5,95,7,knn,8,True,True,0.10800443429343434
matcomplete,0.2,0.5,95,7,na,0,True,True,0.13354336946973794
rbf_paired,0.2,0.5,95,8,knn,8,True,True,0.12659281376972384
rbf_unpaired,0.2,0.5,95,8,knn,8,True,True,0.13063061027050366
rbf_combined,0.2,0.5,95,8,knn,8,True,True,0.1252363422124449
matcomplete,0.2,0.5,95,8,na,0,True,True,0.1189831981718369
rbf_paired,0.2,0.5,95,9,knn,8,True,True,0.11435356756664088
rbf_unpaired,0.2,0.5,95,9,knn,8,True,True,0.1132812903589781
rbf_combined,0.2,0.5,95,9,knn,8,True,True,0.11321992110800486
matcomplete,0.2,0.5,95,9,na,0,True,True,0.12882037759500642
rbf_paired,0.2,0.5,95,10,knn,8,True,True,0.13273662605638786
rbf_unpaired,0.2,0.5,95,10,knn,8,True,True,0.13191797406452266
rbf_combined,0.2,0.5,95,10,knn,8,True,True,0.11381687410734255
matcomplete,0.2,0.5,95,10,na,0,True,True,0.1196238173828312
rbf_paired,0.2,0.5,95,11,knn,8,True,True,0.10800267814186051
rbf_unpaired,0.2,0.5,95,11,knn,8,True,True,0.10991456762650988
rbf_combined,0.2,0.5,95,11,knn,8,True,True,0.10607139028883994
matcomplete,0.2,0.5,95,11,na,0,True,True,0.11791423459698823
rbf_paired,0.2,0.5,95,12,knn,8,True,True,0.13090680179549996
rbf_unpaired,0.2,0.5,95,12,knn,8,True,True,0.11704527082274123
rbf_combined,0.2,0.5,95,12,knn,8,True,True,0.11393350747386904
matcomplete,0.2,0.5,95,12,na,0,True,True,0.12556372802868043
rbf_paired,0.2,0.5,95,13,knn,8,True,True,0.13972074474187787
rbf_unpaired,0.2,0.5,95,13,knn,8,True,True,0.14295266179183627
rbf_combined,0.2,0.5,95,13,knn,8,True,True,0.11649040140215604
matcomplete,0.2,0.5,95,13,na,0,True,True,0.11007762944474575
rbf_paired,0.2,0.5,95,14,knn,8,True,True,0.11832910184929604
rbf_unpaired,0.2,0.5,95,14,knn,8,True,True,0.11466970036688709
rbf_combined,0.2,0.5,95,14,knn,8,True,True,0.11922293491166479
matcomplete,0.2,0.5,95,14,na,0,True,True,0.10510871507193628
rbf_paired,0.2,0.5,95,15,knn,8,True,True,0.12469950458378985
rbf_unpaired,0.2,0.5,95,15,knn,8,True,True,0.1279454759391684
rbf_combined,0.2,0.5,95,15,knn,8,True,True,0.11910659512299211
matcomplete,0.2,0.5,95,15,na,0,True,True,0.13186186054776605
rbf_paired,0.2,0.5,95,16,knn,8,True,True,0.1199635609764952
rbf_unpaired,0.2,0.5,95,16,knn,8,True,True,0.12205786348345102
rbf_combined,0.2,0.5,95,16,knn,8,True,True,0.12409297907275813
matcomplete,0.2,0.5,95,16,na,0,True,True,0.12038537265484775
rbf_paired,0.2,0.5,95,17,knn,8,True,True,0.11752391262455168
rbf_unpaired,0.2,0.5,95,17,knn,8,True,True,0.1156497218673697
rbf_combined,0.2,0.5,95,17,knn,8,True,True,0.11469235272275682
matcomplete,0.2,0.5,95,17,na,0,True,True,0.1073030595907246
rbf_paired,0.2,0.5,95,18,knn,8,True,True,0.12474936823070999
rbf_unpaired,0.2,0.5,95,18,knn,8,True,True,0.12230824515270368
rbf_combined,0.2,0.5,95,18,knn,8,True,True,0.11704052553710623
matcomplete,0.2,0.5,95,18,na,0,True,True,0.13342960474914564
rbf_paired,0.2,0.5,95,19,knn,8,True,True,0.12916954155534757
rbf_unpaired,0.2,0.5,95,19,knn,8,True,True,0.13115716835918395
rbf_combined,0.2,0.5,95,19,knn,8,True,True,0.1312697413694951
matcomplete,0.2,0.5,95,19,na,0,True,True,0.12787662613306006
rbf_paired,0.2,1.0,95,0,knn,8,True,True,0.11449682701979548
rbf_unpaired,0.2,1.0,95,0,knn,8,True,True,0.12073420318271229
rbf_combined,0.2,1.0,95,0,knn,8,True,True,0.09020879319268126
matcomplete,0.2,1.0,95,0,na,0,True,True,0.10683765893944734
rbf_paired,0.2,1.0,95,1,knn,8,True,True,0.11985671204771918
rbf_unpaired,0.2,1.0,95,1,knn,8,True,True,0.1328191896283349
rbf_combined,0.2,1.0,95,1,knn,8,True,True,0.11177640620898255
matcomplete,0.2,1.0,95,1,na,0,True,True,0.1060542701193007
rbf_paired,0.2,1.0,95,2,knn,8,True,True,0.105556214003651
rbf_unpaired,0.2,1.0,95,2,knn,8,True,True,0.10854811304521915
rbf_combined,0.2,1.0,95,2,knn,8,True,True,0.10302837804853675
matcomplete,0.2,1.0,95,2,na,0,True,True,0.10830512812834166
rbf_paired,0.2,1.0,95,3,knn,8,True,True,0.10256806226087799
rbf_unpaired,0.2,1.0,95,3,knn,8,True,True,0.10166720760811956
rbf_combined,0.2,1.0,95,3,knn,8,True,True,0.09119191136059596
matcomplete,0.2,1.0,95,3,na,0,True,True,0.1080998476918533
rbf_paired,0.2,1.0,95,4,knn,8,True,True,0.11149684909703854
rbf_unpaired,0.2,1.0,95,4,knn,8,True,True,0.1116096055742001
rbf_combined,0.2,1.0,95,4,knn,8,True,True,0.10101136631486411
matcomplete,0.2,1.0,95,4,na,0,True,True,0.11422971776947502
rbf_paired,0.2,1.0,95,5,knn,8,True,True,0.10765532910704168
rbf_unpaired,0.2,1.0,95,5,knn,8,True,True,0.11308534482656261
rbf_combined,0.2,1.0,95,5,knn,8,True,True,0.11169916251302155
matcomplete,0.2,1.0,95,5,na,0,True,True,0.11989750445580732
rbf_paired,0.2,1.0,95,6,knn,8,True,True,0.11242614859889553
rbf_unpaired,0.2,1.0,95,6,knn,8,True,True,0.11166640041815598
rbf_combined,0.2,1.0,95,6,knn,8,True,True,0.1066112839795718
matcomplete,0.2,1.0,95,6,na,0,True,True,0.11502266159580143
rbf_paired,0.2,1.0,95,7,knn,8,True,True,0.10417939814767462
rbf_unpaired,0.2,1.0,95,7,knn,8,True,True,0.10253505940680682
rbf_combined,0.2,1.0,95,7,knn,8,True,True,0.09673880975427698
matcomplete,0.2,1.0,95,7,na,0,True,True,0.11383640413663113
rbf_paired,0.2,1.0,95,8,knn,8,True,True,0.11665268511845275
rbf_unpaired,0.2,1.0,95,8,knn,8,True,True,0.1204801784455016
rbf_combined,0.2,1.0,95,8,knn,8,True,True,0.11175159650767838
matcomplete,0.2,1.0,95,8,na,0,True,True,0.10680755080287446
rbf_paired,0.2,1.0,95,9,knn,8,True,True,0.10290414816030838
rbf_unpaired,0.2,1.0,95,9,knn,8,True,True,0.10103859931696768
rbf_combined,0.2,1.0,95,9,knn,8,True,True,0.10037911713570871
matcomplete,0.2,1.0,95,9,na,0,True,True,0.10782258748958054
rbf_paired,0.2,1.0,95,10,knn,8,True,True,0.12202874878942489
rbf_unpaired,0.2,1.0,95,10,knn,8,True,True,0.12331197402167471
rbf_combined,0.2,1.0,95,10,knn,8,True,True,0.10395812950678494
matcomplete,0.2,1.0,95,10,na,0,True,True,0.1179425663364168
rbf_paired,0.2,1.0,95,11,knn,8,True,True,0.09774187103436333
rbf_unpaired,0.2,1.0,95,11,knn,8,True,True,0.09805056127799207
rbf_combined,0.2,1.0,95,11,knn,8,True,True,0.09499085883366984
matcomplete,0.2,1.0,95,11,na,0,True,True,0.10045272659067271
rbf_paired,0.2,1.0,95,12,knn,8,True,True,0.10531898430025512
rbf_unpaired,0.2,1.0,95,12,knn,8,True,True,0.10416024390772288
rbf_combined,0.2,1.0,95,12,knn,8,True,True,0.10042796445166426
matcomplete,0.2,1.0,95,12,na,0,True,True,0.10156980517018746
rbf_paired,0.2,1.0,95,13,knn,8,True,True,0.12755598532255052
rbf_unpaired,0.2,1.0,95,13,knn,8,True,True,0.1294722564541363
rbf_combined,0.2,1.0,95,13,knn,8,True,True,0.11364911044361528
matcomplete,0.2,1.0,95,13,na,0,True,True,0.10564993396595432
rbf_paired,0.2,1.0,95,14,knn,8,True,True,0.10691914039135095
rbf_unpaired,0.2,1.0,95,14,knn,8,True,True,0.1111010961524968
rbf_combined,0.2,1.0,95,14,knn,8,True,True,0.10230495078787918
matcomplete,0.2,1.0,95,14,na,0,True,True,0.09293081181533937
rbf_paired,0.2,1.0,95,15,knn,8,True,True,0.1074164924087173
rbf_unpaired,0.2,1.0,95,15,knn,8,True,True,0.11082266889269184
rbf_combined,0.2,1.0,95,15,knn,8,True,True,0.10746375797979477
matcomplete,0.2,1.0,95,15,na,0,True,True,0.10836910886685629
rbf_paired,0.2,1.0,95,16,knn,8,True,True,0.12008876149985068
rbf_unpaired,0.2,1.0,95,16,knn,8,True,True,0.12009113090995006
rbf_combined,0.2,1.0,95,16,knn,8,True,True,0.11542625500520085
matcomplete,0.2,1.0,95,16,na,0,True,True,0.11350480725591036
rbf_paired,0.2,1.0,95,17,knn,8,True,True,0.10845827280902809
rbf_unpaired,0.2,1.0,95,17,knn,8,True,True,0.10842654312668813
rbf_combined,0.2,1.0,95,17,knn,8,True,True,0.10309254087362588
matcomplete,0.2,1.0,95,17,na,0,True,True,0.09631485884326717
rbf_paired,0.2,1.0,95,18,knn,8,True,True,0.10430441789178277
rbf_unpaired,0.2,1.0,95,18,knn,8,True,True,0.10462226734833768
rbf_combined,0.2,1.0,95,18,knn,8,True,True,0.09869182939371281
matcomplete,0.2,1.0,95,18,na,0,True,True,0.12423059148144791
rbf_paired,0.2,1.0,95,19,knn,8,True,True,0.12071987894266788
rbf_unpaired,0.2,1.0,95,19,knn,8,True,True,0.12602597701519436
rbf_combined,0.2,1.0,95,19,knn,8,True,True,0.10824774356889749
matcomplete,0.2,1.0,95,19,na,0,True,True,0.11141889150909416
rbf_paired,0.3,0.1,95,0,knn,8,True,True,0.18973251689025453
rbf_unpaired,0.3,0.1,95,0,knn,8,True,True,0.20161020210344324
rbf_combined,0.3,0.1,95,0,knn,8,True,True,0.1777398243806859
matcomplete,0.3,0.1,95,0,na,0,True,True,0.21725656313363018
rbf_paired,0.3,0.1,95,1,knn,8,True,True,0.22593737718475063
rbf_unpaired,0.3,0.1,95,1,knn,8,True,True,0.24260017269995304
rbf_combined,0.3,0.1,95,1,knn,8,True,True,0.2172087774099991
matcomplete,0.3,0.1,95,1,na,0,True,True,0.21848591104471593
rbf_paired,0.3,0.1,95,2,knn,8,True,True,0.21908271267467472
rbf_unpaired,0.3,0.1,95,2,knn,8,True,True,0.2145358313355413
rbf_combined,0.3,0.1,95,2,knn,8,True,True,0.2248663689111144
matcomplete,0.3,0.1,95,2,na,0,True,True,0.20760382145352974
rbf_paired,0.3,0.1,95,3,knn,8,True,True,0.19441651637660878
rbf_unpaired,0.3,0.1,95,3,knn,8,True,True,0.1786096194290262
rbf_combined,0.3,0.1,95,3,knn,8,True,True,0.18183773945912832
matcomplete,0.3,0.1,95,3,na,0,True,True,0.17144113931893648
rbf_paired,0.3,0.1,95,4,knn,8,True,True,0.20787634021725881
rbf_unpaired,0.3,0.1,95,4,knn,8,True,True,0.20511590692532788
rbf_combined,0.3,0.1,95,4,knn,8,True,True,0.1929623234841383
matcomplete,0.3,0.1,95,4,na,0,True,True,0.2155113686463725
rbf_paired,0.3,0.1,95,5,knn,8,True,True,0.21881510011996563
rbf_unpaired,0.3,0.1,95,5,knn,8,True,True,0.21325654653560056
rbf_combined,0.3,0.1,95,5,knn,8,True,True,0.2199878567242303
matcomplete,0.3,0.1,95,5,na,0,True,True,0.20963709521124874
rbf_paired,0.3,0.1,95,6,knn,8,True,True,0.20970972291978382
rbf_unpaired,0.3,0.1,95,6,knn,8,True,True,0.19566740967588064
rbf_combined,0.3,0.1,95,6,knn,8,True,True,0.19925058647320204
matcomplete,0.3,0.1,95,6,na,0,True,True,0.20863363610002783
rbf_paired,0.3,0.1,95,7,knn,8,True,True,0.2228588865000627
rbf_unpaired,0.3,0.1,95,7,knn,8,True,True,0.23359342251658188
rbf_combined,0.3,0.1,95,7,knn,8,True,True,0.23566322555788183
matcomplete,0.3,0.1,95,7,na,0,True,True,0.26383974544116995
rbf_paired,0.3,0.1,95,8,knn,8,True,True,0.23490797317298115
rbf_unpaired,0.3,0.1,95,8,knn,8,True,True,0.22183393868501686
rbf_combined,0.3,0.1,95,8,knn,8,True,True,0.22795943174062797
matcomplete,0.3,0.1,95,8,na,0,True,True,0.2104093211310769
rbf_paired,0.3,0.1,95,9,knn,8,True,True,0.19188511875116407
rbf_unpaired,0.3,0.1,95,9,knn,8,True,True,0.19048245090182278
rbf_combined,0.3,0.1,95,9,knn,8,True,True,0.18995015887983185
matcomplete,0.3,0.1,95,9,na,0,True,True,0.17927231345527347
rbf_paired,0.3,0.1,95,10,knn,8,True,True,0.245638215159458
rbf_unpaired,0.3,0.1,95,10,knn,8,True,True,0.24444539024685102
rbf_combined,0.3,0.1,95,10,knn,8,True,True,0.24443629373417555
matcomplete,0.3,0.1,95,10,na,0,True,True,0.20210055412274672
rbf_paired,0.3,0.1,95,11,knn,8,True,True,0.1968492891282391
rbf_unpaired,0.3,0.1,95,11,knn,8,True,True,0.19435857341362572
rbf_combined,0.3,0.1,95,11,knn,8,True,True,0.2037043455175688
matcomplete,0.3,0.1,95,11,na,0,True,True,0.18858518344904318
rbf_paired,0.3,0.1,95,12,knn,8,True,True,0.2019329180929539
rbf_unpaired,0.3,0.1,95,12,knn,8,True,True,0.20971392778586193
rbf_combined,0.3,0.1,95,12,knn,8,True,True,0.21456779321211922
matcomplete,0.3,0.1,95,12,na,0,True,True,0.20686205983113493
rbf_paired,0.3,0.1,95,13,knn,8,True,True,0.22000784030225518
rbf_unpaired,0.3,0.1,95,13,knn,8,True,True,0.22478951489365542
rbf_combined,0.3,0.1,95,13,knn,8,True,True,0.217131999993397
matcomplete,0.3,0.1,95,13,na,0,True,True,0.19340007230006795
rbf_paired,0.3,0.1,95,14,knn,8,True,True,0.20551954220624952
rbf_unpaired,0.3,0.1,95,14,knn,8,True,True,0.20674471344977868
rbf_combined,0.3,0.1,95,14,knn,8,True,True,0.2185680186763459
matcomplete,0.3,0.1,95,14,na,0,True,True,0.21146390254590977
rbf_paired,0.3,0.1,95,15,knn,8,True,True,0.2045487651505204
rbf_unpaired,0.3,0.1,95,15,knn,8,True,True,0.20147923871093812
rbf_combined,0.3,0.1,95,15,knn,8,True,True,0.20130636078402603
matcomplete,0.3,0.1,95,15,na,0,True,True,0.19772442584835995
rbf_paired,0.3,0.1,95,16,knn,8,True,True,0.21727730755608946
rbf_unpaired,0.3,0.1,95,16,knn,8,True,True,0.21095627116729496
rbf_combined,0.3,0.1,95,16,knn,8,True,True,0.20837554957868626
matcomplete,0.3,0.1,95,16,na,0,True,True,0.16707943869765565
rbf_paired,0.3,0.1,95,17,knn,8,True,True,0.20654692561350357
rbf_unpaired,0.3,0.1,95,17,knn,8,True,True,0.2056210028238366
rbf_combined,0.3,0.1,95,17,knn,8,True,True,0.1964054149715482
matcomplete,0.3,0.1,95,17,na,0,True,True,0.1910145173687931
rbf_paired,0.3,0.1,95,18,knn,8,True,True,0.2115442993639106
rbf_unpaired,0.3,0.1,95,18,knn,8,True,True,0.21305959500835092
rbf_combined,0.3,0.1,95,18,knn,8,True,True,0.20567938110077302
matcomplete,0.3,0.1,95,18,na,0,True,True,0.2137475649300862
rbf_paired,0.3,0.1,95,19,knn,8,True,True,0.23244522696723652
rbf_unpaired,0.3,0.1,95,19,knn,8,True,True,0.22899412906226024
rbf_combined,0.3,0.1,95,19,knn,8,True,True,0.2181483128009629
matcomplete,0.3,0.1,95,19,na,0,True,True,0.20015546657632635
rbf_paired,0.3,0.3,95,0,knn,8,True,True,0.1552406297398783
rbf_unpaired,0.3,0.3,95,0,knn,8,True,True,0.1689252123273326
rbf_combined,0.3,0.3,95,0,knn,8,True,True,0.12709775446539281
matcomplete,0.3,0.3,95,0,na,0,True,True,0.15613243150458697
rbf_paired,0.3,0.3,95,1,knn,8,True,True,0.14334826795597058
rbf_unpaired,0.3,0.3,95,1,knn,8,True,True,0.15271746427430732
rbf_combined,0.3,0.3,95,1,knn,8,True,True,0.12012338328434444
matcomplete,0.3,0.3,95,1,na,0,True,True,0.1311256236417506
rbf_paired,0.3,0.3,95,2,knn,8,True,True,0.14153487507334095
rbf_unpaired,0.3,0.3,95,2,knn,8,True,True,0.13665028550497557
rbf_combined,0.3,0.3,95,2,knn,8,True,True,0.12954425759174573
matcomplete,0.3,0.3,95,2,na,0,True,True,0.14223645711943206
rbf_paired,0.3,0.3,95,3,knn,8,True,True,0.12004515361225039
rbf_unpaired,0.3,0.3,95,3,knn,8,True,True,0.11945856759418756
rbf_combined,0.3,0.3,95,3,knn,8,True,True,0.11915406043676208
matcomplete,0.3,0.3,95,3,na,0,True,True,0.12433853097687547
rbf_paired,0.3,0.3,95,4,knn,8,True,True,0.12902645401568008
rbf_unpaired,0.3,0.3,95,4,knn,8,True,True,0.1439234124068353
rbf_combined,0.3,0.3,95,4,knn,8,True,True,0.12467637499186653
matcomplete,0.3,0.3,95,4,na,0,True,True,0.135344629076874
rbf_paired,0.3,0.3,95,5,knn,8,True,True,0.12549306733437404
rbf_unpaired,0.3,0.3,95,5,knn,8,True,True,0.12333131592233688
rbf_combined,0.3,0.3,95,5,knn,8,True,True,0.12448088451284152
matcomplete,0.3,0.3,95,5,na,0,True,True,0.11776248850125559
rbf_paired,0.3,0.3,95,6,knn,8,True,True,0.13823790258190077
rbf_unpaired,0.3,0.3,95,6,knn,8,True,True,0.13022211119850183
rbf_combined,0.3,0.3,95,6,knn,8,True,True,0.12063520358746652
matcomplete,0.3,0.3,95,6,na,0,True,True,0.12612450877696518
rbf_paired,0.3,0.3,95,7,knn,8,True,True,0.1269154949082061
rbf_unpaired,0.3,0.3,95,7,knn,8,True,True,0.13276646346996931
rbf_combined,0.3,0.3,95,7,knn,8,True,True,0.12222323562075237
matcomplete,0.3,0.3,95,7,na,0,True,True,0.16576415596555447
rbf_paired,0.3,0.3,95,8,knn,8,True,True,0.13639582980606196
rbf_unpaired,0.3,0.3,95,8,knn,8,True,True,0.1417093567345232
rbf_combined,0.3,0.3,95,8,knn,8,True,True,0.13264706339363702
matcomplete,0.3,0.3,95,8,na,0,True,True,0.128018908131744
rbf_paired,0.3,0.3,95,9,knn,8,True,True,0.12766846267913082
rbf_unpaired,0.3,0.3,95,9,knn,8,True,True,0.12813285423575255
rbf_combined,0.3,0.3,95,9,knn,8,True,True,0.1277283072819797
matcomplete,0.3,0.3,95,9,na,0,True,True,0.1273089861201595
rbf_paired,0.3,0.3,95,10,knn,8,True,True,0.15917544945120118
rbf_unpaired,0.3,0.3,95,10,knn,8,True,True,0.15641785315084283
rbf_combined,0.3,0.3,95,10,knn,8,True,True,0.14214644520952724
matcomplete,0.3,0.3,95,10,na,0,True,True,0.125529931938814
rbf_paired,0.3,0.3,95,11,knn,8,True,True,0.1514564828788366
rbf_unpaired,0.3,0.3,95,11,knn,8,True,True,0.15628657304373178
rbf_combined,0.3,0.3,95,11,knn,8,True,True,0.13552242846278512
matcomplete,0.3,0.3,95,11,na,0,True,True,0.13499345319046493
rbf_paired,0.3,0.3,95,12,knn,8,True,True,0.15430521135698952
rbf_unpaired,0.3,0.3,95,12,knn,8,True,True,0.14009720508496137
rbf_combined,0.3,0.3,95,12,knn,8,True,True,0.13691015076532573
matcomplete,0.3,0.3,95,12,na,0,True,True,0.15458107550236677
rbf_paired,0.3,0.3,95,13,knn,8,True,True,0.15847158862761415
rbf_unpaired,0.3,0.3,95,13,knn,8,True,True,0.1660008374727076
rbf_combined,0.3,0.3,95,13,knn,8,True,True,0.16172613524941515
matcomplete,0.3,0.3,95,13,na,0,True,True,0.12336431598270577
rbf_paired,0.3,0.3,95,14,knn,8,True,True,0.14907459964406314
rbf_unpaired,0.3,0.3,95,14,knn,8,True,True,0.152174426030779
rbf_combined,0.3,0.3,95,14,knn,8,True,True,0.14105934630003658
matcomplete,0.3,0.3,95,14,na,0,True,True,0.12511285940918712
rbf_paired,0.3,0.3,95,15,knn,8,True,True,0.12714842211782376
rbf_unpaired,0.3,0.3,95,15,knn,8,True,True,0.1351117590497943
rbf_combined,0.3,0.3,95,15,knn,8,True,True,0.12336582410352727
matcomplete,0.3,0.3,95,15,na,0,True,True,0.1313041496496158
rbf_paired,0.3,0.3,95,16,knn,8,True,True,0.13374135465284293
rbf_unpaired,0.3,0.3,95,16,knn,8,True,True,0.13332696825692486
rbf_combined,0.3,0.3,95,16,knn,8,True,True,0.12499224311789525
matcomplete,0.3,0.3,95,16,na,0,True,True,0.10980661676646344
rbf_paired,0.3,0.3,95,17,knn,8,True,True,0.12625202735687355
rbf_unpaired,0.3,0.3,95,17,knn,8,True,True,0.1283587723189783
rbf_combined,0.3,0.3,95,17,knn,8,True,True,0.11574527304744735
matcomplete,0.3,0.3,95,17,na,0,True,True,0.10892963429102784
rbf_paired,0.3,0.3,95,18,knn,8,True,True,0.1292721806768075
rbf_unpaired,0.3,0.3,95,18,knn,8,True,True,0.12975021645154172
rbf_combined,0.3,0.3,95,18,knn,8,True,True,0.12067909275809637
matcomplete,0.3,0.3,95,18,na,0,True,True,0.13749485864100397
rbf_paired,0.3,0.3,95,19,knn,8,True,True,0.1545639818077907
rbf_unpaired,0.3,0.3,95,19,knn,8,True,True,0.15259898970910102
rbf_combined,0.3,0.3,95,19,knn,8,True,True,0.12790712480182514
matcomplete,0.3,0.3,95,19,na,0,True,True,0.1516000844805429
rbf_paired,0.3,0.5,95,0,knn,8,True,True,0.13011372481736228
rbf_unpaired,0.3,0.5,95,0,knn,8,True,True,0.14777760297077827
rbf_combined,0.3,0.5,95,0,knn,8,True,True,0.10436556695005035
matcomplete,0.3,0.5,95,0,na,0,True,True,0.13898694913237367
rbf_paired,0.3,0.5,95,1,knn,8,True,True,0.12086535892998579
rbf_unpaired,0.3,0.5,95,1,knn,8,True,True,0.12272775224710998
rbf_combined,0.3,0.5,95,1,knn,8,True,True,0.1012099362354305
matcomplete,0.3,0.5,95,1,na,0,True,True,0.11140285692973621
rbf_paired,0.3,0.5,95,2,knn,8,True,True,0.11547289582699605
rbf_unpaired,0.3,0.5,95,2,knn,8,True,True,0.112782190606118
rbf_combined,0.3,0.5,95,2,knn,8,True,True,0.10551677766201764
matcomplete,0.3,0.5,95,2,na,0,True,True,0.10530327457795775
rbf_paired,0.3,0.5,95,3,knn,8,True,True,0.10997657525819768
rbf_unpaired,0.3,0.5,95,3,knn,8,True,True,0.1149547823004397
rbf_combined,0.3,0.5,95,3,knn,8,True,True,0.09897459744522258
matcomplete,0.3,0.5,95,3,na,0,True,True,0.10740696944512984
rbf_paired,0.3,0.5,95,4,knn,8,True,True,0.11822308820213229
rbf_unpaired,0.3,0.5,95,4,knn,8,True,True,0.12741181700155635
rbf_combined,0.3,0.5,95,4,knn,8,True,True,0.10868790889051044
matcomplete,0.3,0.5,95,4,na,0,True,True,0.1261088743050539
rbf_paired,0.3,0.5,95,5,knn,8,True,True,0.11240975573529782
rbf_unpaired,0.3,0.5,95,5,knn,8,True,True,0.10777503667266923
rbf_combined,0.3,0.5,95,5,knn,8,True,True,0.10606175308573393
matcomplete,0.3,0.5,95,5,na,0,True,True,0.10044107547384432
rbf_paired,0.3,0.5,95,6,knn,8,True,True,0.11706603843338671
rbf_unpaired,0.3,0.5,95,6,knn,8,True,True,0.11484639563856117
rbf_combined,0.3,0.5,95,6,knn,8,True,True,0.10103949888251956
matcomplete,0.3,0.5,95,6,na,0,True,True,0.11489802185302285
rbf_paired,0.3,0.5,95,7,knn,8,True,True,0.11522691475915448
rbf_unpaired,0.3,0.5,95,7,knn,8,True,True,0.11617135467368275
rbf_combined,0.3,0.5,95,7,knn,8,True,True,0.11318070994927376
matcomplete,0.3,0.5,95,7,na,0,True,True,0.14348431785480878
rbf_paired,0.3,0.5,95,8,knn,8,True,True,0.12151827666062079
rbf_unpaired,0.3,0.5,95,8,knn,8,True,True,0.13225876266751818
rbf_combined,0.3,0.5,95,8,knn,8,True,True,0.1129384038954741
matcomplete,0.3,0.5,95,8,na,0,True,True,0.11386038053848048
rbf_paired,0.3,0.5,95,9,knn,8,True,True,0.11478586803669508
rbf_unpaired,0.3,0.5,95,9,knn,8,True,True,0.10817082860594891
rbf_combined,0.3,0.5,95,9,knn,8,True,True,0.10742169032493126
matcomplete,0.3,0.5,95,9,na,0,True,True,0.10876511367342656
rbf_paired,0.3,0.5,95,10,knn,8,True,True,0.13065794367883682
rbf_unpaired,0.3,0.5,95,10,knn,8,True,True,0.1318829452172653
rbf_combined,0.3,0.5,95,10,knn,8,True,True,0.11633513820536892
matcomplete,0.3,0.5,95,10,na,0,True,True,0.10712070489402867
rbf_paired,0.3,0.5,95,11,knn,8,True,True,0.12583918954985707
rbf_unpaired,0.3,0.5,95,11,knn,8,True,True,0.12986232730230352
rbf_combined,0.3,0.5,95,11,knn,8,True,True,0.11767313520127462
matcomplete,0.3,0.5,95,11,na,0,True,True,0.13248468556410609
rbf_paired,0.3,0.5,95,12,knn,8,True,True,0.12139206991628558
rbf_unpaired,0.3,0.5,95,12,knn,8,True,True,0.11619920315508833
rbf_combined,0.3,0.5,95,12,knn,8,True,True,0.10314746262811246
matcomplete,0.3,0.5,95,12,na,0,True,True,0.14000254824586641
rbf_paired,0.3,0.5,95,13,knn,8,True,True,0.11120083162893454
rbf_unpaired,0.3,0.5,95,13,knn,8,True,True,0.1128495114935881
rbf_combined,0.3,0.5,95,13,knn,8,True,True,0.1088598959100542
matcomplete,0.3,0.5,95,13,na,0,True,True,0.10279267255830399
rbf_paired,0.3,0.5,95,14,knn,8,True,True,0.11420048433330082
rbf_unpaired,0.3,0.5,95,14,knn,8,True,True,0.12046025712577832
rbf_combined,0.3,0.5,95,14,knn,8,True,True,0.10982957315580143
matcomplete,0.3,0.5,95,14,na,0,True,True,0.11276803563808964
rbf_paired,0.3,0.5,95,15,knn,8,True,True,0.10311770243550582
rbf_unpaired,0.3,0.5,95,15,knn,8,True,True,0.10747039086836482
rbf_combined,0.3,0.5,95,15,knn,8,True,True,0.103861886194086
matcomplete,0.3,0.5,95,15,na,0,True,True,0.11419812303904717
rbf_paired,0.3,0.5,95,16,knn,8,True,True,0.10681502641178854
rbf_unpaired,0.3,0.5,95,16,knn,8,True,True,0.10432285893755748
rbf_combined,0.3,0.5,95,16,knn,8,True,True,0.09831168344065318
matcomplete,0.3,0.5,95,16,na,0,True,True,0.09130578392660309
rbf_paired,0.3,0.5,95,17,knn,8,True,True,0.10984274930163561
rbf_unpaired,0.3,0.5,95,17,knn,8,True,True,0.10892815085077288
rbf_combined,0.3,0.5,95,17,knn,8,True,True,0.09441711232797229
matcomplete,0.3,0.5,95,17,na,0,True,True,0.1010540569013674
rbf_paired,0.3,0.5,95,18,knn,8,True,True,0.11414751901626505
rbf_unpaired,0.3,0.5,95,18,knn,8,True,True,0.11372402927899249
rbf_combined,0.3,0.5,95,18,knn,8,True,True,0.10586302690858465
matcomplete,0.3,0.5,95,18,na,0,True,True,0.10653030235320153
rbf_paired,0.3,0.5,95,19,knn,8,True,True,0.14516234820988513
rbf_unpaired,0.3,0.5,95,19,knn,8,True,True,0.13405328600092647
rbf_combined,0.3,0.5,95,19,knn,8,True,True,0.10644014100259583
matcomplete,0.3,0.5,95,19,na,0,True,True,0.11960762000379674
rbf_paired,0.3,1.0,95,0,knn,8,True,True,0.10445960975511318
rbf_unpaired,0.3,1.0,95,0,knn,8,True,True,0.11813878321786908
rbf_combined,0.3,1.0,95,0,knn,8,True,True,0.08574663266948067
matcomplete,0.3,1.0,95,0,na,0,True,True,0.12335190589155515
rbf_paired,0.3,1.0,95,1,knn,8,True,True,0.11331231471362375
rbf_unpaired,0.3,1.0,95,1,knn,8,True,True,0.11414190681877572
rbf_combined,0.3,1.0,95,1,knn,8,True,True,0.09158135669690384
matcomplete,0.3,1.0,95,1,na,0,True,True,0.10366171581369298
rbf_paired,0.3,1.0,95,2,knn,8,True,True,0.09536371159289467
rbf_unpaired,0.3,1.0,95,2,knn,8,True,True,0.09928059791327339
rbf_combined,0.3,1.0,95,2,knn,8,True,True,0.0900628220665965
matcomplete,0.3,1.0,95,2,na,0,True,True,0.08706442005117142
rbf_paired,0.3,1.0,95,3,knn,8,True,True,0.0953058422901657
rbf_unpaired,0.3,1.0,95,3,knn,8,True,True,0.09741412972138995
rbf_combined,0.3,1.0,95,3,knn,8,True,True,0.08904227455851371
matcomplete,0.3,1.0,95,3,na,0,True,True,0.0933105738421004
rbf_paired,0.3,1.0,95,4,knn,8,True,True,0.09690180616222213
rbf_unpaired,0.3,1.0,95,4,knn,8,True,True,0.104135392613101
rbf_combined,0.3,1.0,95,4,knn,8,True,True,0.09545072232831353
matcomplete,0.3,1.0,95,4,na,0,True,True,0.11432483305600731
rbf_paired,0.3,1.0,95,5,knn,8,True,True,0.09508772622846734
rbf_unpaired,0.3,1.0,95,5,knn,8,True,True,0.09457089403411245
rbf_combined,0.3,1.0,95,5,knn,8,True,True,0.0912383692407552
matcomplete,0.3,1.0,95,5,na,0,True,True,0.08610135077480044
rbf_paired,0.3,1.0,95,6,knn,8,True,True,0.1036892047469705
rbf_unpaired,0.3,1.0,95,6,knn,8,True,True,0.10115613812635213
rbf_combined,0.3,1.0,95,6,knn,8,True,True,0.0930478932996108
matcomplete,0.3,1.0,95,6,na,0,True,True,0.10643422795842031
rbf_paired,0.3,1.0,95,7,knn,8,True,True,0.09527210944253042
rbf_unpaired,0.3,1.0,95,7,knn,8,True,True,0.09592786675539433
rbf_combined,0.3,1.0,95,7,knn,8,True,True,0.09190235172459675
matcomplete,0.3,1.0,95,7,na,0,True,True,0.12083588811586347
rbf_paired,0.3,1.0,95,8,knn,8,True,True,0.10225516533552359
rbf_unpaired,0.3,1.0,95,8,knn,8,True,True,0.11174902233754651
rbf_combined,0.3,1.0,95,8,knn,8,True,True,0.09105098999191186
matcomplete,0.3,1.0,95,8,na,0,True,True,0.09264889030240094
rbf_paired,0.3,1.0,95,9,knn,8,True,True,0.09655881953278597
rbf_unpaired,0.3,1.0,95,9,knn,8,True,True,0.09164634115259317
rbf_combined,0.3,1.0,95,9,knn,8,True,True,0.09192939775786109
matcomplete,0.3,1.0,95,9,na,0,True,True,0.08580522484678349
rbf_paired,0.3,1.0,95,10,knn,8,True,True,0.10700874567074746
rbf_unpaired,0.3,1.0,95,10,knn,8,True,True,0.1091883251988618
rbf_combined,0.3,1.0,95,10,knn,8,True,True,0.09347789387727508
matcomplete,0.3,1.0,95,10,na,0,True,True,0.09056753491171576
rbf_paired,0.3,1.0,95,11,knn,8,True,True,0.098636294885864
rbf_unpaired,0.3,1.0,95,11,knn,8,True,True,0.09780354632500222
rbf_combined,0.3,1.0,95,11,knn,8,True,True,0.09468383475645281
matcomplete,0.3,1.0,95,11,na,0,True,True,0.09446786335310685
rbf_paired,0.3,1.0,95,12,knn,8,True,True,0.10451130961096798
rbf_unpaired,0.3,1.0,95,12,knn,8,True,True,0.10399598478146964
rbf_combined,0.3,1.0,95,12,knn,8,True,True,0.08954835619559637
matcomplete,0.3,1.0,95,12,na,0,True,True,0.09851162053880068
rbf_paired,0.3,1.0,95,13,knn,8,True,True,0.11738660748491041
rbf_unpaired,0.3,1.0,95,13,knn,8,True,True,0.11531107669812123
rbf_combined,0.3,1.0,95,13,knn,8,True,True,0.1051455282472645
matcomplete,0.3,1.0,95,13,na,0,True,True,0.08423929013622178
rbf_paired,0.3,1.0,95,14,knn,8,True,True,0.10042448043302903
rbf_unpaired,0.3,1.0,95,14,knn,8,True,True,0.10427732150573063
rbf_combined,0.3,1.0,95,14,knn,8,True,True,0.08904463029885593
matcomplete,0.3,1.0,95,14,na,0,True,True,0.09117868063094882
rbf_paired,0.3,1.0,95,15,knn,8,True,True,0.0963093530474228
rbf_unpaired,0.3,1.0,95,15,knn,8,True,True,0.0963914739467658
rbf_combined,0.3,1.0,95,15,knn,8,True,True,0.09510712964319383
matcomplete,0.3,1.0,95,15,na,0,True,True,0.10633678995838727
rbf_paired,0.3,1.0,95,16,knn,8,True,True,0.09619161625452631
rbf_unpaired,0.3,1.0,95,16,knn,8,True,True,0.09546607356698988
rbf_combined,0.3,1.0,95,16,knn,8,True,True,0.0925663185247993
matcomplete,0.3,1.0,95,16,na,0,True,True,0.08560053591354104
rbf_paired,0.3,1.0,95,17,knn,8,True,True,0.1008529118397352
rbf_unpaired,0.3,1.0,95,17,knn,8,True,True,0.10193293408697214
rbf_combined,0.3,1.0,95,17,knn,8,True,True,0.09313622776033821
matcomplete,0.3,1.0,95,17,na,0,True,True,0.08944143919093946
rbf_paired,0.3,1.0,95,18,knn,8,True,True,0.09779050511534877
rbf_unpaired,0.3,1.0,95,18,knn,8,True,True,0.09988191456752576
rbf_combined,0.3,1.0,95,18,knn,8,True,True,0.09263803210316696
matcomplete,0.3,1.0,95,18,na,0,True,True,0.09451400387179346
rbf_paired,0.3,1.0,95,19,knn,8,True,True,0.12519492635056767
rbf_unpaired,0.3,1.0,95,19,knn,8,True,True,0.11557338720108759
rbf_combined,0.3,1.0,95,19,knn,8,True,True,0.09662702884867463
matcomplete,0.3,1.0,95,19,na,0,True,True,0.10020708420939987
rbf_paired,0.5,0.1,95,0,knn,8,True,True,0.2008970865396357
rbf_unpaired,0.5,0.1,95,0,knn,8,True,True,0.20478018880515533
rbf_combined,0.5,0.1,95,0,knn,8,True,True,0.20844928510510288
matcomplete,0.5,0.1,95,0,na,0,True,True,0.2077541009637055
rbf_paired,0.5,0.1,95,1,knn,8,True,True,0.18453867951981295
rbf_unpaired,0.5,0.1,95,1,knn,8,True,True,0.17473920642970808
rbf_combined,0.5,0.1,95,1,knn,8,True,True,0.18801092079315238
matcomplete,0.5,0.1,95,1,na,0,True,True,0.18582062388553347
rbf_paired,0.5,0.1,95,2,knn,8,True,True,0.2013684294627167
rbf_unpaired,0.5,0.1,95,2,knn,8,True,True,0.20856901879158277
rbf_combined,0.5,0.1,95,2,knn,8,True,True,0.20086631032549226
matcomplete,0.5,0.1,95,2,na,0,True,True,0.20438982239714812
rbf_paired,0.5,0.1,95,3,knn,8,True,True,0.190575720029804
rbf_unpaired,0.5,0.1,95,3,knn,8,True,True,0.19268083821199536
rbf_combined,0.5,0.1,95,3,knn,8,True,True,0.1951060709436619
matcomplete,0.5,0.1,95,3,na,0,True,True,0.17999893261772051
rbf_paired,0.5,0.1,95,4,knn,8,True,True,0.22504692347769742
rbf_unpaired,0.5,0.1,95,4,knn,8,True,True,0.20952120689036216
rbf_combined,0.5,0.1,95,4,knn,8,True,True,0.21074463151593315
matcomplete,0.5,0.1,95,4,na,0,True,True,0.18841188195021802
rbf_paired,0.5,0.1,95,5,knn,8,True,True,0.21361250524849373
rbf_unpaired,0.5,0.1,95,5,knn,8,True,True,0.2018407607996047
rbf_combined,0.5,0.1,95,5,knn,8,True,True,0.2048431357557484
matcomplete,0.5,0.1,95,5,na,0,True,True,0.200621128064117
rbf_paired,0.5,0.1,95,6,knn,8,True,True,0.21079910319401782
rbf_unpaired,0.5,0.1,95,6,knn,8,True,True,0.20815954757323588
rbf_combined,0.5,0.1,95,6,knn,8,True,True,0.20842043394398274
matcomplete,0.5,0.1,95,6,na,0,True,True,0.19159051029284074
rbf_paired,0.5,0.1,95,7,knn,8,True,True,0.2179999096083812
rbf_unpaired,0.5,0.1,95,7,knn,8,True,True,0.22080820159284997
rbf_combined,0.5,0.1,95,7,knn,8,True,True,0.20725567536316078
matcomplete,0.5,0.1,95,7,na,0,True,True,0.2249128907260452
rbf_paired,0.5,0.1,95,8,knn,8,True,True,0.21196050032453176
rbf_unpaired,0.5,0.1,95,8,knn,8,True,True,0.2064160600333124
rbf_combined,0.5,0.1,95,8,knn,8,True,True,0.2073035989392272
matcomplete,0.5,0.1,95,8,na,0,True,True,0.21046017042576046
rbf_paired,0.5,0.1,95,9,knn,8,True,True,0.19831937710200132
rbf_unpaired,0.5,0.1,95,9,knn,8,True,True,0.18669432291689397
rbf_combined,0.5,0.1,95,9,knn,8,True,True,0.19221390101811126
matcomplete,0.5,0.1,95,9,na,0,True,True,0.18109534087606335
rbf_paired,0.5,0.1,95,10,knn,8,True,True,0.2155934340884376
rbf_unpaired,0.5,0.1,95,10,knn,8,True,True,0.2081906714854007
rbf_combined,0.5,0.1,95,10,knn,8,True,True,0.20239724421720587
matcomplete,0.5,0.1,95,10,na,0,True,True,0.19286861204134675
rbf_paired,0.5,0.1,95,11,knn,8,True,True,0.21315568349448832
rbf_unpaired,0.5,0.1,95,11,knn,8,True,True,0.21666526111455406
rbf_combined,0.5,0.1,95,11,knn,8,True,True,0.21149512438013277
matcomplete,0.5,0.1,95,11,na,0,True,True,0.21586296817533848
rbf_paired,0.5,0.1,95,12,knn,8,True,True,0.1919351965236331
rbf_unpaired,0.5,0.1,95,12,knn,8,True,True,0.1843388058300218
rbf_combined,0.5,0.1,95,12,knn,8,True,True,0.20332813489293627
matcomplete,0.5,0.1,95,12,na,0,True,True,0.2021864982250963
rbf_paired,0.5,0.1,95,13,knn,8,True,True,0.18745716394535714
rbf_unpaired,0.5,0.1,95,13,knn,8,True,True,0.18278336513679075
rbf_combined,0.5,0.1,95,13,knn,8,True,True,0.17721438879241927
matcomplete,0.5,0.1,95,13,na,0,True,True,0.1997126976066179
rbf_paired,0.5,0.1,95,14,knn,8,True,True,0.1957488036601244
rbf_unpaired,0.5,0.1,95,14,knn,8,True,True,0.19601763941202258
rbf_combined,0.5,0.1,95,14,knn,8,True,True,0.2008644093898361
matcomplete,0.5,0.1,95,14,na,0,True,True,0.18681013505647484
rbf_paired,0.5,0.1,95,15,knn,8,True,True,0.1805436313393777
rbf_unpaired,0.5,0.1,95,15,knn,8,True,True,0.18651640513835147
rbf_combined,0.5,0.1,95,15,knn,8,True,True,0.17635183098574997
matcomplete,0.5,0.1,95,15,na,0,True,True,0.1791636233678055
rbf_paired,0.5,0.1,95,16,knn,8,True,True,0.2041725225738446
rbf_unpaired,0.5,0.1,95,16,knn,8,True,True,0.20493287079463313
rbf_combined,0.5,0.1,95,16,knn,8,True,True,0.2032751114969146
matcomplete,0.5,0.1,95,16,na,0,True,True,0.18409088102613302
rbf_paired,0.5,0.1,95,17,knn,8,True,True,0.2097578752796596
rbf_unpaired,0.5,0.1,95,17,knn,8,True,True,0.19376162043287487
rbf_combined,0.5,0.1,95,17,knn,8,True,True,0.19765009064665212
matcomplete,0.5,0.1,95,17,na,0,True,True,0.2015494591617806
rbf_paired,0.5,0.1,95,18,knn,8,True,True,0.23036776323559147
rbf_unpaired,0.5,0.1,95,18,knn,8,True,True,0.23213825284675738
rbf_combined,0.5,0.1,95,18,knn,8,True,True,0.21703285253064894
matcomplete,0.5,0.1,95,18,na,0,True,True,0.20308691965011785
rbf_paired,0.5,0.1,95,19,knn,8,True,True,0.2186384325242342
rbf_unpaired,0.5,0.1,95,19,knn,8,True,True,0.21298007059650384
rbf_combined,0.5,0.1,95,19,knn,8,True,True,0.20443421258762687
matcomplete,0.5,0.1,95,19,na,0,True,True,0.1862500350315701
rbf_paired,0.5,0.3,95,0,knn,8,True,True,0.11430978475257618
rbf_unpaired,0.5,0.3,95,0,knn,8,True,True,0.11537021171255693
rbf_combined,0.5,0.3,95,0,knn,8,True,True,0.10614483424543911
matcomplete,0.5,0.3,95,0,na,0,True,True,0.12703793856920362
rbf_paired,0.5,0.3,95,1,knn,8,True,True,0.12875019139867763
rbf_unpaired,0.5,0.3,95,1,knn,8,True,True,0.12467541864278861
rbf_combined,0.5,0.3,95,1,knn,8,True,True,0.11506289872914297
matcomplete,0.5,0.3,95,1,na,0,True,True,0.11715427157629647
rbf_paired,0.5,0.3,95,2,knn,8,True,True,0.1180583877544743
rbf_unpaired,0.5,0.3,95,2,knn,8,True,True,0.12515855160267284
rbf_combined,0.5,0.3,95,2,knn,8,True,True,0.12084051456342464
matcomplete,0.5,0.3,95,2,na,0,True,True,0.12285783865246429
rbf_paired,0.5,0.3,95,3,knn,8,True,True,0.12061044197338987
rbf_unpaired,0.5,0.3,95,3,knn,8,True,True,0.13135089806689837
rbf_combined,0.5,0.3,95,3,knn,8,True,True,0.11334868226766455
matcomplete,0.5,0.3,95,3,na,0,True,True,0.11083105785725628
rbf_paired,0.5,0.3,95,4,knn,8,True,True,0.12445374687390552
rbf_unpaired,0.5,0.3,95,4,knn,8,True,True,0.13116878838393192
rbf_combined,0.5,0.3,95,4,knn,8,True,True,0.11606103700657455
matcomplete,0.5,0.3,95,4,na,0,True,True,0.1341909415501587
rbf_paired,0.5,0.3,95,5,knn,8,True,True,0.11744419554136953
rbf_unpaired,0.5,0.3,95,5,knn,8,True,True,0.12725334358060372
rbf_combined,0.5,0.3,95,5,knn,8,True,True,0.11455887732949294
matcomplete,0.5,0.3,95,5,na,0,True,True,0.11652117907879045
rbf_paired,0.5,0.3,95,6,knn,8,True,True,0.12202564042538862
rbf_unpaired,0.5,0.3,95,6,knn,8,True,True,0.1365977041951553
rbf_combined,0.5,0.3,95,6,knn,8,True,True,0.11723666709249357
matcomplete,0.5,0.3,95,6,na,0,True,True,0.12401584154348573
rbf_paired,0.5,0.3,95,7,knn,8,True,True,0.12206936930880415
rbf_unpaired,0.5,0.3,95,7,knn,8,True,True,0.12212404016722957
rbf_combined,0.5,0.3,95,7,knn,8,True,True,0.10810002556238257
matcomplete,0.5,0.3,95,7,na,0,True,True,0.11868701028289437
rbf_paired,0.5,0.3,95,8,knn,8,True,True,0.12495208432916874
rbf_unpaired,0.5,0.3,95,8,knn,8,True,True,0.1286389651923859
rbf_combined,0.5,0.3,95,8,knn,8,True,True,0.1111955061529684
matcomplete,0.5,0.3,95,8,na,0,True,True,0.11087735988620506
rbf_paired,0.5,0.3,95,9,knn,8,True,True,0.12494066922638059
rbf_unpaired,0.5,0.3,95,9,knn,8,True,True,0.11689551715847184
rbf_combined,0.5,0.3,95,9,knn,8,True,True,0.11347694881568975
matcomplete,0.5,0.3,95,9,na,0,True,True,0.12335026591269747
rbf_paired,0.5,0.3,95,10,knn,8,True,True,0.1355004972076376
rbf_unpaired,0.5,0.3,95,10,knn,8,True,True,0.13710590735975267
rbf_combined,0.5,0.3,95,10,knn,8,True,True,0.12469208312239888
matcomplete,0.5,0.3,95,10,na,0,True,True,0.13039421982682933
rbf_paired,0.5,0.3,95,11,knn,8,True,True,0.13902758044299177
rbf_unpaired,0.5,0.3,95,11,knn,8,True,True,0.13936943798141008
rbf_combined,0.5,0.3,95,11,knn,8,True,True,0.1332561396617792
matcomplete,0.5,0.3,95,11,na,0,True,True,0.13007118557562336
rbf_paired,0.5,0.3,95,12,knn,8,True,True,0.11741570541907606
rbf_unpaired,0.5,0.3,95,12,knn,8,True,True,0.11892754347593908
rbf_combined,0.5,0.3,95,12,knn,8,True,True,0.10595072705158676
matcomplete,0.5,0.3,95,12,na,0,True,True,0.12182935409750417
rbf_paired,0.5,0.3,95,13,knn,8,True,True,0.1145348581801406
rbf_unpaired,0.5,0.3,95,13,knn,8,True,True,0.12527891597367116
rbf_combined,0.5,0.3,95,13,knn,8,True,True,0.1108268587863495
matcomplete,0.5,0.3,95,13,na,0,True,True,0.11812393135812152
rbf_paired,0.5,0.3,95,14,knn,8,True,True,0.12890830036589246
rbf_unpaired,0.5,0.3,95,14,knn,8,True,True,0.12308178096681294
rbf_combined,0.5,0.3,95,14,knn,8,True,True,0.12408509846408758
matcomplete,0.5,0.3,95,14,na,0,True,True,0.12671541945983228
rbf_paired,0.5,0.3,95,15,knn,8,True,True,0.13450690860440515
rbf_unpaired,0.5,0.3,95,15,knn,8,True,True,0.13233426118817498
rbf_combined,0.5,0.3,95,15,knn,8,True,True,0.12371414888378768
matcomplete,0.5,0.3,95,15,na,0,True,True,0.12116997313552799
rbf_paired,0.5,0.3,95,16,knn,8,True,True,0.11629551517930718
rbf_unpaired,0.5,0.3,95,16,knn,8,True,True,0.10846820352952666
rbf_combined,0.5,0.3,95,16,knn,8,True,True,0.10541201789554533
matcomplete,0.5,0.3,95,16,na,0,True,True,0.10709170580686231
rbf_paired,0.5,0.3,95,17,knn,8,True,True,0.12098347429093866
rbf_unpaired,0.5,0.3,95,17,knn,8,True,True,0.12054414858893124
rbf_combined,0.5,0.3,95,17,knn,8,True,True,0.11249756624306285
matcomplete,0.5,0.3,95,17,na,0,True,True,0.13573377571763418
rbf_paired,0.5,0.3,95,18,knn,8,True,True,0.11784085976513381
rbf_unpaired,0.5,0.3,95,18,knn,8,True,True,0.1235315040323705
rbf_combined,0.5,0.3,95,18,knn,8,True,True,0.10028335602407262
matcomplete,0.5,0.3,95,18,na,0,True,True,0.10274334059220601
rbf_paired,0.5,0.3,95,19,knn,8,True,True,0.12993124096481654
rbf_unpaired,0.5,0.3,95,19,knn,8,True,True,0.11850005736223401
rbf_combined,0.5,0.3,95,19,knn,8,True,True,0.10979338851831301
matcomplete,0.5,0.3,95,19,na,0,True,True,0.12126188790487581
rbf_paired,0.5,0.5,95,0,knn,8,True,True,0.09750288923779939
rbf_unpaired,0.5,0.5,95,0,knn,8,True,True,0.09949272601703744
rbf_combined,0.5,0.5,95,0,knn,8,True,True,0.08713580690760213
matcomplete,0.5,0.5,95,0,na,0,True,True,0.09710265771164456
rbf_paired,0.5,0.5,95,1,knn,8,True,True,0.11859089373237355
rbf_unpaired,0.5,0.5,95,1,knn,8,True,True,0.12093862765881766
rbf_combined,0.5,0.5,95,1,knn,8,True,True,0.1012027565235412
matcomplete,0.5,0.5,95,1,na,0,True,True,0.12388330347786032
rbf_paired,0.5,0.5,95,2,knn,8,True,True,0.10167911214428296
rbf_unpaired,0.5,0.5,95,2,knn,8,True,True,0.11168234314256399
rbf_combined,0.5,0.5,95,2,knn,8,True,True,0.0934313049536791
matcomplete,0.5,0.5,95,2,na,0,True,True,0.11096030497154341
rbf_paired,0.5,0.5,95,3,knn,8,True,True,0.10067298236701867
rbf_unpaired,0.5,0.5,95,3,knn,8,True,True,0.10835512924507625
rbf_combined,0.5,0.5,95,3,knn,8,True,True,0.09304352331498508
matcomplete,0.5,0.5,95,3,na,0,True,True,0.09441684061722731
rbf_paired,0.5,0.5,95,4,knn,8,True,True,0.10273460448009941
rbf_unpaired,0.5,0.5,95,4,knn,8,True,True,0.10518116786689573
rbf_combined,0.5,0.5,95,4,knn,8,True,True,0.09254764003143882
matcomplete,0.5,0.5,95,4,na,0,True,True,0.09674658999525405
rbf_paired,0.5,0.5,95,5,knn,8,True,True,0.10694642910825297
rbf_unpaired,0.5,0.5,95,5,knn,8,True,True,0.11018305297550951
rbf_combined,0.5,0.5,95,5,knn,8,True,True,0.0943364111490285
matcomplete,0.5,0.5,95,5,na,0,True,True,0.10556051510147885
rbf_paired,0.5,0.5,95,6,knn,8,True,True,0.10503192037674625
rbf_unpaired,0.5,0.5,95,6,knn,8,True,True,0.11100478210500164
rbf_combined,0.5,0.5,95,6,knn,8,True,True,0.09497566664196982
matcomplete,0.5,0.5,95,6,na,0,True,True,0.09974254159701613
rbf_paired,0.5,0.5,95,7,knn,8,True,True,0.11004340189089024
rbf_unpaired,0.5,0.5,95,7,knn,8,True,True,0.10761160350681857
rbf_combined,0.5,0.5,95,7,knn,8,True,True,0.10399931828256921
matcomplete,0.5,0.5,95,7,na,0,True,True,0.11486054507167791
rbf_paired,0.5,0.5,95,8,knn,8,True,True,0.11162951367489526
rbf_unpaired,0.5,0.5,95,8,knn,8,True,True,0.11833141150881181
rbf_combined,0.5,0.5,95,8,knn,8,True,True,0.08917432406427671
matcomplete,0.5,0.5,95,8,na,0,True,True,0.08377317288428271
rbf_paired,0.5,0.5,95,9,knn,8,True,True,0.09822709618653919
rbf_unpaired,0.5,0.5,95,9,knn,8,True,True,0.10502725475139148
rbf_combined,0.5,0.5,95,9,knn,8,True,True,0.0899492204866826
matcomplete,0.5,0.5,95,9,na,0,True,True,0.09611321981764576
rbf_paired,0.5,0.5,95,10,knn,8,True,True,0.1076471498369907
rbf_unpaired,0.5,0.5,95,10,knn,8,True,True,0.10856133109868522
rbf_combined,0.5,0.5,95,10,knn,8,True,True,0.09096928234419531
matcomplete,0.5,0.5,95,10,na,0,True,True,0.10862748619538858
rbf_paired,0.5,0.5,95,11,knn,8,True,True,0.10863597730375671
rbf_unpaired,0.5,0.5,95,11,knn,8,True,True,0.10884602417868323
rbf_combined,0.5,0.5,95,11,knn,8,True,True,0.09330478516255546
matcomplete,0.5,0.5,95,11,na,0,True,True,0.10660076718441538
rbf_paired,0.5,0.5,95,12,knn,8,True,True,0.10325537182009144
rbf_unpaired,0.5,0.5,95,12,knn,8,True,True,0.10314936076383417
rbf_combined,0.5,0.5,95,12,knn,8,True,True,0.0875788056001576
matcomplete,0.5,0.5,95,12,na,0,True,True,0.1020628080089039
rbf_paired,0.5,0.5,95,13,knn,8,True,True,0.09170601588366281
rbf_unpaired,0.5,0.5,95,13,knn,8,True,True,0.10749996940520103
rbf_combined,0.5,0.5,95,13,knn,8,True,True,0.0813768248498272
matcomplete,0.5,0.5,95,13,na,0,True,True,0.08762935210280386
rbf_paired,0.5,0.5,95,14,knn,8,True,True,0.11262410751364392
rbf_unpaired,0.5,0.5,95,14,knn,8,True,True,0.10272004657482076
rbf_combined,0.5,0.5,95,14,knn,8,True,True,0.10494374918289438
matcomplete,0.5,0.5,95,14,na,0,True,True,0.09934022058095314
rbf_paired,0.5,0.5,95,15,knn,8,True,True,0.10623228594583768
rbf_unpaired,0.5,0.5,95,15,knn,8,True,True,0.11150411053228391
rbf_combined,0.5,0.5,95,15,knn,8,True,True,0.09517270615499862
matcomplete,0.5,0.5,95,15,na,0,True,True,0.11937507079937047
rbf_paired,0.5,0.5,95,16,knn,8,True,True,0.10284254705146652
rbf_unpaired,0.5,0.5,95,16,knn,8,True,True,0.09862228674483761
rbf_combined,0.5,0.5,95,16,knn,8,True,True,0.09471927613516777
matcomplete,0.5,0.5,95,16,na,0,True,True,0.09908239827528312
rbf_paired,0.5,0.5,95,17,knn,8,True,True,0.10637721975075082
rbf_unpaired,0.5,0.5,95,17,knn,8,True,True,0.1111335709962017
rbf_combined,0.5,0.5,95,17,knn,8,True,True,0.09214593262751795
matcomplete,0.5,0.5,95,17,na,0,True,True,0.11771990600367124
rbf_paired,0.5,0.5,95,18,knn,8,True,True,0.10229996392324947
rbf_unpaired,0.5,0.5,95,18,knn,8,True,True,0.10813597542882229
rbf_combined,0.5,0.5,95,18,knn,8,True,True,0.08644335579899928
matcomplete,0.5,0.5,95,18,na,0,True,True,0.09430513918418983
rbf_paired,0.5,0.5,95,19,knn,8,True,True,0.11023046908136934
rbf_unpaired,0.5,0.5,95,19,knn,8,True,True,0.10059953996152335
rbf_combined,0.5,0.5,95,19,knn,8,True,True,0.08835757224680726
matcomplete,0.5,0.5,95,19,na,0,True,True,0.09011044938039338
rbf_paired,0.5,1.0,95,0,knn,8,True,True,0.08660031660177495
rbf_unpaired,0.5,1.0,95,0,knn,8,True,True,0.08986791302268513
rbf_combined,0.5,1.0,95,0,knn,8,True,True,0.07261502975906876
matcomplete,0.5,1.0,95,0,na,0,True,True,0.09060126307413609
rbf_paired,0.5,1.0,95,1,knn,8,True,True,0.09511357313404148
rbf_unpaired,0.5,1.0,95,1,knn,8,True,True,0.09911306738228486
rbf_combined,0.5,1.0,95,1,knn,8,True,True,0.08366338031147473
matcomplete,0.5,1.0,95,1,na,0,True,True,0.10305323538049081
rbf_paired,0.5,1.0,95,2,knn,8,True,True,0.08834209649374117
rbf_unpaired,0.5,1.0,95,2,knn,8,True,True,0.09544472469804052
rbf_combined,0.5,1.0,95,2,knn,8,True,True,0.080013277595273
matcomplete,0.5,1.0,95,2,na,0,True,True,0.08652137037919967
rbf_paired,0.5,1.0,95,3,knn,8,True,True,0.08472681808441482
rbf_unpaired,0.5,1.0,95,3,knn,8,True,True,0.08858573051216485
rbf_combined,0.5,1.0,95,3,knn,8,True,True,0.07552236216957886
matcomplete,0.5,1.0,95,3,na,0,True,True,0.08370094468567346
rbf_paired,0.5,1.0,95,4,knn,8,True,True,0.09066355773354952
rbf_unpaired,0.5,1.0,95,4,knn,8,True,True,0.09331270105640915
rbf_combined,0.5,1.0,95,4,knn,8,True,True,0.08297293222972067
matcomplete,0.5,1.0,95,4,na,0,True,True,0.08346651481305822
rbf_paired,0.5,1.0,95,5,knn,8,True,True,0.09025493305566751
rbf_unpaired,0.5,1.0,95,5,knn,8,True,True,0.09566172886860648
rbf_combined,0.5,1.0,95,5,knn,8,True,True,0.08403915012773108
matcomplete,0.5,1.0,95,5,na,0,True,True,0.0740548481161641
rbf_paired,0.5,1.0,95,6,knn,8,True,True,0.09281896001117634
rbf_unpaired,0.5,1.0,95,6,knn,8,True,True,0.09796278577656736
rbf_combined,0.5,1.0,95,6,knn,8,True,True,0.07742466181831385
matcomplete,0.5,1.0,95,6,na,0,True,True,0.08469134212141062
rbf_paired,0.5,1.0,95,7,knn,8,True,True,0.09643597167055547
rbf_unpaired,0.5,1.0,95,7,knn,8,True,True,0.09752533445896332
rbf_combined,0.5,1.0,95,7,knn,8,True,True,0.08376382210292878
matcomplete,0.5,1.0,95,7,na,0,True,True,0.08623875243490262
rbf_paired,0.5,1.0,95,8,knn,8,True,True,0.09998594054746701
rbf_unpaired,0.5,1.0,95,8,knn,8,True,True,0.10271851929245553
rbf_combined,0.5,1.0,95,8,knn,8,True,True,0.08060506577251404
matcomplete,0.5,1.0,95,8,na,0,True,True,0.07276681119380397
rbf_paired,0.5,1.0,95,9,knn,8,True,True,0.09004194778412579
rbf_unpaired,0.5,1.0,95,9,knn,8,True,True,0.09523327142263714
rbf_combined,0.5,1.0,95,9,knn,8,True,True,0.07782969324094631
matcomplete,0.5,1.0,95,9,na,0,True,True,0.08386921079168114
rbf_paired,0.5,1.0,95,10,knn,8,True,True,0.09108156599310314
rbf_unpaired,0.5,1.0,95,10,knn,8,True,True,0.0976781132389217
rbf_combined,0.5,1.0,95,10,knn,8,True,True,0.07394989409587589
matcomplete,0.5,1.0,95,10,na,0,True,True,0.08810009323150915
rbf_paired,0.5,1.0,95,11,knn,8,True,True,0.0963900275945012
rbf_unpaired,0.5,1.0,95,11,knn,8,True,True,0.10453040503379273
rbf_combined,0.5,1.0,95,11,knn,8,True,True,0.0827246926425786
matcomplete,0.5,1.0,95,11,na,0,True,True,0.09357614166938523
rbf_paired,0.5,1.0,95,12,knn,8,True,True,0.09253118926091805
rbf_unpaired,0.5,1.0,95,12,knn,8,True,True,0.09137204442363295
rbf_combined,0.5,1.0,95,12,knn,8,True,True,0.07907368850300264
matcomplete,0.5,1.0,95,12,na,0,True,True,0.08443474281713731
rbf_paired,0.5,1.0,95,13,knn,8,True,True,0.07851706882779684
rbf_unpaired,0.5,1.0,95,13,knn,8,True,True,0.08926306419162834
rbf_combined,0.5,1.0,95,13,knn,8,True,True,0.06937254416577207
matcomplete,0.5,1.0,95,13,na,0,True,True,0.08077265626287711
rbf_paired,0.5,1.0,95,14,knn,8,True,True,0.09112749081187513
rbf_unpaired,0.5,1.0,95,14,knn,8,True,True,0.0897079356177069
rbf_combined,0.5,1.0,95,14,knn,8,True,True,0.07654210209764918
matcomplete,0.5,1.0,95,14,na,0,True,True,0.0875150168063164
rbf_paired,0.5,1.0,95,15,knn,8,True,True,0.085088330683682
rbf_unpaired,0.5,1.0,95,15,knn,8,True,True,0.08820992038249885
rbf_combined,0.5,1.0,95,15,knn,8,True,True,0.07824666144811665
matcomplete,0.5,1.0,95,15,na,0,True,True,0.09080110403906604
rbf_paired,0.5,1.0,95,16,knn,8,True,True,0.08861378103532143
rbf_unpaired,0.5,1.0,95,16,knn,8,True,True,0.09110239918375763
rbf_combined,0.5,1.0,95,16,knn,8,True,True,0.08204134769062875
matcomplete,0.5,1.0,95,16,na,0,True,True,0.08405426056903346
rbf_paired,0.5,1.0,95,17,knn,8,True,True,0.08481032029551525
rbf_unpaired,0.5,1.0,95,17,knn,8,True,True,0.08225921945337941
rbf_combined,0.5,1.0,95,17,knn,8,True,True,0.07310470655964424
matcomplete,0.5,1.0,95,17,na,0,True,True,0.09692915501607044
rbf_paired,0.5,1.0,95,18,knn,8,True,True,0.09007372999050559
rbf_unpaired,0.5,1.0,95,18,knn,8,True,True,0.10151104389137978
rbf_combined,0.5,1.0,95,18,knn,8,True,True,0.07659735512182445
matcomplete,0.5,1.0,95,18,na,0,True,True,0.08878581906096814
rbf_paired,0.5,1.0,95,19,knn,8,True,True,0.09104450709368227
rbf_unpaired,0.5,1.0,95,19,knn,8,True,True,0.08881168310618306
rbf_combined,0.5,1.0,95,19,knn,8,True,True,0.07607414276381652
matcomplete,0.5,1.0,95,19,na,0,True,True,0.08084896305188279
rbf_paired,0.7,0.1,95,0,knn,8,True,True,0.21375121709815795
rbf_unpaired,0.7,0.1,95,0,knn,8,True,True,0.22238190833589613
rbf_combined,0.7,0.1,95,0,knn,8,True,True,0.20763788613458345
matcomplete,0.7,0.1,95,0,na,0,True,True,0.21189209494144615
rbf_paired,0.7,0.1,95,1,knn,8,True,True,0.20722347841131275
rbf_unpaired,0.7,0.1,95,1,knn,8,True,True,0.18061653098468924
rbf_combined,0.7,0.1,95,1,knn,8,True,True,0.1737870573909902
matcomplete,0.7,0.1,95,1,na,0,True,True,0.19536128128597685
rbf_paired,0.7,0.1,95,2,knn,8,True,True,0.1837575197691439
rbf_unpaired,0.7,0.1,95,2,knn,8,True,True,0.19954600622916535
rbf_combined,0.7,0.1,95,2,knn,8,True,True,0.1725202787743886
matcomplete,0.7,0.1,95,2,na,0,True,True,0.19901357106370107
rbf_paired,0.7,0.1,95,3,knn,8,True,True,0.18619363372945835
rbf_unpaired,0.7,0.1,95,3,knn,8,True,True,0.16803881207648186
rbf_combined,0.7,0.1,95,3,knn,8,True,True,0.1704094426977679
matcomplete,0.7,0.1,95,3,na,0,True,True,0.18873313196517985
rbf_paired,0.7,0.1,95,4,knn,8,True,True,0.19395754498672418
rbf_unpaired,0.7,0.1,95,4,knn,8,True,True,0.20556808920832229
rbf_combined,0.7,0.1,95,4,knn,8,True,True,0.17462855182826797
matcomplete,0.7,0.1,95,4,na,0,True,True,0.18546804256208457
rbf_paired,0.7,0.1,95,5,knn,8,True,True,0.19015364221734363
rbf_unpaired,0.7,0.1,95,5,knn,8,True,True,0.20340055505657098
rbf_combined,0.7,0.1,95,5,knn,8,True,True,0.20050575493116096
matcomplete,0.7,0.1,95,5,na,0,True,True,0.20348905199266046
rbf_paired,0.7,0.1,95,6,knn,8,True,True,0.1928745543208299
rbf_unpaired,0.7,0.1,95,6,knn,8,True,True,0.1822169203074059
rbf_combined,0.7,0.1,95,6,knn,8,True,True,0.1866368646748997
matcomplete,0.7,0.1,95,6,na,0,True,True,0.18396025617923528
rbf_paired,0.7,0.1,95,7,knn,8,True,True,0.1951870119207463
rbf_unpaired,0.7,0.1,95,7,knn,8,True,True,0.18616599132191955
rbf_combined,0.7,0.1,95,7,knn,8,True,True,0.19145457326787524
matcomplete,0.7,0.1,95,7,na,0,True,True,0.21420113051746065
rbf_paired,0.7,0.1,95,8,knn,8,True,True,0.18848581298289718
rbf_unpaired,0.7,0.1,95,8,knn,8,True,True,0.2031219598087762
rbf_combined,0.7,0.1,95,8,knn,8,True,True,0.18582770900459203
matcomplete,0.7,0.1,95,8,na,0,True,True,0.19693487836103685
rbf_paired,0.7,0.1,95,9,knn,8,True,True,0.19853118827509803
rbf_unpaired,0.7,0.1,95,9,knn,8,True,True,0.19435695146757928
rbf_combined,0.7,0.1,95,9,knn,8,True,True,0.18470551066212365
matcomplete,0.7,0.1,95,9,na,0,True,True,0.18858417638687847
rbf_paired,0.7,0.1,95,10,knn,8,True,True,0.18029952827274343
rbf_unpaired,0.7,0.1,95,10,knn,8,True,True,0.18210529725729277
rbf_combined,0.7,0.1,95,10,knn,8,True,True,0.1902286033708956
matcomplete,0.7,0.1,95,10,na,0,True,True,0.18311059510965944
rbf_paired,0.7,0.1,95,11,knn,8,True,True,0.2351755986141606
rbf_unpaired,0.7,0.1,95,11,knn,8,True,True,0.22953977848775894
rbf_combined,0.7,0.1,95,11,knn,8,True,True,0.21078807868910548
matcomplete,0.7,0.1,95,11,na,0,True,True,0.21616597354243317
rbf_paired,0.7,0.1,95,12,knn,8,True,True,0.1729866978360324
rbf_unpaired,0.7,0.1,95,12,knn,8,True,True,0.1889906719577185
rbf_combined,0.7,0.1,95,12,knn,8,True,True,0.18376598727567017
matcomplete,0.7,0.1,95,12,na,0,True,True,0.21582326850877512
rbf_paired,0.7,0.1,95,13,knn,8,True,True,0.17041498115026726
rbf_unpaired,0.7,0.1,95,13,knn,8,True,True,0.17360678656953815
rbf_combined,0.7,0.1,95,13,knn,8,True,True,0.15769323657708226
matcomplete,0.7,0.1,95,13,na,0,True,True,0.166244655858176
rbf_paired,0.7,0.1,95,14,knn,8,True,True,0.20101861867121237
rbf_unpaired,0.7,0.1,95,14,knn,8,True,True,0.2030405148388673
rbf_combined,0.7,0.1,95,14,knn,8,True,True,0.18865827274452013
matcomplete,0.7,0.1,95,14,na,0,True,True,0.18101598659598475
rbf_paired,0.7,0.1,95,15,knn,8,True,True,0.22073538875118673
rbf_unpaired,0.7,0.1,95,15,knn,8,True,True,0.23403337407188407
rbf_combined,0.7,0.1,95,15,knn,8,True,True,0.22228170251060744
matcomplete,0.7,0.1,95,15,na,0,True,True,0.24199955082294863
rbf_paired,0.7,0.1,95,16,knn,8,True,True,0.1981624539916808
rbf_unpaired,0.7,0.1,95,16,knn,8,True,True,0.19263465022844342
rbf_combined,0.7,0.1,95,16,knn,8,True,True,0.19516792139456235
matcomplete,0.7,0.1,95,16,na,0,True,True,0.19995720838758327
rbf_paired,0.7,0.1,95,17,knn,8,True,True,0.16929926108414545
rbf_unpaired,0.7,0.1,95,17,knn,8,True,True,0.17100639779823582
rbf_combined,0.7,0.1,95,17,knn,8,True,True,0.18309687265043864
matcomplete,0.7,0.1,95,17,na,0,True,True,0.18811073065495024
rbf_paired,0.7,0.1,95,18,knn,8,True,True,0.18094734333982548
rbf_unpaired,0.7,0.1,95,18,knn,8,True,True,0.19500651293806046
rbf_combined,0.7,0.1,95,18,knn,8,True,True,0.17967829415457412
matcomplete,0.7,0.1,95,18,na,0,True,True,0.16984176221642974
rbf_paired,0.7,0.1,95,19,knn,8,True,True,0.194618639655569
rbf_unpaired,0.7,0.1,95,19,knn,8,True,True,0.1912249534297651
rbf_combined,0.7,0.1,95,19,knn,8,True,True,0.1908895010656629
matcomplete,0.7,0.1,95,19,na,0,True,True,0.17289257308959669
rbf_paired,0.7,0.3,95,0,knn,8,True,True,0.12419711384970748
rbf_unpaired,0.7,0.3,95,0,knn,8,True,True,0.11663820773075803
rbf_combined,0.7,0.3,95,0,knn,8,True,True,0.10251536327281528
matcomplete,0.7,0.3,95,0,na,0,True,True,0.10555443827467781
rbf_paired,0.7,0.3,95,1,knn,8,True,True,0.10675174505051771
rbf_unpaired,0.7,0.3,95,1,knn,8,True,True,0.13208587719783613
rbf_combined,0.7,0.3,95,1,knn,8,True,True,0.10515676973228974
matcomplete,0.7,0.3,95,1,na,0,True,True,0.10267884303367894
rbf_paired,0.7,0.3,95,2,knn,8,True,True,0.12147875072018575
rbf_unpaired,0.7,0.3,95,2,knn,8,True,True,0.12833841886017322
rbf_combined,0.7,0.3,95,2,knn,8,True,True,0.10826196471304003
matcomplete,0.7,0.3,95,2,na,0,True,True,0.11334396885633148
rbf_paired,0.7,0.3,95,3,knn,8,True,True,0.10413544740091171
rbf_unpaired,0.7,0.3,95,3,knn,8,True,True,0.10229488468897056
rbf_combined,0.7,0.3,95,3,knn,8,True,True,0.09583050953861308
matcomplete,0.7,0.3,95,3,na,0,True,True,0.1012142771826374
rbf_paired,0.7,0.3,95,4,knn,8,True,True,0.11633381740864604
rbf_unpaired,0.7,0.3,95,4,knn,8,True,True,0.12327812245204575
rbf_combined,0.7,0.3,95,4,knn,8,True,True,0.10965405736025786
matcomplete,0.7,0.3,95,4,na,0,True,True,0.1057126936358951
rbf_paired,0.7,0.3,95,5,knn,8,True,True,0.09612155755977135
rbf_unpaired,0.7,0.3,95,5,knn,8,True,True,0.10247949230640606
rbf_combined,0.7,0.3,95,5,knn,8,True,True,0.09190322029342411
matcomplete,0.7,0.3,95,5,na,0,True,True,0.10536025999608399
rbf_paired,0.7,0.3,95,6,knn,8,True,True,0.11099844734657315
rbf_unpaired,0.7,0.3,95,6,knn,8,True,True,0.11281810405831745
rbf_combined,0.7,0.3,95,6,knn,8,True,True,0.09295117503392056
matcomplete,0.7,0.3,95,6,na,0,True,True,0.10224099405893261
rbf_paired,0.7,0.3,95,7,knn,8,True,True,0.11415896387943146
rbf_unpaired,0.7,0.3,95,7,knn,8,True,True,0.12304162514048125
rbf_combined,0.7,0.3,95,7,knn,8,True,True,0.11046954451157617
matcomplete,0.7,0.3,95,7,na,0,True,True,0.09618411283757311
rbf_paired,0.7,0.3,95,8,knn,8,True,True,0.11644807187243318
rbf_unpaired,0.7,0.3,95,8,knn,8,True,True,0.12970716385489406
rbf_combined,0.7,0.3,95,8,knn,8,True,True,0.10679679086304207
matcomplete,0.7,0.3,95,8,na,0,True,True,0.10564081306599477
rbf_paired,0.7,0.3,95,9,knn,8,True,True,0.11169403588081973
rbf_unpaired,0.7,0.3,95,9,knn,8,True,True,0.11213332351398808
rbf_combined,0.7,0.3,95,9,knn,8,True,True,0.09934208927853344
matcomplete,0.7,0.3,95,9,na,0,True,True,0.09452978075894218
rbf_paired,0.7,0.3,95,10,knn,8,True,True,0.1281053817353794
rbf_unpaired,0.7,0.3,95,10,knn,8,True,True,0.1195388581641609
rbf_combined,0.7,0.3,95,10,knn,8,True,True,0.12113483706470514
matcomplete,0.7,0.3,95,10,na,0,True,True,0.13432002645693117
rbf_paired,0.7,0.3,95,11,knn,8,True,True,0.11452464956762848
rbf_unpaired,0.7,0.3,95,11,knn,8,True,True,0.12363998290535612
rbf_combined,0.7,0.3,95,11,knn,8,True,True,0.11827969777875666
matcomplete,0.7,0.3,95,11,na,0,True,True,0.13052740931310944
rbf_paired,0.7,0.3,95,12,knn,8,True,True,0.10753631964768612
rbf_unpaired,0.7,0.3,95,12,knn,8,True,True,0.11649895806759179
rbf_combined,0.7,0.3,95,12,knn,8,True,True,0.11333850122331719
matcomplete,0.7,0.3,95,12,na,0,True,True,0.11294154525931567
rbf_paired,0.7,0.3,95,13,knn,8,True,True,0.09581321063797685
rbf_unpaired,0.7,0.3,95,13,knn,8,True,True,0.11365844012938087
rbf_combined,0.7,0.3,95,13,knn,8,True,True,0.08833559087371294
matcomplete,0.7,0.3,95,13,na,0,True,True,0.13111167998131062
rbf_paired,0.7,0.3,95,14,knn,8,True,True,0.10870509661558393
rbf_unpaired,0.7,0.3,95,14,knn,8,True,True,0.12390237305714918
rbf_combined,0.7,0.3,95,14,knn,8,True,True,0.11213991481857802
matcomplete,0.7,0.3,95,14,na,0,True,True,0.11482636933345912
rbf_paired,0.7,0.3,95,15,knn,8,True,True,0.11597473250480558
rbf_unpaired,0.7,0.3,95,15,knn,8,True,True,0.13279381545219088
rbf_combined,0.7,0.3,95,15,knn,8,True,True,0.10448677816948752
matcomplete,0.7,0.3,95,15,na,0,True,True,0.10443255876795529
rbf_paired,0.7,0.3,95,16,knn,8,True,True,0.10074604083637627
rbf_unpaired,0.7,0.3,95,16,knn,8,True,True,0.11216453848992952
rbf_combined,0.7,0.3,95,16,knn,8,True,True,0.10140176158854843
matcomplete,0.7,0.3,95,16,na,0,True,True,0.11273336650806892
rbf_paired,0.7,0.3,95,17,knn,8,True,True,0.10817434815943754
rbf_unpaired,0.7,0.3,95,17,knn,8,True,True,0.1173895310303553
rbf_combined,0.7,0.3,95,17,knn,8,True,True,0.10085768183572172
matcomplete,0.7,0.3,95,17,na,0,True,True,0.10756970478342646
rbf_paired,0.7,0.3,95,18,knn,8,True,True,0.1088509305397875
rbf_unpaired,0.7,0.3,95,18,knn,8,True,True,0.1067142097498985
rbf_combined,0.7,0.3,95,18,knn,8,True,True,0.09233275296097279
matcomplete,0.7,0.3,95,18,na,0,True,True,0.10688066843450425
rbf_paired,0.7,0.3,95,19,knn,8,True,True,0.12170926245914379
rbf_unpaired,0.7,0.3,95,19,knn,8,True,True,0.12665735023812516
rbf_combined,0.7,0.3,95,19,knn,8,True,True,0.10826986112529166
matcomplete,0.7,0.3,95,19,na,0,True,True,0.10282186417782141
rbf_paired,0.7,0.5,95,0,knn,8,True,True,0.08975606752831267
rbf_unpaired,0.7,0.5,95,0,knn,8,True,True,0.10109636769236903
rbf_combined,0.7,0.5,95,0,knn,8,True,True,0.08620131135694854
matcomplete,0.7,0.5,95,0,na,0,True,True,0.10212581028665493
rbf_paired,0.7,0.5,95,1,knn,8,True,True,0.07636912866733789
rbf_unpaired,0.7,0.5,95,1,knn,8,True,True,0.10327032606892977
rbf_combined,0.7,0.5,95,1,knn,8,True,True,0.07671972244396026
matcomplete,0.7,0.5,95,1,na,0,True,True,0.09083109587355477
rbf_paired,0.7,0.5,95,2,knn,8,True,True,0.09979727333473912
rbf_unpaired,0.7,0.5,95,2,knn,8,True,True,0.10155756885421507
rbf_combined,0.7,0.5,95,2,knn,8,True,True,0.08517123001544473
matcomplete,0.7,0.5,95,2,na,0,True,True,0.08791680381900273
rbf_paired,0.7,0.5,95,3,knn,8,True,True,0.1006553963224297
rbf_unpaired,0.7,0.5,95,3,knn,8,True,True,0.10510765142313336
rbf_combined,0.7,0.5,95,3,knn,8,True,True,0.08643052064104803
matcomplete,0.7,0.5,95,3,na,0,True,True,0.08746466223964114
rbf_paired,0.7,0.5,95,4,knn,8,True,True,0.10040345673773997
rbf_unpaired,0.7,0.5,95,4,knn,8,True,True,0.10679985672942703
rbf_combined,0.7,0.5,95,4,knn,8,True,True,0.08917545337895197
matcomplete,0.7,0.5,95,4,na,0,True,True,0.10308298951327212
rbf_paired,0.7,0.5,95,5,knn,8,True,True,0.08221977438190636
rbf_unpaired,0.7,0.5,95,5,knn,8,True,True,0.08868487747608172
rbf_combined,0.7,0.5,95,5,knn,8,True,True,0.08344154887685994
matcomplete,0.7,0.5,95,5,na,0,True,True,0.09257064031407494
rbf_paired,0.7,0.5,95,6,knn,8,True,True,0.08631440190613603
rbf_unpaired,0.7,0.5,95,6,knn,8,True,True,0.09440205863258756
rbf_combined,0.7,0.5,95,6,knn,8,True,True,0.08356585609813122
matcomplete,0.7,0.5,95,6,na,0,True,True,0.10187002960178597
rbf_paired,0.7,0.5,95,7,knn,8,True,True,0.0966968057586641
rbf_unpaired,0.7,0.5,95,7,knn,8,True,True,0.11151000780934478
rbf_combined,0.7,0.5,95,7,knn,8,True,True,0.08591899601948569
matcomplete,0.7,0.5,95,7,na,0,True,True,0.08642556913317491
rbf_paired,0.7,0.5,95,8,knn,8,True,True,0.09341104770026465
rbf_unpaired,0.7,0.5,95,8,knn,8,True,True,0.12685919200642784
rbf_combined,0.7,0.5,95,8,knn,8,True,True,0.08349977299199945
matcomplete,0.7,0.5,95,8,na,0,True,True,0.09133024546694549
rbf_paired,0.7,0.5,95,9,knn,8,True,True,0.09184894523726904
rbf_unpaired,0.7,0.5,95,9,knn,8,True,True,0.10034009648601294
rbf_combined,0.7,0.5,95,9,knn,8,True,True,0.08028691391157222
matcomplete,0.7,0.5,95,9,na,0,True,True,0.09896145613620125
rbf_paired,0.7,0.5,95,10,knn,8,True,True,0.10311075957004236
rbf_unpaired,0.7,0.5,95,10,knn,8,True,True,0.1056088451111146
rbf_combined,0.7,0.5,95,10,knn,8,True,True,0.08930863697138103
matcomplete,0.7,0.5,95,10,na,0,True,True,0.10075307230733836
rbf_paired,0.7,0.5,95,11,knn,8,True,True,0.10100123511262475
rbf_unpaired,0.7,0.5,95,11,knn,8,True,True,0.10785409627477366
rbf_combined,0.7,0.5,95,11,knn,8,True,True,0.09040730688222212
matcomplete,0.7,0.5,95,11,na,0,True,True,0.11555318680648831
rbf_paired,0.7,0.5,95,12,knn,8,True,True,0.0978478839156599
rbf_unpaired,0.7,0.5,95,12,knn,8,True,True,0.1009638805566193
rbf_combined,0.7,0.5,95,12,knn,8,True,True,0.08649810317758565
matcomplete,0.7,0.5,95,12,na,0,True,True,0.11277194189174532
rbf_paired,0.7,0.5,95,13,knn,8,True,True,0.07981451053342695
rbf_unpaired,0.7,0.5,95,13,knn,8,True,True,0.09161264259691859
rbf_combined,0.7,0.5,95,13,knn,8,True,True,0.07707002707578216
matcomplete,0.7,0.5,95,13,na,0,True,True,0.09493453097534782
rbf_paired,0.7,0.5,95,14,knn,8,True,True,0.1011431700002786
rbf_unpaired,0.7,0.5,95,14,knn,8,True,True,0.0960939629715116
rbf_combined,0.7,0.5,95,14,knn,8,True,True,0.08514026088030584
matcomplete,0.7,0.5,95,14,na,0,True,True,0.08310881487953994
rbf_paired,0.7,0.5,95,15,knn,8,True,True,0.09470533581488097
rbf_unpaired,0.7,0.5,95,15,knn,8,True,True,0.10395186513874766
rbf_combined,0.7,0.5,95,15,knn,8,True,True,0.07930368509062205
matcomplete,0.7,0.5,95,15,na,0,True,True,0.08738430446828252
rbf_paired,0.7,0.5,95,16,knn,8,True,True,0.08160676180378285
rbf_unpaired,0.7,0.5,95,16,knn,8,True,True,0.0914488315169661
rbf_combined,0.7,0.5,95,16,knn,8,True,True,0.07829888692957795
matcomplete,0.7,0.5,95,16,na,0,True,True,0.10007966826105404
rbf_paired,0.7,0.5,95,17,knn,8,True,True,0.08958869167643023
rbf_unpaired,0.7,0.5,95,17,knn,8,True,True,0.09148808025954513
rbf_combined,0.7,0.5,95,17,knn,8,True,True,0.07987348298930015
matcomplete,0.7,0.5,95,17,na,0,True,True,0.09187539898451175
rbf_paired,0.7,0.5,95,18,knn,8,True,True,0.08793921329269166
rbf_unpaired,0.7,0.5,95,18,knn,8,True,True,0.09205941022198813
rbf_combined,0.7,0.5,95,18,knn,8,True,True,0.080004996391727
matcomplete,0.7,0.5,95,18,na,0,True,True,0.08354741232253352
rbf_paired,0.7,0.5,95,19,knn,8,True,True,0.092154377689646
rbf_unpaired,0.7,0.5,95,19,knn,8,True,True,0.09911170429149752
rbf_combined,0.7,0.5,95,19,knn,8,True,True,0.07858475672343691
matcomplete,0.7,0.5,95,19,na,0,True,True,0.09132243221631303
rbf_paired,0.7,1.0,95,0,knn,8,True,True,0.08674277857196697
rbf_unpaired,0.7,1.0,95,0,knn,8,True,True,0.08589806631461286
rbf_combined,0.7,1.0,95,0,knn,8,True,True,0.06839708655791807
matcomplete,0.7,1.0,95,0,na,0,True,True,0.08225234906288091
rbf_paired,0.7,1.0,95,1,knn,8,True,True,0.07185637401133892
rbf_unpaired,0.7,1.0,95,1,knn,8,True,True,0.08979321132410653
rbf_combined,0.7,1.0,95,1,knn,8,True,True,0.07100898878593237
matcomplete,0.7,1.0,95,1,na,0,True,True,0.08348897622669423
rbf_paired,0.7,1.0,95,2,knn,8,True,True,0.08453202835698671
rbf_unpaired,0.7,1.0,95,2,knn,8,True,True,0.08885946044205423
rbf_combined,0.7,1.0,95,2,knn,8,True,True,0.07470629440258879
matcomplete,0.7,1.0,95,2,na,0,True,True,0.08279557547258799
rbf_paired,0.7,1.0,95,3,knn,8,True,True,0.0819329707229667
rbf_unpaired,0.7,1.0,95,3,knn,8,True,True,0.09125271815170738
rbf_combined,0.7,1.0,95,3,knn,8,True,True,0.06839483736179182
matcomplete,0.7,1.0,95,3,na,0,True,True,0.07019255764498906
rbf_paired,0.7,1.0,95,4,knn,8,True,True,0.08297458421755285
rbf_unpaired,0.7,1.0,95,4,knn,8,True,True,0.08447824615723344
rbf_combined,0.7,1.0,95,4,knn,8,True,True,0.07258995361172046
matcomplete,0.7,1.0,95,4,na,0,True,True,0.08994730961243587
rbf_paired,0.7,1.0,95,5,knn,8,True,True,0.06742362563963254
rbf_unpaired,0.7,1.0,95,5,knn,8,True,True,0.07761406212297028
rbf_combined,0.7,1.0,95,5,knn,8,True,True,0.06642640667328044
matcomplete,0.7,1.0,95,5,na,0,True,True,0.0781828284638222
rbf_paired,0.7,1.0,95,6,knn,8,True,True,0.08008973742093381
rbf_unpaired,0.7,1.0,95,6,knn,8,True,True,0.09216145743046003
rbf_combined,0.7,1.0,95,6,knn,8,True,True,0.07703167761174781
matcomplete,0.7,1.0,95,6,na,0,True,True,0.08646185097516369
rbf_paired,0.7,1.0,95,7,knn,8,True,True,0.08555117315356783
rbf_unpaired,0.7,1.0,95,7,knn,8,True,True,0.09661604370491132
rbf_combined,0.7,1.0,95,7,knn,8,True,True,0.07385340491539306
matcomplete,0.7,1.0,95,7,na,0,True,True,0.07321000834093959
rbf_paired,0.7,1.0,95,8,knn,8,True,True,0.08144666189863575
rbf_unpaired,0.7,1.0,95,8,knn,8,True,True,0.09794707974725361
rbf_combined,0.7,1.0,95,8,knn,8,True,True,0.06551023216085854
matcomplete,0.7,1.0,95,8,na,0,True,True,0.07521361685736135
rbf_paired,0.7,1.0,95,9,knn,8,True,True,0.07639528271308615
rbf_unpaired,0.7,1.0,95,9,knn,8,True,True,0.08792203817218681
rbf_combined,0.7,1.0,95,9,knn,8,True,True,0.06593110608834934
matcomplete,0.7,1.0,95,9,na,0,True,True,0.07759800939203973
rbf_paired,0.7,1.0,95,10,knn,8,True,True,0.08169758917892331
rbf_unpaired,0.7,1.0,95,10,knn,8,True,True,0.07775456495243707
rbf_combined,0.7,1.0,95,10,knn,8,True,True,0.06545366348031219
matcomplete,0.7,1.0,95,10,na,0,True,True,0.07700331709085678
rbf_paired,0.7,1.0,95,11,knn,8,True,True,0.08661345010360322
rbf_unpaired,0.7,1.0,95,11,knn,8,True,True,0.09546232130256897
rbf_combined,0.7,1.0,95,11,knn,8,True,True,0.08088922529521723
matcomplete,0.7,1.0,95,11,na,0,True,True,0.09486085443969645
rbf_paired,0.7,1.0,95,12,knn,8,True,True,0.08706811974337424
rbf_unpaired,0.7,1.0,95,12,knn,8,True,True,0.08624406585495793
rbf_combined,0.7,1.0,95,12,knn,8,True,True,0.0771918307536484
matcomplete,0.7,1.0,95,12,na,0,True,True,0.08019280398308502
rbf_paired,0.7,1.0,95,13,knn,8,True,True,0.061235967406220365
rbf_unpaired,0.7,1.0,95,13,knn,8,True,True,0.07871404155089272
rbf_combined,0.7,1.0,95,13,knn,8,True,True,0.06011115422965323
matcomplete,0.7,1.0,95,13,na,0,True,True,0.07922669789743064
rbf_paired,0.7,1.0,95,14,knn,8,True,True,0.08521508530989924
rbf_unpaired,0.7,1.0,95,14,knn,8,True,True,0.08858312267122925
rbf_combined,0.7,1.0,95,14,knn,8,True,True,0.07026473599052063
matcomplete,0.7,1.0,95,14,na,0,True,True,0.0785161960922846
rbf_paired,0.7,1.0,95,15,knn,8,True,True,0.08125114343560616
rbf_unpaired,0.7,1.0,95,15,knn,8,True,True,0.08848509473519661
rbf_combined,0.7,1.0,95,15,knn,8,True,True,0.06741702560482378
matcomplete,0.7,1.0,95,15,na,0,True,True,0.08245801873060239
rbf_paired,0.7,1.0,95,16,knn,8,True,True,0.07215147241085157
rbf_unpaired,0.7,1.0,95,16,knn,8,True,True,0.08320284000253483
rbf_combined,0.7,1.0,95,16,knn,8,True,True,0.06667722839793115
matcomplete,0.7,1.0,95,16,na,0,True,True,0.08433509961134171
rbf_paired,0.7,1.0,95,17,knn,8,True,True,0.07177434804096179
rbf_unpaired,0.7,1.0,95,17,knn,8,True,True,0.08483249511286327
rbf_combined,0.7,1.0,95,17,knn,8,True,True,0.0691636765805806
matcomplete,0.7,1.0,95,17,na,0,True,True,0.07396873428735819
rbf_paired,0.7,1.0,95,18,knn,8,True,True,0.0764474785916434
rbf_unpaired,0.7,1.0,95,18,knn,8,True,True,0.08549491310324772
rbf_combined,0.7,1.0,95,18,knn,8,True,True,0.07067985252519914
matcomplete,0.7,1.0,95,18,na,0,True,True,0.08691578234140394
rbf_paired,0.7,1.0,95,19,knn,8,True,True,0.07006739763673983
rbf_unpaired,0.7,1.0,95,19,knn,8,True,True,0.08350597551271866
rbf_combined,0.7,1.0,95,19,knn,8,True,True,0.05856804046406809
matcomplete,0.7,1.0,95,19,na,0,True,True,0.06547541727097973
rbf_paired,0.9,0.1,95,0,knn,8,True,True,0.17700769842843353
rbf_unpaired,0.9,0.1,95,0,knn,8,True,True,0.17587895943091228
rbf_combined,0.9,0.1,95,0,knn,8,True,True,0.16690037608576724
matcomplete,0.9,0.1,95,0,na,0,True,True,0.1940623267264415
rbf_paired,0.9,0.1,95,1,knn,8,True,True,0.15858316176324067
rbf_unpaired,0.9,0.1,95,1,knn,8,True,True,0.18995502369573106
rbf_combined,0.9,0.1,95,1,knn,8,True,True,0.16805952046927702
matcomplete,0.9,0.1,95,1,na,0,True,True,0.1864391309936265
rbf_paired,0.9,0.1,95,2,knn,8,True,True,0.2015194332526695
rbf_unpaired,0.9,0.1,95,2,knn,8,True,True,0.19865780149507428
rbf_combined,0.9,0.1,95,2,knn,8,True,True,0.19901036219447588
matcomplete,0.9,0.1,95,2,na,0,True,True,0.222569929338287
rbf_paired,0.9,0.1,95,3,knn,8,True,True,0.13198955448400582
rbf_unpaired,0.9,0.1,95,3,knn,8,True,True,0.18486704450104138
rbf_combined,0.9,0.1,95,3,knn,8,True,True,0.14499282982221695
matcomplete,0.9,0.1,95,3,na,0,True,True,0.15034807369103845
rbf_paired,0.9,0.1,95,4,knn,8,True,True,0.20069221653326633
rbf_unpaired,0.9,0.1,95,4,knn,8,True,True,0.24221179879074192
rbf_combined,0.9,0.1,95,4,knn,8,True,True,0.20696985127259493
matcomplete,0.9,0.1,95,4,na,0,True,True,0.2084876320292041
rbf_paired,0.9,0.1,95,5,knn,8,True,True,0.21150600665067998
rbf_unpaired,0.9,0.1,95,5,knn,8,True,True,0.21525716091507674
rbf_combined,0.9,0.1,95,5,knn,8,True,True,0.20752368341537683
matcomplete,0.9,0.1,95,5,na,0,True,True,0.1818756776903242
rbf_paired,0.9,0.1,95,6,knn,8,True,True,0.1749678760281454
rbf_unpaired,0.9,0.1,95,6,knn,8,True,True,0.17293567789493441
rbf_combined,0.9,0.1,95,6,knn,8,True,True,0.19628063566069354
matcomplete,0.9,0.1,95,6,na,0,True,True,0.17703970680718262
rbf_paired,0.9,0.1,95,7,knn,8,True,True,0.17791305841840735
rbf_unpaired,0.9,0.1,95,7,knn,8,True,True,0.20079483335550938
rbf_combined,0.9,0.1,95,7,knn,8,True,True,0.18327115145507789
matcomplete,0.9,0.1,95,7,na,0,True,True,0.19665698815751811
rbf_paired,0.9,0.1,95,8,knn,8,True,True,0.1831199402731076
rbf_unpaired,0.9,0.1,95,8,knn,8,True,True,0.19105076418015307
rbf_combined,0.9,0.1,95,8,knn,8,True,True,0.18488068259373966
matcomplete,0.9,0.1,95,8,na,0,True,True,0.1616927082651848
rbf_paired,0.9,0.1,95,9,knn,8,True,True,0.16619693876667643
rbf_unpaired,0.9,0.1,95,9,knn,8,True,True,0.17432092703550656
rbf_combined,0.9,0.1,95,9,knn,8,True,True,0.1707575007389469
matcomplete,0.9,0.1,95,9,na,0,True,True,0.193206572638766
rbf_paired,0.9,0.1,95,10,knn,8,True,True,0.191827066219493
rbf_unpaired,0.9,0.1,95,10,knn,8,True,True,0.20368206527203617
rbf_combined,0.9,0.1,95,10,knn,8,True,True,0.20599461134346891
matcomplete,0.9,0.1,95,10,na,0,True,True,0.19986026181273261
rbf_paired,0.9,0.1,95,11,knn,8,True,True,0.1803155091250598
rbf_unpaired,0.9,0.1,95,11,knn,8,True,True,0.15717324025094367
rbf_combined,0.9,0.1,95,11,knn,8,True,True,0.16679808056324522
matcomplete,0.9,0.1,95,11,na,0,True,True,0.18388401889088618
rbf_paired,0.9,0.1,95,12,knn,8,True,True,0.17355217304057668
rbf_unpaired,0.9,0.1,95,12,knn,8,True,True,0.1783976451173135
rbf_combined,0.9,0.1,95,12,knn,8,True,True,0.1806010991919119
matcomplete,0.9,0.1,95,12,na,0,True,True,0.20748065711739413
rbf_paired,0.9,0.1,95,13,knn,8,True,True,0.16811564334660622
rbf_unpaired,0.9,0.1,95,13,knn,8,True,True,0.15029558530218057
rbf_combined,0.9,0.1,95,13,knn,8,True,True,0.1653613325602832
matcomplete,0.9,0.1,95,13,na,0,True,True,0.19814963343424036
rbf_paired,0.9,0.1,95,14,knn,8,True,True,0.19216791846415818
rbf_unpaired,0.9,0.1,95,14,knn,8,True,True,0.2000503478122361
rbf_combined,0.9,0.1,95,14,knn,8,True,True,0.1660528073054401
matcomplete,0.9,0.1,95,14,na,0,True,True,0.20300784341093267
rbf_paired,0.9,0.1,95,15,knn,8,True,True,0.21064701804783997
rbf_unpaired,0.9,0.1,95,15,knn,8,True,True,0.18980019620373512
rbf_combined,0.9,0.1,95,15,knn,8,True,True,0.19965045708450863
matcomplete,0.9,0.1,95,15,na,0,True,True,0.1783723917715384
rbf_paired,0.9,0.1,95,16,knn,8,True,True,0.19767894589243504
rbf_unpaired,0.9,0.1,95,16,knn,8,True,True,0.18960247075651562
rbf_combined,0.9,0.1,95,16,knn,8,True,True,0.19854433464392646
matcomplete,0.9,0.1,95,16,na,0,True,True,0.21229229447429898
rbf_paired,0.9,0.1,95,17,knn,8,True,True,0.1772454522613742
rbf_unpaired,0.9,0.1,95,17,knn,8,True,True,0.2009369982601681
rbf_combined,0.9,0.1,95,17,knn,8,True,True,0.1893647078033
matcomplete,0.9,0.1,95,17,na,0,True,True,0.20327616126019257
rbf_paired,0.9,0.1,95,18,knn,8,True,True,0.1545871504202902
rbf_unpaired,0.9,0.1,95,18,knn,8,True,True,0.14491937334794153
rbf_combined,0.9,0.1,95,18,knn,8,True,True,0.1407881473764192
matcomplete,0.9,0.1,95,18,na,0,True,True,0.16115601250824343
rbf_paired,0.9,0.1,95,19,knn,8,True,True,0.19913410623053487
rbf_unpaired,0.9,0.1,95,19,knn,8,True,True,0.19325786898157735
rbf_combined,0.9,0.1,95,19,knn,8,True,True,0.19252358809783904
matcomplete,0.9,0.1,95,19,na,0,True,True,0.17117426621459642
rbf_paired,0.9,0.3,95,0,knn,8,True,True,0.10691539462579167
rbf_unpaired,0.9,0.3,95,0,knn,8,True,True,0.0999329241461024
rbf_combined,0.9,0.3,95,0,knn,8,True,True,0.10945155655256268
matcomplete,0.9,0.3,95,0,na,0,True,True,0.148956697085878
rbf_paired,0.9,0.3,95,1,knn,8,True,True,0.09720008829937393
rbf_unpaired,0.9,0.3,95,1,knn,8,True,True,0.11366519847307381
rbf_combined,0.9,0.3,95,1,knn,8,True,True,0.09715000825718945
matcomplete,0.9,0.3,95,1,na,0,True,True,0.11668315282854119
rbf_paired,0.9,0.3,95,2,knn,8,True,True,0.1160872605487419
rbf_unpaired,0.9,0.3,95,2,knn,8,True,True,0.1380161695608223
rbf_combined,0.9,0.3,95,2,knn,8,True,True,0.11294885316351186
matcomplete,0.9,0.3,95,2,na,0,True,True,0.135243847009374
rbf_paired,0.9,0.3,95,3,knn,8,True,True,0.08536063706599671
rbf_unpaired,0.9,0.3,95,3,knn,8,True,True,0.113559262406071
rbf_combined,0.9,0.3,95,3,knn,8,True,True,0.08305360497491442
matcomplete,0.9,0.3,95,3,na,0,True,True,0.08629964240033935
rbf_paired,0.9,0.3,95,4,knn,8,True,True,0.11462344821905715
rbf_unpaired,0.9,0.3,95,4,knn,8,True,True,0.14001485512150733
rbf_combined,0.9,0.3,95,4,knn,8,True,True,0.11196726422447563
matcomplete,0.9,0.3,95,4,na,0,True,True,0.11652810660391746
rbf_paired,0.9,0.3,95,5,knn,8,True,True,0.08174758832066516
rbf_unpaired,0.9,0.3,95,5,knn,8,True,True,0.12061508030917419
rbf_combined,0.9,0.3,95,5,knn,8,True,True,0.08145117325497153
matcomplete,0.9,0.3,95,5,na,0,True,True,0.10177090758783114
rbf_paired,0.9,0.3,95,6,knn,8,True,True,0.09974047029063939
rbf_unpaired,0.9,0.3,95,6,knn,8,True,True,0.11081866731038578
rbf_combined,0.9,0.3,95,6,knn,8,True,True,0.0936201699892938
matcomplete,0.9,0.3,95,6,na,0,True,True,0.128962668100567
rbf_paired,0.9,0.3,95,7,knn,8,True,True,0.11600220933573953
rbf_unpaired,0.9,0.3,95,7,knn,8,True,True,0.14480190530744852
rbf_combined,0.9,0.3,95,7,knn,8,True,True,0.10875859842400984
matcomplete,0.9,0.3,95,7,na,0,True,True,0.0715879024467514
rbf_paired,0.9,0.3,95,8,knn,8,True,True,0.0855710217465117
rbf_unpaired,0.9,0.3,95,8,knn,8,True,True,0.12336457607144512
rbf_combined,0.9,0.3,95,8,knn,8,True,True,0.1033450461340388
matcomplete,0.9,0.3,95,8,na,0,True,True,0.1263480896418594
rbf_paired,0.9,0.3,95,9,knn,8,True,True,0.08445394981585236
rbf_unpaired,0.9,0.3,95,9,knn,8,True,True,0.10357754455190381
rbf_combined,0.9,0.3,95,9,knn,8,True,True,0.08236873854676942
matcomplete,0.9,0.3,95,9,na,0,True,True,0.10798095001878669
rbf_paired,0.9,0.3,95,10,knn,8,True,True,0.10013234985925314
rbf_unpaired,0.9,0.3,95,10,knn,8,True,True,0.12109919608632728
rbf_combined,0.9,0.3,95,10,knn,8,True,True,0.09115154136642217
matcomplete,0.9,0.3,95,10,na,0,True,True,0.13035770918108897
rbf_paired,0.9,0.3,95,11,knn,8,True,True,0.09433365503069178
rbf_unpaired,0.9,0.3,95,11,knn,8,True,True,0.1071769847462265
rbf_combined,0.9,0.3,95,11,knn,8,True,True,0.08409741588191155
matcomplete,0.9,0.3,95,11,na,0,True,True,0.1071184723586212
rbf_paired,0.9,0.3,95,12,knn,8,True,True,0.10698867905115271
rbf_unpaired,0.9,0.3,95,12,knn,8,True,True,0.11823942588578408
rbf_combined,0.9,0.3,95,12,knn,8,True,True,0.11583701270635462
matcomplete,0.9,0.3,95,12,na,0,True,True,0.11727335021219981
rbf_paired,0.9,0.3,95,13,knn,8,True,True,0.1188157943956966
rbf_unpaired,0.9,0.3,95,13,knn,8,True,True,0.13149402217699635
rbf_combined,0.9,0.3,95,13,knn,8,True,True,0.1159753889739773
matcomplete,0.9,0.3,95,13,na,0,True,True,0.10109610578000715
rbf_paired,0.9,0.3,95,14,knn,8,True,True,0.12574255930384814
rbf_unpaired,0.9,0.3,95,14,knn,8,True,True,0.12472436674216227
rbf_combined,0.9,0.3,95,14,knn,8,True,True,0.11192563823270535
matcomplete,0.9,0.3,95,14,na,0,True,True,0.12169398237122084
rbf_paired,0.9,0.3,95,15,knn,8,True,True,0.09439742626958561
rbf_unpaired,0.9,0.3,95,15,knn,8,True,True,0.11452101340651909
rbf_combined,0.9,0.3,95,15,knn,8,True,True,0.09962306193277985
matcomplete,0.9,0.3,95,15,na,0,True,True,0.10448043863116016
rbf_paired,0.9,0.3,95,16,knn,8,True,True,0.09804752175009582
rbf_unpaired,0.9,0.3,95,16,knn,8,True,True,0.10267929900643963
rbf_combined,0.9,0.3,95,16,knn,8,True,True,0.11484816321802435
matcomplete,0.9,0.3,95,16,na,0,True,True,0.10135792019123409
rbf_paired,0.9,0.3,95,17,knn,8,True,True,0.07460747700247257
rbf_unpaired,0.9,0.3,95,17,knn,8,True,True,0.15532203281581133
rbf_combined,0.9,0.3,95,17,knn,8,True,True,0.09113499938933409
matcomplete,0.9,0.3,95,17,na,0,True,True,0.09469801730042314
rbf_paired,0.9,0.3,95,18,knn,8,True,True,0.07508541305863282
rbf_unpaired,0.9,0.3,95,18,knn,8,True,True,0.09282986152021178
rbf_combined,0.9,0.3,95,18,knn,8,True,True,0.07290795242644516
matcomplete,0.9,0.3,95,18,na,0,True,True,0.09103412945703104
rbf_paired,0.9,0.3,95,19,knn,8,True,True,0.09218161606212788
rbf_unpaired,0.9,0.3,95,19,knn,8,True,True,0.10356682026084717
rbf_combined,0.9,0.3,95,19,knn,8,True,True,0.07999368627560015
matcomplete,0.9,0.3,95,19,na,0,True,True,0.08355871696817377
rbf_paired,0.9,0.5,95,0,knn,8,True,True,0.08408628303280398
rbf_unpaired,0.9,0.5,95,0,knn,8,True,True,0.07258816051540025
rbf_combined,0.9,0.5,95,0,knn,8,True,True,0.0775995779480245
matcomplete,0.9,0.5,95,0,na,0,True,True,0.0946081814342058
rbf_paired,0.9,0.5,95,1,knn,8,True,True,0.09027795608007198
rbf_unpaired,0.9,0.5,95,1,knn,8,True,True,0.11683307077563435
rbf_combined,0.9,0.5,95,1,knn,8,True,True,0.08554200978624404
matcomplete,0.9,0.5,95,1,na,0,True,True,0.0992114837938975
rbf_paired,0.9,0.5,95,2,knn,8,True,True,0.09407175619162347
rbf_unpaired,0.9,0.5,95,2,knn,8,True,True,0.10778615072632475
rbf_combined,0.9,0.5,95,2,knn,8,True,True,0.09509216806248903
matcomplete,0.9,0.5,95,2,na,0,True,True,0.10343880037719895
rbf_paired,0.9,0.5,95,3,knn,8,True,True,0.06596665321268345
rbf_unpaired,0.9,0.5,95,3,knn,8,True,True,0.11310110113486677
rbf_combined,0.9,0.5,95,3,knn,8,True,True,0.06256831886286175
matcomplete,0.9,0.5,95,3,na,0,True,True,0.06900060090349998
rbf_paired,0.9,0.5,95,4,knn,8,True,True,0.07045503003334978
rbf_unpaired,0.9,0.5,95,4,knn,8,True,True,0.11069259384411315
rbf_combined,0.9,0.5,95,4,knn,8,True,True,0.07456456227249175
matcomplete,0.9,0.5,95,4,na,0,True,True,0.10175856850809896
rbf_paired,0.9,0.5,95,5,knn,8,True,True,0.07120471813785861
rbf_unpaired,0.9,0.5,95,5,knn,8,True,True,0.0814284802222744
rbf_combined,0.9,0.5,95,5,knn,8,True,True,0.06256170813551883
matcomplete,0.9,0.5,95,5,na,0,True,True,0.07893744872941151
rbf_paired,0.9,0.5,95,6,knn,8,True,True,0.07218242466665732
rbf_unpaired,0.9,0.5,95,6,knn,8,True,True,0.11423488426338714
rbf_combined,0.9,0.5,95,6,knn,8,True,True,0.06194793819928372
matcomplete,0.9,0.5,95,6,na,0,True,True,0.0946065587762152
rbf_paired,0.9,0.5,95,7,knn,8,True,True,0.07322977058596085
rbf_unpaired,0.9,0.5,95,7,knn,8,True,True,0.09583455101629192
rbf_combined,0.9,0.5,95,7,knn,8,True,True,0.07084006872181038
matcomplete,0.9,0.5,95,7,na,0,True,True,0.07140625995487972
rbf_paired,0.9,0.5,95,8,knn,8,True,True,0.07532875124139343
rbf_unpaired,0.9,0.5,95,8,knn,8,True,True,0.10109083167980012
rbf_combined,0.9,0.5,95,8,knn,8,True,True,0.07953504666348242
matcomplete,0.9,0.5,95,8,na,0,True,True,0.08601150442664517
rbf_paired,0.9,0.5,95,9,knn,8,True,True,0.06082927452286675
rbf_unpaired,0.9,0.5,95,9,knn,8,True,True,0.09266508500095365
rbf_combined,0.9,0.5,95,9,knn,8,True,True,0.06198561488032427
matcomplete,0.9,0.5,95,9,na,0,True,True,0.08361222187613371
rbf_paired,0.9,0.5,95,10,knn,8,True,True,0.07235884062009726
rbf_unpaired,0.9,0.5,95,10,knn,8,True,True,0.10254922805955219
rbf_combined,0.9,0.5,95,10,knn,8,True,True,0.0714928053203074
matcomplete,0.9,0.5,95,10,na,0,True,True,0.08978209191409757
rbf_paired,0.9,0.5,95,11,knn,8,True,True,0.07433818676138655
rbf_unpaired,0.9,0.5,95,11,knn,8,True,True,0.08250090898340251
rbf_combined,0.9,0.5,95,11,knn,8,True,True,0.07000068805006769
matcomplete,0.9,0.5,95,11,na,0,True,True,0.08355894717673375
rbf_paired,0.9,0.5,95,12,knn,8,True,True,0.08342050211983408
rbf_unpaired,0.9,0.5,95,12,knn,8,True,True,0.09909299235756205
rbf_combined,0.9,0.5,95,12,knn,8,True,True,0.08708971121359219
matcomplete,0.9,0.5,95,12,na,0,True,True,0.09826075531204116
rbf_paired,0.9,0.5,95,13,knn,8,True,True,0.08225042881353495
rbf_unpaired,0.9,0.5,95,13,knn,8,True,True,0.0780152435188259
rbf_combined,0.9,0.5,95,13,knn,8,True,True,0.07409466465565792
matcomplete,0.9,0.5,95,13,na,0,True,True,0.06968017090485114
rbf_paired,0.9,0.5,95,14,knn,8,True,True,0.07454198800500048
rbf_unpaired,0.9,0.5,95,14,knn,8,True,True,0.0952782546601254
rbf_combined,0.9,0.5,95,14,knn,8,True,True,0.0780517112201201
matcomplete,0.9,0.5,95,14,na,0,True,True,0.11301634177272261
rbf_paired,0.9,0.5,95,15,knn,8,True,True,0.08186198288790769
rbf_unpaired,0.9,0.5,95,15,knn,8,True,True,0.09684463951882057
rbf_combined,0.9,0.5,95,15,knn,8,True,True,0.08107250830908191
matcomplete,0.9,0.5,95,15,na,0,True,True,0.09807933024689526
rbf_paired,0.9,0.5,95,16,knn,8,True,True,0.08389893757193294
rbf_unpaired,0.9,0.5,95,16,knn,8,True,True,0.10176603536636011
rbf_combined,0.9,0.5,95,16,knn,8,True,True,0.08094786306331324
matcomplete,0.9,0.5,95,16,na,0,True,True,0.1025917867858738
rbf_paired,0.9,0.5,95,17,knn,8,True,True,0.06351633033925032
rbf_unpaired,0.9,0.5,95,17,knn,8,True,True,0.09049493123277086
rbf_combined,0.9,0.5,95,17,knn,8,True,True,0.05972569328903873
matcomplete,0.9,0.5,95,17,na,0,True,True,0.07420376594963936
rbf_paired,0.9,0.5,95,18,knn,8,True,True,0.05930006656951689
rbf_unpaired,0.9,0.5,95,18,knn,8,True,True,0.074690480649618
rbf_combined,0.9,0.5,95,18,knn,8,True,True,0.05451114748719406
matcomplete,0.9,0.5,95,18,na,0,True,True,0.07381631499284279
rbf_paired,0.9,0.5,95,19,knn,8,True,True,0.07663053992223848
rbf_unpaired,0.9,0.5,95,19,knn,8,True,True,0.08340342994957906
rbf_combined,0.9,0.5,95,19,knn,8,True,True,0.06272848698217513
matcomplete,0.9,0.5,95,19,na,0,True,True,0.07724783162612528
rbf_paired,0.9,1.0,95,0,knn,8,True,True,0.06742529221528229
rbf_unpaired,0.9,1.0,95,0,knn,8,True,True,0.06875146680283142
rbf_combined,0.9,1.0,95,0,knn,8,True,True,0.0630301569785738
matcomplete,0.9,1.0,95,0,na,0,True,True,0.08120067583376453
rbf_paired,0.9,1.0,95,1,knn,8,True,True,0.06560591467510621
rbf_unpaired,0.9,1.0,95,1,knn,8,True,True,0.09759396858269888
rbf_combined,0.9,1.0,95,1,knn,8,True,True,0.06307488662785421
matcomplete,0.9,1.0,95,1,na,0,True,True,0.06971382432763318
rbf_paired,0.9,1.0,95,2,knn,8,True,True,0.07344931267281031
rbf_unpaired,0.9,1.0,95,2,knn,8,True,True,0.10580521516550297
rbf_combined,0.9,1.0,95,2,knn,8,True,True,0.06926398303052338
matcomplete,0.9,1.0,95,2,na,0,True,True,0.09620608196656578
rbf_paired,0.9,1.0,95,3,knn,8,True,True,0.06116848253717463
rbf_unpaired,0.9,1.0,95,3,knn,8,True,True,0.11266004174306693
rbf_combined,0.9,1.0,95,3,knn,8,True,True,0.05872958420841511
matcomplete,0.9,1.0,95,3,na,0,True,True,0.09141305948392217
rbf_paired,0.9,1.0,95,4,knn,8,True,True,0.058901063841722376
rbf_unpaired,0.9,1.0,95,4,knn,8,True,True,0.0947453570974073
rbf_combined,0.9,1.0,95,4,knn,8,True,True,0.058702131199427875
matcomplete,0.9,1.0,95,4,na,0,True,True,0.06331779998374597
rbf_paired,0.9,1.0,95,5,knn,8,True,True,0.06377997230191994
rbf_unpaired,0.9,1.0,95,5,knn,8,True,True,0.08801768787413237
rbf_combined,0.9,1.0,95,5,knn,8,True,True,0.05521735915297916
matcomplete,0.9,1.0,95,5,na,0,True,True,0.08370271924733574
rbf_paired,0.9,1.0,95,6,knn,8,True,True,0.06250733088321796
rbf_unpaired,0.9,1.0,95,6,knn,8,True,True,0.10141759529028763
rbf_combined,0.9,1.0,95,6,knn,8,True,True,0.05739889185365354
matcomplete,0.9,1.0,95,6,na,0,True,True,0.09470970420758687
rbf_paired,0.9,1.0,95,7,knn,8,True,True,0.056649188518415966
rbf_unpaired,0.9,1.0,95,7,knn,8,True,True,0.09060065461693748
rbf_combined,0.9,1.0,95,7,knn,8,True,True,0.05854104154515039
matcomplete,0.9,1.0,95,7,na,0,True,True,0.06773072252024608
rbf_paired,0.9,1.0,95,8,knn,8,True,True,0.062301202986188804
rbf_unpaired,0.9,1.0,95,8,knn,8,True,True,0.08559863075401213
rbf_combined,0.9,1.0,95,8,knn,8,True,True,0.06234169005800506
matcomplete,0.9,1.0,95,8,na,0,True,True,0.09327601620546414
rbf_paired,0.9,1.0,95,9,knn,8,True,True,0.05496266213941586
rbf_unpaired,0.9,1.0,95,9,knn,8,True,True,0.09058434952467645
rbf_combined,0.9,1.0,95,9,knn,8,True,True,0.05178694600666271
matcomplete,0.9,1.0,95,9,na,0,True,True,0.06750077990240763
rbf_paired,0.9,1.0,95,10,knn,8,True,True,0.05934509237291958
rbf_unpaired,0.9,1.0,95,10,knn,8,True,True,0.08450886091101358
rbf_combined,0.9,1.0,95,10,knn,8,True,True,0.05881667874206101
matcomplete,0.9,1.0,95,10,na,0,True,True,0.06555530333070222
rbf_paired,0.9,1.0,95,11,knn,8,True,True,0.06676088174379259
rbf_unpaired,0.9,1.0,95,11,knn,8,True,True,0.08332176732393029
rbf_combined,0.9,1.0,95,11,knn,8,True,True,0.06542995698390189
matcomplete,0.9,1.0,95,11,na,0,True,True,0.06811060921962434
rbf_paired,0.9,1.0,95,12,knn,8,True,True,0.06478214866993337
rbf_unpaired,0.9,1.0,95,12,knn,8,True,True,0.09942478051861213
rbf_combined,0.9,1.0,95,12,knn,8,True,True,0.06542445187848714
matcomplete,0.9,1.0,95,12,na,0,True,True,0.07113899656497119
rbf_paired,0.9,1.0,95,13,knn,8,True,True,0.07160717611375395
rbf_unpaired,0.9,1.0,95,13,knn,8,True,True,0.08409010097471531
rbf_combined,0.9,1.0,95,13,knn,8,True,True,0.06539299439277967
matcomplete,0.9,1.0,95,13,na,0,True,True,0.07117988693746628
rbf_paired,0.9,1.0,95,14,knn,8,True,True,0.07175231243893679
rbf_unpaired,0.9,1.0,95,14,knn,8,True,True,0.08673371694688016
rbf_combined,0.9,1.0,95,14,knn,8,True,True,0.06349973341366803
matcomplete,0.9,1.0,95,14,na,0,True,True,0.09378543617244123
rbf_paired,0.9,1.0,95,15,knn,8,True,True,0.0656395449876145
rbf_unpaired,0.9,1.0,95,15,knn,8,True,True,0.09004867563097042
rbf_combined,0.9,1.0,95,15,knn,8,True,True,0.06531269279559951
matcomplete,0.9,1.0,95,15,na,0,True,True,0.07466560047140296
rbf_paired,0.9,1.0,95,16,knn,8,True,True,0.0630151052350652
rbf_unpaired,0.9,1.0,95,16,knn,8,True,True,0.07957984301811932
rbf_combined,0.9,1.0,95,16,knn,8,True,True,0.06312117769512259
matcomplete,0.9,1.0,95,16,na,0,True,True,0.07202958388736938
rbf_paired,0.9,1.0,95,17,knn,8,True,True,0.053630319530076166
rbf_unpaired,0.9,1.0,95,17,knn,8,True,True,0.058755630093585164
rbf_combined,0.9,1.0,95,17,knn,8,True,True,0.05394736731128874
matcomplete,0.9,1.0,95,17,na,0,True,True,0.05919114436940852
rbf_paired,0.9,1.0,95,18,knn,8,True,True,0.05058653617071894
rbf_unpaired,0.9,1.0,95,18,knn,8,True,True,0.08013848763310503
rbf_combined,0.9,1.0,95,18,knn,8,True,True,0.04420511700203602
matcomplete,0.9,1.0,95,18,na,0,True,True,0.05611189415360019
rbf_paired,0.9,1.0,95,19,knn,8,True,True,0.06110071519861792
rbf_unpaired,0.9,1.0,95,19,knn,8,True,True,0.0845083402862101
rbf_combined,0.9,1.0,95,19,knn,8,True,True,0.04972505165622463
matcomplete,0.9,1.0,95,19,na,0,True,True,0.055407863525973836
