m,seed,task,dataset,method,mae
1,0,legalbench:subset=abercrombie,legalbench,sample,0.4213921901528014
1,0,legalbench:subset=abercrombie,legalbench,pkps,0.15259014016276323
1,0,legalbench:subset=abercrombie,legalbench,ens,0.1476438825012948
1,0,legalbench:subset=abercrombie,legalbench,irt,0.27624309580119083
1,0,legalbench:subset=corporate_lobbying,legalbench,sample,0.3741039426523297
1,0,legalbench:subset=corporate_lobbying,legalbench,pkps,0.154875675922053
1,0,legalbench:subset=corporate_lobbying,legalbench,ens,0.14664938488908152
1,0,legalbench:subset=corporate_lobbying,legalbench,irt,0.6924304567045751
1,0,legalbench:subset=function_of_decision_section,legalbench,sample,0.4596774193548388
1,0,legalbench:subset=function_of_decision_section,legalbench,pkps,0.09012789270716712
1,0,legalbench:subset=function_of_decision_section,legalbench,ens,0.09856847354610661
1,0,legalbench:subset=function_of_decision_section,legalbench,irt,0.5025053299495544
1,0,legalbench:subset=international_citizenship_questions,legalbench,sample,0.47517921146953407
1,0,legalbench:subset=international_citizenship_questions,legalbench,pkps,0.12586475592072432
1,0,legalbench:subset=international_citizenship_questions,legalbench,ens,0.1305252021557393
1,0,legalbench:subset=international_citizenship_questions,legalbench,irt,0.3240499548853003
1,0,legalbench:subset=proa,legalbench,sample,0.22105263157894736
1,0,legalbench:subset=proa,legalbench,pkps,0.1298948726055387
1,0,legalbench:subset=proa,legalbench,ens,0.11795527049500616
1,0,legalbench:subset=proa,legalbench,irt,0.06578716973553247
1,0,math:subject=algebra,math,sample,0.26935483870967747
1,0,math:subject=algebra,math,pkps,0.23854227028118752
1,0,math:subject=algebra,math,ens,0.21017066409252916
1,0,math:subject=algebra,math,irt,0.09999540367422655
1,0,math:subject=counting_and_probability,math,sample,0.33802040253653154
1,0,math:subject=counting_and_probability,math,pkps,0.2314019295292144
1,0,math:subject=counting_and_probability,math,ens,0.21289049542562152
1,0,math:subject=counting_and_probability,math,irt,0.3830478158425084
1,0,math:subject=geometry,math,sample,0.39445387662705156
1,0,math:subject=geometry,math,pkps,0.18400787465743784
1,0,math:subject=geometry,math,ens,0.16774868968105797
1,0,math:subject=geometry,math,irt,0.4894713802618482
1,0,math:subject=intermediate_algebra,math,sample,0.3899917287014061
1,0,math:subject=intermediate_algebra,math,pkps,0.2099056750275301
1,0,math:subject=intermediate_algebra,math,ens,0.19471352612969145
1,0,math:subject=intermediate_algebra,math,irt,0.4893598429854733
1,0,math:subject=number_theory,math,sample,0.29354838709677417
1,0,math:subject=number_theory,math,pkps,0.241117538697976
1,0,math:subject=number_theory,math,ens,0.19795584395208343
1,0,math:subject=number_theory,math,irt,0.2494131933174462
1,0,math:subject=prealgebra,math,sample,0.29044761190297586
1,0,math:subject=prealgebra,math,pkps,0.22442866938571832
1,0,math:subject=prealgebra,math,ens,0.188381699623486
1,0,math:subject=prealgebra,math,irt,0.240280575040339
1,0,math:subject=precalculus,math,sample,0.37332578758724777
1,0,math:subject=precalculus,math,pkps,0.1991315127327623
1,0,math:subject=precalculus,math,ens,0.17387518196853474
1,0,math:subject=precalculus,math,irt,0.5403485732443044
1,0,med_qa,med_qa,sample,0.4445340501792115
1,0,med_qa,med_qa,pkps,0.11601656151931462
1,0,med_qa,med_qa,ens,0.11986308227211864
1,0,med_qa,med_qa,irt,0.32404995488530025
1,0,wmt_14:language_pair=cs-en,wmt_14,sample,0.13377702231095462
1,0,wmt_14:language_pair=cs-en,wmt_14,pkps,0.06222729382354757
1,0,wmt_14:language_pair=cs-en,wmt_14,ens,0.05941376725725631
1,0,wmt_14:language_pair=de-en,wmt_14,sample,0.13122730657354886
1,0,wmt_14:language_pair=de-en,wmt_14,pkps,0.03584345457666924
1,0,wmt_14:language_pair=de-en,wmt_14,ens,0.037476155883018544
1,0,wmt_14:language_pair=fr-en,wmt_14,sample,0.14647401947172406
1,0,wmt_14:language_pair=fr-en,wmt_14,pkps,0.023939601096939246
1,0,wmt_14:language_pair=fr-en,wmt_14,ens,0.030602515418114266
1,0,wmt_14:language_pair=hi-en,wmt_14,sample,0.13829163284875562
1,0,wmt_14:language_pair=hi-en,wmt_14,pkps,0.10472004724482058
1,0,wmt_14:language_pair=hi-en,wmt_14,ens,0.09050689238123054
1,0,wmt_14:language_pair=ru-en,wmt_14,sample,0.14053903168151166
1,0,wmt_14:language_pair=ru-en,wmt_14,pkps,0.06773584084499228
1,0,wmt_14:language_pair=ru-en,wmt_14,ens,0.060821793241715605
1,1,legalbench:subset=abercrombie,legalbench,sample,0.4028296547821165
1,1,legalbench:subset=abercrombie,legalbench,pkps,0.1676046501156387
1,1,legalbench:subset=abercrombie,legalbench,ens,0.15430698011901794
1,1,legalbench:subset=abercrombie,legalbench,irt,0.43920123638230296
1,1,legalbench:subset=corporate_lobbying,legalbench,sample,0.3635304659498209
1,1,legalbench:subset=corporate_lobbying,legalbench,pkps,0.16164781928040484
1,1,legalbench:subset=corporate_lobbying,legalbench,ens,0.16424834913296743
1,1,legalbench:subset=corporate_lobbying,legalbench,irt,0.5709026789267974
1,1,legalbench:subset=function_of_decision_section,legalbench,sample,0.4338709677419355
1,1,legalbench:subset=function_of_decision_section,legalbench,pkps,0.07892949403210164
1,1,legalbench:subset=function_of_decision_section,legalbench,ens,0.10709141815640244
1,1,legalbench:subset=function_of_decision_section,legalbench,irt,0.4997275521717766
1,1,legalbench:subset=international_citizenship_questions,legalbench,sample,0.44775985663082446
1,1,legalbench:subset=international_citizenship_questions,legalbench,pkps,0.1183840742884499
1,1,legalbench:subset=international_citizenship_questions,legalbench,ens,0.12555964565302086
1,1,legalbench:subset=international_citizenship_questions,legalbench,irt,0.4615499548853003
1,1,legalbench:subset=proa,legalbench,sample,0.198981324278438
1,1,legalbench:subset=proa,legalbench,pkps,0.12365382045552191
1,1,legalbench:subset=proa,legalbench,ens,0.11428750522320744
1,1,legalbench:subset=proa,legalbench,irt,0.22146474970691873
1,1,math:subject=algebra,math,sample,0.23763440860215054
1,1,math:subject=algebra,math,pkps,0.21926026354284503
1,1,math:subject=algebra,math,ens,0.18326362595846762
1,1,math:subject=algebra,math,irt,0.2805509592297822
1,1,math:subject=counting_and_probability,math,sample,0.3234077750206783
1,1,math:subject=counting_and_probability,math,pkps,0.21059026613617207
1,1,math:subject=counting_and_probability,math,ens,0.18536238155289972
1,1,math:subject=counting_and_probability,math,irt,0.3076900037436296
1,1,math:subject=geometry,math,sample,0.39445387662705156
1,1,math:subject=geometry,math,pkps,0.18108366696058778
1,1,math:subject=geometry,math,ens,0.1571886379179517
1,1,math:subject=geometry,math,irt,0.40772818929492516
1,1,math:subject=intermediate_algebra,math,sample,0.34491315136476425
1,1,math:subject=intermediate_algebra,math,pkps,0.20155938695542708
1,1,math:subject=intermediate_algebra,math,ens,0.17126592739085447
1,1,math:subject=intermediate_algebra,math,irt,0.40875219909963134
1,1,math:subject=number_theory,math,sample,0.3028673835125448
1,1,math:subject=number_theory,math,pkps,0.22176270646140483
1,1,math:subject=number_theory,math,ens,0.19199544507209315
1,1,math:subject=number_theory,math,irt,0.43306088550510996
1,1,math:subject=prealgebra,math,sample,0.27969492373093274
1,1,math:subject=prealgebra,math,pkps,0.2174925764675391
1,1,math:subject=prealgebra,math,ens,0.18640220731520743
1,1,math:subject=prealgebra,math,irt,0.2949776016041036
1,1,math:subject=precalculus,math,sample,0.3335219769854745
1,1,math:subject=precalculus,math,pkps,0.186969120429645
1,1,math:subject=precalculus,math,ens,0.1530409362596796
1,1,math:subject=precalculus,math,irt,0.3139843227340083
1,1,med_qa,med_qa,sample,0.41586021505376347
1,1,med_qa,med_qa,pkps,0.1320123261556621
1,1,med_qa,med_qa,ens,0.12219154114325582
1,1,med_qa,med_qa,irt,0.42196662155196696
1,1,wmt_14:language_pair=cs-en,wmt_14,sample,0.1130949551085733
1,1,wmt_14:language_pair=cs-en,wmt_14,pkps,0.05716920121636604
1,1,wmt_14:language_pair=cs-en,wmt_14,ens,0.05193819835206429
1,1,wmt_14:language_pair=de-en,wmt_14,sample,0.11855680028404277
1,1,wmt_14:language_pair=de-en,wmt_14,pkps,0.03777030589087026
1,1,wmt_14:language_pair=de-en,wmt_14,ens,0.04035814035526736
1,1,wmt_14:language_pair=fr-en,wmt_14,sample,0.13650123407619824
1,1,wmt_14:language_pair=fr-en,wmt_14,pkps,0.023423707760092477
1,1,wmt_14:language_pair=fr-en,wmt_14,ens,0.030024211580881262
1,1,wmt_14:language_pair=hi-en,wmt_14,sample,0.1450352965850853
1,1,wmt_14:language_pair=hi-en,wmt_14,pkps,0.10100869588526698
1,1,wmt_14:language_pair=hi-en,wmt_14,ens,0.09263110290131443
1,1,wmt_14:language_pair=ru-en,wmt_14,sample,0.1323429501862809
1,1,wmt_14:language_pair=ru-en,wmt_14,pkps,0.0756733954289201
1,1,wmt_14:language_pair=ru-en,wmt_14,ens,0.06137318977309814
1,2,legalbench:subset=abercrombie,legalbench,sample,0.42297679683078665
1,2,legalbench:subset=abercrombie,legalbench,pkps,0.1659928244102611
1,2,legalbench:subset=abercrombie,legalbench,ens,0.14969155849472912
1,2,legalbench:subset=abercrombie,legalbench,irt,0.38446662155196687
1,2,legalbench:subset=corporate_lobbying,legalbench,sample,0.36012544802867386
1,2,legalbench:subset=corporate_lobbying,legalbench,pkps,0.179895350384275
1,2,legalbench:subset=corporate_lobbying,legalbench,ens,0.17331094254873633
1,2,legalbench:subset=corporate_lobbying,legalbench,irt,0.2555509592297821
1,2,legalbench:subset=function_of_decision_section,legalbench,sample,0.43405017921146954
1,2,legalbench:subset=function_of_decision_section,legalbench,pkps,0.08732417448280035
1,2,legalbench:subset=function_of_decision_section,legalbench,ens,0.12408308064066054
1,2,legalbench:subset=function_of_decision_section,legalbench,irt,0.4778471233712418
1,2,legalbench:subset=international_citizenship_questions,legalbench,sample,0.45456989247311824
1,2,legalbench:subset=international_citizenship_questions,legalbench,pkps,0.13815903930024878
1,2,legalbench:subset=international_citizenship_questions,legalbench,ens,0.14153535682568213
1,2,legalbench:subset=international_citizenship_questions,legalbench,irt,0.43958102938465526
1,2,legalbench:subset=proa,legalbench,sample,0.16876061120543293
1,2,legalbench:subset=proa,legalbench,pkps,0.11514229435617121
1,2,legalbench:subset=proa,legalbench,ens,0.10782574691603075
1,2,legalbench:subset=proa,legalbench,irt,0.16841874868290088
1,2,math:subject=algebra,math,sample,0.23261648745519714
1,2,math:subject=algebra,math,pkps,0.2549195354373914
1,2,math:subject=algebra,math,ens,0.19570113146887172
1,2,math:subject=algebra,math,irt,0.1916643627179886
1,2,math:subject=counting_and_probability,math,sample,0.29473393989523017
1,2,math:subject=counting_and_probability,math,pkps,0.2534925802147808
1,2,math:subject=counting_and_probability,math,ens,0.19719767035543304
1,2,math:subject=counting_and_probability,math,irt,0.2950266974709219
1,2,math:subject=geometry,math,sample,0.4255800792303339
1,2,math:subject=geometry,math,pkps,0.21510527429216486
1,2,math:subject=geometry,math,ens,0.20332588011018005
1,2,math:subject=geometry,math,irt,0.4285691246227505
1,2,math:subject=intermediate_algebra,math,sample,0.3974358974358974
1,2,math:subject=intermediate_algebra,math,pkps,0.24179041681626764
1,2,math:subject=intermediate_algebra,math,ens,0.21939849587544671
1,2,math:subject=intermediate_algebra,math,irt,0.4349839624281868
1,2,math:subject=number_theory,math,sample,0.3243727598566308
1,2,math:subject=number_theory,math,pkps,0.25179306077559627
1,2,math:subject=number_theory,math,ens,0.2166678122281583
1,2,math:subject=number_theory,math,irt,0.38666551581095476
1,2,math:subject=prealgebra,math,sample,0.26844211052763195
1,2,math:subject=prealgebra,math,pkps,0.25171954213832437
1,2,math:subject=prealgebra,math,ens,0.1886346080545844
1,2,math:subject=prealgebra,math,irt,0.37400150527289716
1,2,math:subject=precalculus,math,sample,0.36257309941520466
1,2,math:subject=precalculus,math,pkps,0.22746922215546297
1,2,math:subject=precalculus,math,ens,0.1817363847546876
1,2,math:subject=precalculus,math,irt,0.3781915555552611
1,2,med_qa,med_qa,sample,0.4319892473118279
1,2,med_qa,med_qa,pkps,0.1468086800388917
1,2,med_qa,med_qa,ens,0.1428144188088072
1,2,med_qa,med_qa,irt,0.3423837074466537
1,2,wmt_14:language_pair=cs-en,wmt_14,sample,0.10901431965136814
1,2,wmt_14:language_pair=cs-en,wmt_14,pkps,0.07722502307051916
1,2,wmt_14:language_pair=cs-en,wmt_14,ens,0.06567621957102804
1,2,wmt_14:language_pair=de-en,wmt_14,sample,0.12897618622623283
1,2,wmt_14:language_pair=de-en,wmt_14,pkps,0.04979192380896108
1,2,wmt_14:language_pair=de-en,wmt_14,ens,0.04905469715426378
1,2,wmt_14:language_pair=fr-en,wmt_14,sample,0.15077187116910296
1,2,wmt_14:language_pair=fr-en,wmt_14,pkps,0.030905915101251645
1,2,wmt_14:language_pair=fr-en,wmt_14,ens,0.041778785161164025
1,2,wmt_14:language_pair=hi-en,wmt_14,sample,0.13677133265316793
1,2,wmt_14:language_pair=hi-en,wmt_14,pkps,0.11373689325643328
1,2,wmt_14:language_pair=hi-en,wmt_14,ens,0.09094857665897942
1,2,wmt_14:language_pair=ru-en,wmt_14,sample,0.1554440449840934
1,2,wmt_14:language_pair=ru-en,wmt_14,pkps,0.09063875373171115
1,2,wmt_14:language_pair=ru-en,wmt_14,ens,0.08321162786610707
1,3,legalbench:subset=abercrombie,legalbench,sample,0.4113186191284663
1,3,legalbench:subset=abercrombie,legalbench,pkps,0.17206885458802745
1,3,legalbench:subset=abercrombie,legalbench,ens,0.1490570530476122
1,3,legalbench:subset=abercrombie,legalbench,irt,0.35306642161685586
1,3,legalbench:subset=corporate_lobbying,legalbench,sample,0.34614695340501794
1,3,legalbench:subset=corporate_lobbying,legalbench,pkps,0.15147465823595604
1,3,legalbench:subset=corporate_lobbying,legalbench,ens,0.14807925249304055
1,3,legalbench:subset=corporate_lobbying,legalbench,irt,0.1854143627179886
1,3,legalbench:subset=function_of_decision_section,legalbench,sample,0.40430107526881714
1,3,legalbench:subset=function_of_decision_section,legalbench,pkps,0.07961269587927441
1,3,legalbench:subset=function_of_decision_section,legalbench,ens,0.08896989987799599
1,3,legalbench:subset=function_of_decision_section,legalbench,irt,0.3020810293846553
1,3,legalbench:subset=international_citizenship_questions,legalbench,sample,0.44883512544802867
1,3,legalbench:subset=international_citizenship_questions,legalbench,pkps,0.1373113538731639
1,3,legalbench:subset=international_citizenship_questions,legalbench,ens,0.13218508828133937
1,3,legalbench:subset=international_citizenship_questions,legalbench,irt,0.4698832882186337
1,3,legalbench:subset=proa,legalbench,sample,0.16366723259762309
1,3,legalbench:subset=proa,legalbench,pkps,0.124195795739051
1,3,legalbench:subset=proa,legalbench,ens,0.10878861890389448
1,3,legalbench:subset=proa,legalbench,irt,0.22806557911282302
1,3,math:subject=algebra,math,sample,0.2682795698924731
1,3,math:subject=algebra,math,pkps,0.24473165573240924
1,3,math:subject=algebra,math,ens,0.21103076855510933
1,3,math:subject=algebra,math,irt,0.07291436271798862
1,3,math:subject=counting_and_probability,math,sample,0.3231320650675489
1,3,math:subject=counting_and_probability,math,pkps,0.24675256471354123
1,3,math:subject=counting_and_probability,math,ens,0.20254306522176374
1,3,math:subject=counting_and_probability,math,irt,0.20462427566469577
1,3,math:subject=geometry,math,sample,0.38653084323712505
1,3,math:subject=geometry,math,pkps,0.20115907608024935
1,3,math:subject=geometry,math,ens,0.17748218416925052
1,3,math:subject=geometry,math,irt,0.3731790242269403
1,3,math:subject=intermediate_algebra,math,sample,0.3387096774193548
1,3,math:subject=intermediate_algebra,math,pkps,0.24599368940742747
1,3,math:subject=intermediate_algebra,math,ens,0.2006596572340203
1,3,math:subject=intermediate_algebra,math,irt,0.4046632674061944
1,3,math:subject=number_theory,math,sample,0.31792114695340495
1,3,math:subject=number_theory,math,pkps,0.2434030225620749
1,3,math:subject=number_theory,math,ens,0.20352590022942463
1,3,math:subject=number_theory,math,irt,0.2372264902978469
1,3,math:subject=prealgebra,math,sample,0.3197049262315579
1,3,math:subject=prealgebra,math,pkps,0.23212291936424792
1,3,math:subject=prealgebra,math,ens,0.20357700335809148
1,3,math:subject=prealgebra,math,irt,0.23737359829615298
1,3,math:subject=precalculus,math,sample,0.3806828900207508
1,3,math:subject=precalculus,math,pkps,0.20891577285745472
1,3,math:subject=precalculus,math,ens,0.18205570772710988
1,3,math:subject=precalculus,math,irt,0.293857345174129
1,3,med_qa,med_qa,sample,0.42195340501792106
1,3,med_qa,med_qa,pkps,0.1339746620476562
1,3,med_qa,med_qa,ens,0.12971798672303544
1,3,med_qa,med_qa,irt,0.4615499548853002
1,3,wmt_14:language_pair=cs-en,wmt_14,sample,0.12282674345329744
1,3,wmt_14:language_pair=cs-en,wmt_14,pkps,0.05083632856790578
1,3,wmt_14:language_pair=cs-en,wmt_14,ens,0.05218810340529309
1,3,wmt_14:language_pair=de-en,wmt_14,sample,0.12279817447387746
1,3,wmt_14:language_pair=de-en,wmt_14,pkps,0.041165987000820796
1,3,wmt_14:language_pair=de-en,wmt_14,ens,0.0453575872136725
1,3,wmt_14:language_pair=fr-en,wmt_14,sample,0.1392624107212225
1,3,wmt_14:language_pair=fr-en,wmt_14,pkps,0.0239564019401276
1,3,wmt_14:language_pair=fr-en,wmt_14,ens,0.03329237885899048
1,3,wmt_14:language_pair=hi-en,wmt_14,sample,0.14832019309364916
1,3,wmt_14:language_pair=hi-en,wmt_14,pkps,0.0970847141556513
1,3,wmt_14:language_pair=hi-en,wmt_14,ens,0.0812197523424438
1,3,wmt_14:language_pair=ru-en,wmt_14,sample,0.14314730193852682
1,3,wmt_14:language_pair=ru-en,wmt_14,pkps,0.07330306884021132
1,3,wmt_14:language_pair=ru-en,wmt_14,ens,0.06355649851755277
1,4,legalbench:subset=abercrombie,legalbench,sample,0.40871533672891913
1,4,legalbench:subset=abercrombie,legalbench,pkps,0.1537894513116657
1,4,legalbench:subset=abercrombie,legalbench,ens,0.14536747720676574
1,4,legalbench:subset=abercrombie,legalbench,irt,0.4318350426045986
1,4,legalbench:subset=corporate_lobbying,legalbench,sample,0.3140681003584229
1,4,legalbench:subset=corporate_lobbying,legalbench,pkps,0.14428902553137524
1,4,legalbench:subset=corporate_lobbying,legalbench,ens,0.12779980235621594
1,4,legalbench:subset=corporate_lobbying,legalbench,irt,0.4473837074466537
1,4,legalbench:subset=function_of_decision_section,legalbench,sample,0.446415770609319
1,4,legalbench:subset=function_of_decision_section,legalbench,pkps,0.08750694770643971
1,4,legalbench:subset=function_of_decision_section,legalbench,ens,0.11371258609229672
1,4,legalbench:subset=function_of_decision_section,legalbench,irt,0.5615499548853002
1,4,legalbench:subset=international_citizenship_questions,legalbench,sample,0.4352150537634409
1,4,legalbench:subset=international_citizenship_questions,legalbench,pkps,0.1264193919038791
1,4,legalbench:subset=international_citizenship_questions,legalbench,ens,0.12458639754940459
1,4,legalbench:subset=international_citizenship_questions,legalbench,irt,0.3240499548853003
1,4,legalbench:subset=proa,legalbench,sample,0.15823429541595926
1,4,legalbench:subset=proa,legalbench,pkps,0.1364466633277689
1,4,legalbench:subset=proa,legalbench,ens,0.11622580290578674
1,4,legalbench:subset=proa,legalbench,irt,0.12280242121808622
1,4,math:subject=algebra,math,sample,0.2654121863799283
1,4,math:subject=algebra,math,pkps,0.2112817952475343
1,4,math:subject=algebra,math,ens,0.18116794876650766
1,4,math:subject=algebra,math,irt,0.3639235616856209
1,4,math:subject=counting_and_probability,math,sample,0.3305762338020402
1,4,math:subject=counting_and_probability,math,pkps,0.20173934731385715
1,4,math:subject=counting_and_probability,math,ens,0.17649119201144856
1,4,math:subject=counting_and_probability,math,irt,0.15236806808911876
1,4,math:subject=geometry,math,sample,0.3633276740237691
1,4,math:subject=geometry,math,pkps,0.17989911344359627
1,4,math:subject=geometry,math,ens,0.14698896156730606
1,4,math:subject=geometry,math,irt,0.3167880467833313
1,4,math:subject=intermediate_algebra,math,sample,0.39371381306865183
1,4,math:subject=intermediate_algebra,math,pkps,0.2060334250782334
1,4,math:subject=intermediate_algebra,math,ens,0.18403044576448926
1,4,math:subject=intermediate_algebra,math,irt,0.5208452459081921
1,4,math:subject=number_theory,math,sample,0.3308243727598566
1,4,math:subject=number_theory,math,pkps,0.204476944075322
1,4,math:subject=number_theory,math,ens,0.17931164509046177
1,4,math:subject=number_theory,math,irt,0.24858342153153362
1,4,math:subject=prealgebra,math,sample,0.308702175543886
1,4,math:subject=prealgebra,math,pkps,0.19422878347337263
1,4,math:subject=prealgebra,math,ens,0.1695567809631074
1,4,math:subject=prealgebra,math,irt,0.6162744734416684
1,4,math:subject=precalculus,math,sample,0.3421995849839653
1,4,math:subject=precalculus,math,pkps,0.18693922350797537
1,4,math:subject=precalculus,math,ens,0.15207275456406774
1,4,math:subject=precalculus,math,irt,0.2701030056922677
1,4,med_qa,med_qa,sample,0.399731182795699
1,4,med_qa,med_qa,pkps,0.12257069172115398
1,4,med_qa,med_qa,ens,0.115431684576391
1,4,med_qa,med_qa,irt,0.4472176258964488
1,4,wmt_14:language_pair=cs-en,wmt_14,sample,0.12640993414569593
1,4,wmt_14:language_pair=cs-en,wmt_14,pkps,0.058397082365557317
1,4,wmt_14:language_pair=cs-en,wmt_14,ens,0.0589327907136492
1,4,wmt_14:language_pair=de-en,wmt_14,sample,0.13119819927866996
1,4,wmt_14:language_pair=de-en,wmt_14,pkps,0.037089977257113924
1,4,wmt_14:language_pair=de-en,wmt_14,ens,0.039932024012612796
1,4,wmt_14:language_pair=fr-en,wmt_14,sample,0.15567720193322973
1,4,wmt_14:language_pair=fr-en,wmt_14,pkps,0.023774532310205595
1,4,wmt_14:language_pair=fr-en,wmt_14,ens,0.03866340343482042
1,4,wmt_14:language_pair=hi-en,wmt_14,sample,0.1445852609820422
1,4,wmt_14:language_pair=hi-en,wmt_14,pkps,0.10371678950078124
1,4,wmt_14:language_pair=hi-en,wmt_14,ens,0.09027816085897836
1,4,wmt_14:language_pair=ru-en,wmt_14,sample,0.16066260330295196
1,4,wmt_14:language_pair=ru-en,wmt_14,pkps,0.06803142005162051
1,4,wmt_14:language_pair=ru-en,wmt_14,ens,0.06454204363229138
1,5,legalbench:subset=abercrombie,legalbench,sample,0.4109790605546123
1,5,legalbench:subset=abercrombie,legalbench,pkps,0.13736873359295337
1,5,legalbench:subset=abercrombie,legalbench,ens,0.12634286302365214
1,5,legalbench:subset=abercrombie,legalbench,irt,0.4652608539460588
1,5,legalbench:subset=corporate_lobbying,legalbench,sample,0.34740143369175625
1,5,legalbench:subset=corporate_lobbying,legalbench,pkps,0.17743751393264778
1,5,legalbench:subset=corporate_lobbying,legalbench,ens,0.15912527514564484
1,5,legalbench:subset=corporate_lobbying,legalbench,irt,0.21743045670457511
1,5,legalbench:subset=function_of_decision_section,legalbench,sample,0.417741935483871
1,5,legalbench:subset=function_of_decision_section,legalbench,pkps,0.07834817487880037
1,5,legalbench:subset=function_of_decision_section,legalbench,ens,0.10314572707878632
1,5,legalbench:subset=function_of_decision_section,legalbench,irt,0.29166436271798857
1,5,legalbench:subset=international_citizenship_questions,legalbench,sample,0.4755376344086021
1,5,legalbench:subset=international_citizenship_questions,legalbench,pkps,0.12470463764570726
1,5,legalbench:subset=international_citizenship_questions,legalbench,ens,0.13393418832193166
1,5,legalbench:subset=international_citizenship_questions,legalbench,irt,0.42194977439399883
1,5,legalbench:subset=proa,legalbench,sample,0.18438030560271645
1,5,legalbench:subset=proa,legalbench,pkps,0.11817218279110016
1,5,legalbench:subset=proa,legalbench,ens,0.09965217873966073
1,5,legalbench:subset=proa,legalbench,irt,0.016116132794772964
1,5,math:subject=algebra,math,sample,0.2629032258064516
1,5,math:subject=algebra,math,pkps,0.218306166572298
1,5,math:subject=algebra,math,ens,0.1901425631462912
1,5,math:subject=algebra,math,irt,0.4465971233712418
1,5,math:subject=counting_and_probability,math,sample,0.28618693134822165
1,5,math:subject=counting_and_probability,math,pkps,0.21420791136054138
1,5,math:subject=counting_and_probability,math,ens,0.17594682368808817
1,5,math:subject=counting_and_probability,math,irt,0.3259734510363973
1,5,math:subject=geometry,math,sample,0.3882286361063951
1,5,math:subject=geometry,math,pkps,0.1981402896541882
1,5,math:subject=geometry,math,ens,0.172557365072059
1,5,math:subject=geometry,math,irt,0.4849601020663595
1,5,math:subject=intermediate_algebra,math,sample,0.33953680727874275
1,5,math:subject=intermediate_algebra,math,pkps,0.20998881387550156
1,5,math:subject=intermediate_algebra,math,ens,0.17225102197228653
1,5,math:subject=intermediate_algebra,math,irt,0.3798053883590143
1,5,math:subject=number_theory,math,sample,0.3200716845878136
1,5,math:subject=number_theory,math,pkps,0.2330869424114263
1,5,math:subject=number_theory,math,ens,0.19985336682558363
1,5,math:subject=number_theory,math,irt,0.42777624181199236
1,5,math:subject=prealgebra,math,sample,0.28369592398099525
1,5,math:subject=prealgebra,math,pkps,0.22014861943617195
1,5,math:subject=prealgebra,math,ens,0.18181171950349215
1,5,math:subject=prealgebra,math,irt,0.35127793976867583
1,5,math:subject=precalculus,math,sample,0.3944538766270515
1,5,math:subject=precalculus,math,pkps,0.1937945909791266
1,5,math:subject=precalculus,math,ens,0.18772568649909183
1,5,math:subject=precalculus,math,irt,0.2754346633246847
1,5,med_qa,med_qa,sample,0.43682795698924737
1,5,med_qa,med_qa,pkps,0.11895412060536396
1,5,med_qa,med_qa,ens,0.12646775722321676
1,5,med_qa,med_qa,irt,0.42196662155196696
1,5,wmt_14:language_pair=cs-en,wmt_14,sample,0.1156644418242621
1,5,wmt_14:language_pair=cs-en,wmt_14,pkps,0.055321228854079765
1,5,wmt_14:language_pair=cs-en,wmt_14,ens,0.05504199542160482
1,5,wmt_14:language_pair=de-en,wmt_14,sample,0.1517295073252931
1,5,wmt_14:language_pair=de-en,wmt_14,pkps,0.0390254923065917
1,5,wmt_14:language_pair=de-en,wmt_14,ens,0.04065971188963916
1,5,wmt_14:language_pair=fr-en,wmt_14,sample,0.1639132334353218
1,5,wmt_14:language_pair=fr-en,wmt_14,pkps,0.024626086930856144
1,5,wmt_14:language_pair=fr-en,wmt_14,ens,0.03747056760552716
1,5,wmt_14:language_pair=hi-en,wmt_14,sample,0.13408535781363431
1,5,wmt_14:language_pair=hi-en,wmt_14,pkps,0.09297805741077265
1,5,wmt_14:language_pair=hi-en,wmt_14,ens,0.0839823715441079
1,5,wmt_14:language_pair=ru-en,wmt_14,sample,0.13141901195946448
1,5,wmt_14:language_pair=ru-en,wmt_14,pkps,0.07399520211458709
1,5,wmt_14:language_pair=ru-en,wmt_14,ens,0.06504688748085466
1,6,legalbench:subset=abercrombie,legalbench,sample,0.42478777589134137
1,6,legalbench:subset=abercrombie,legalbench,pkps,0.1680533813602765
1,6,legalbench:subset=abercrombie,legalbench,ens,0.1514251028427821
1,6,legalbench:subset=abercrombie,legalbench,irt,0.4897297794467038
1,6,legalbench:subset=corporate_lobbying,legalbench,sample,0.34220430107526884
1,6,legalbench:subset=corporate_lobbying,legalbench,pkps,0.15615926554754608
1,6,legalbench:subset=corporate_lobbying,legalbench,ens,0.14387724157472923
1,6,legalbench:subset=corporate_lobbying,legalbench,irt,0.2123419426893749
1,6,legalbench:subset=function_of_decision_section,legalbench,sample,0.44892473118279563
1,6,legalbench:subset=function_of_decision_section,legalbench,pkps,0.08167375709711387
1,6,legalbench:subset=function_of_decision_section,legalbench,ens,0.1114975964835938
1,6,legalbench:subset=function_of_decision_section,legalbench,irt,0.6729143627179885
1,6,legalbench:subset=international_citizenship_questions,legalbench,sample,0.4474014336917562
1,6,legalbench:subset=international_citizenship_questions,legalbench,pkps,0.13720833699903962
1,6,legalbench:subset=international_citizenship_questions,legalbench,ens,0.1309486488647282
1,6,legalbench:subset=international_citizenship_questions,legalbench,irt,0.26361644106066545
1,6,legalbench:subset=proa,legalbench,sample,0.20531975099037914
1,6,legalbench:subset=proa,legalbench,pkps,0.11887689968881779
1,6,legalbench:subset=proa,legalbench,ens,0.10655668610536223
1,6,legalbench:subset=proa,legalbench,irt,0.16096115845896108
1,6,math:subject=algebra,math,sample,0.25340501792114695
1,6,math:subject=algebra,math,pkps,0.2126420443581649
1,6,math:subject=algebra,math,ens,0.18407880246123082
1,6,math:subject=algebra,math,irt,0.32571704077998703
1,6,math:subject=counting_and_probability,math,sample,0.3181692859112214
1,6,math:subject=counting_and_probability,math,pkps,0.20161180658847563
1,6,math:subject=counting_and_probability,math,ens,0.1723864224463251
1,6,math:subject=counting_and_probability,math,irt,0.2987987315934241
1,6,math:subject=geometry,math,sample,0.41199773627617425
1,6,math:subject=geometry,math,pkps,0.19178933369471968
1,6,math:subject=geometry,math,ens,0.16772919555249474
1,6,math:subject=geometry,math,irt,0.4537052286051843
1,6,math:subject=intermediate_algebra,math,sample,0.3523573200992556
1,6,math:subject=intermediate_algebra,math,pkps,0.20517345438566154
1,6,math:subject=intermediate_algebra,math,ens,0.16857897746041223
1,6,math:subject=intermediate_algebra,math,irt,0.3429479499658253
1,6,math:subject=number_theory,math,sample,0.3315412186379928
1,6,math:subject=number_theory,math,pkps,0.20924088283201495
1,6,math:subject=number_theory,math,ens,0.18989650936379568
1,6,math:subject=number_theory,math,irt,0.2979050012946905
1,6,math:subject=prealgebra,math,sample,0.2901975493873468
1,6,math:subject=prealgebra,math,pkps,0.205817520332116
1,6,math:subject=prealgebra,math,ens,0.1708456662682423
1,6,math:subject=prealgebra,math,irt,0.3715486737588387
1,6,math:subject=precalculus,math,sample,0.37125070741369554
1,6,math:subject=precalculus,math,pkps,0.18517458064295333
1,6,math:subject=precalculus,math,ens,0.16163808478343653
1,6,math:subject=precalculus,math,irt,0.32624335656946074
1,6,med_qa,med_qa,sample,0.4215949820788531
1,6,med_qa,med_qa,pkps,0.1287841369528143
1,6,med_qa,med_qa,ens,0.13222243089059849
1,6,med_qa,med_qa,irt,0.5861065147853376
1,6,wmt_14:language_pair=cs-en,wmt_14,sample,0.12328738151110484
1,6,wmt_14:language_pair=cs-en,wmt_14,pkps,0.05901305599493194
1,6,wmt_14:language_pair=cs-en,wmt_14,ens,0.05229805396524364
1,6,wmt_14:language_pair=de-en,wmt_14,sample,0.1388288188531037
1,6,wmt_14:language_pair=de-en,wmt_14,pkps,0.0377285307167567
1,6,wmt_14:language_pair=de-en,wmt_14,ens,0.043691261652360674
1,6,wmt_14:language_pair=fr-en,wmt_14,sample,0.14312342417196441
1,6,wmt_14:language_pair=fr-en,wmt_14,pkps,0.02447198350212718
1,6,wmt_14:language_pair=fr-en,wmt_14,ens,0.03623073317608751
1,6,wmt_14:language_pair=hi-en,wmt_14,sample,0.1537418875953799
1,6,wmt_14:language_pair=hi-en,wmt_14,pkps,0.09243326281379005
1,6,wmt_14:language_pair=hi-en,wmt_14,ens,0.08191024320071626
1,6,wmt_14:language_pair=ru-en,wmt_14,sample,0.1649053662035461
1,6,wmt_14:language_pair=ru-en,wmt_14,pkps,0.07551644853164567
1,6,wmt_14:language_pair=ru-en,wmt_14,ens,0.07258831209171528
1,7,legalbench:subset=abercrombie,legalbench,sample,0.4421052631578948
1,7,legalbench:subset=abercrombie,legalbench,pkps,0.1585280313115105
1,7,legalbench:subset=abercrombie,legalbench,ens,0.15497128299815374
1,7,legalbench:subset=abercrombie,legalbench,irt,0.3583295795115927
1,7,legalbench:subset=corporate_lobbying,legalbench,sample,0.3481182795698924
1,7,legalbench:subset=corporate_lobbying,legalbench,pkps,0.18148651361589757
1,7,legalbench:subset=corporate_lobbying,legalbench,ens,0.16410735432400766
1,7,legalbench:subset=corporate_lobbying,legalbench,irt,0.17221762589644882
1,7,legalbench:subset=function_of_decision_section,legalbench,sample,0.4446236559139785
1,7,legalbench:subset=function_of_decision_section,legalbench,pkps,0.09052119692387878
1,7,legalbench:subset=function_of_decision_section,legalbench,ens,0.09809288172013299
1,7,legalbench:subset=function_of_decision_section,legalbench,irt,0.38861644106066545
1,7,legalbench:subset=international_citizenship_questions,legalbench,sample,0.4427419354838709
1,7,legalbench:subset=international_citizenship_questions,legalbench,pkps,0.13631452237668262
1,7,legalbench:subset=international_citizenship_questions,legalbench,ens,0.12202131442768226
1,7,legalbench:subset=international_citizenship_questions,legalbench,irt,0.5604143627179886
1,7,legalbench:subset=proa,legalbench,sample,0.21131861912846633
1,7,legalbench:subset=proa,legalbench,pkps,0.12649280681836828
1,7,legalbench:subset=proa,legalbench,ens,0.12117273048837722
1,7,legalbench:subset=proa,legalbench,irt,0.26874771174214135
1,7,math:subject=algebra,math,sample,0.26093189964157704
1,7,math:subject=algebra,math,pkps,0.19933312150604754
1,7,math:subject=algebra,math,ens,0.17644210527643206
1,7,math:subject=algebra,math,irt,0.21988328821863357
1,7,math:subject=counting_and_probability,math,sample,0.3303005238489109
1,7,math:subject=counting_and_probability,math,pkps,0.18542382474738536
1,7,math:subject=counting_and_probability,math,ens,0.16497268501131201
1,7,math:subject=counting_and_probability,math,irt,0.5977866688270891
1,7,math:subject=geometry,math,sample,0.3808715336728919
1,7,math:subject=geometry,math,pkps,0.16899600835923706
1,7,math:subject=geometry,math,ens,0.15239360083698694
1,7,math:subject=geometry,math,irt,0.44242703311646253
1,7,math:subject=intermediate_algebra,math,sample,0.3651778329197684
1,7,math:subject=intermediate_algebra,math,pkps,0.18714553033984346
1,7,math:subject=intermediate_algebra,math,ens,0.16377008476124666
1,7,math:subject=intermediate_algebra,math,irt,0.4593067843697306
1,7,math:subject=number_theory,math,sample,0.3200716845878136
1,7,math:subject=number_theory,math,pkps,0.21201891761040373
1,7,math:subject=number_theory,math,ens,0.18098289255034455
1,7,math:subject=number_theory,math,irt,0.2311200021604224
1,7,math:subject=prealgebra,math,sample,0.27919479869967495
1,7,math:subject=prealgebra,math,pkps,0.18615989957407078
1,7,math:subject=prealgebra,math,ens,0.1685036112828063
1,7,math:subject=prealgebra,math,irt,0.5866649528286061
1,7,math:subject=precalculus,math,sample,0.3855876249764196
1,7,math:subject=precalculus,math,pkps,0.18236636215783691
1,7,math:subject=precalculus,math,ens,0.17004207197465362
1,7,math:subject=precalculus,math,irt,0.43420822236711143
1,7,med_qa,med_qa,sample,0.4447132616487455
1,7,med_qa,med_qa,pkps,0.12593728140808622
1,7,med_qa,med_qa,ens,0.126104506462082
1,7,med_qa,med_qa,irt,0.38541436271798857
1,7,wmt_14:language_pair=cs-en,wmt_14,sample,0.11154496591692516
1,7,wmt_14:language_pair=cs-en,wmt_14,pkps,0.06525561681054237
1,7,wmt_14:language_pair=cs-en,wmt_14,ens,0.06276797810751387
1,7,wmt_14:language_pair=de-en,wmt_14,sample,0.14690690453570812
1,7,wmt_14:language_pair=de-en,wmt_14,pkps,0.03982529856632614
1,7,wmt_14:language_pair=de-en,wmt_14,ens,0.03863066235412526
1,7,wmt_14:language_pair=fr-en,wmt_14,sample,0.13517357949349
1,7,wmt_14:language_pair=fr-en,wmt_14,pkps,0.02340023931701369
1,7,wmt_14:language_pair=fr-en,wmt_14,ens,0.028621007619984058
1,7,wmt_14:language_pair=hi-en,wmt_14,sample,0.1413216607645211
1,7,wmt_14:language_pair=hi-en,wmt_14,pkps,0.1020725465456689
1,7,wmt_14:language_pair=hi-en,wmt_14,ens,0.08664714607228365
1,7,wmt_14:language_pair=ru-en,wmt_14,sample,0.14945859508123585
1,7,wmt_14:language_pair=ru-en,wmt_14,pkps,0.07682310918230356
1,7,wmt_14:language_pair=ru-en,wmt_14,ens,0.06859813363465722
1,8,legalbench:subset=abercrombie,legalbench,sample,0.41369552914544416
1,8,legalbench:subset=abercrombie,legalbench,pkps,0.17340359886784204
1,8,legalbench:subset=abercrombie,legalbench,ens,0.1569523696328737
1,8,legalbench:subset=abercrombie,legalbench,irt,0.5228024212180862
1,8,legalbench:subset=corporate_lobbying,legalbench,sample,0.3339605734767025
1,8,legalbench:subset=corporate_lobbying,legalbench,pkps,0.15460970098561286
1,8,legalbench:subset=corporate_lobbying,legalbench,ens,0.13470507404893461
1,8,legalbench:subset=corporate_lobbying,legalbench,irt,0.18124769605132196
1,8,legalbench:subset=function_of_decision_section,legalbench,sample,0.4222222222222221
1,8,legalbench:subset=function_of_decision_section,legalbench,pkps,0.07804306022644647
1,8,legalbench:subset=function_of_decision_section,legalbench,ens,0.1008970297311794
1,8,legalbench:subset=function_of_decision_section,legalbench,irt,0.46917199661622105
1,8,legalbench:subset=international_citizenship_questions,legalbench,sample,0.45905017921146957
1,8,legalbench:subset=international_citizenship_questions,legalbench,pkps,0.1321237960824802
1,8,legalbench:subset=international_citizenship_questions,legalbench,ens,0.141104965895116
1,8,legalbench:subset=international_citizenship_questions,legalbench,irt,0.5240499548853003
1,8,legalbench:subset=proa,legalbench,sample,0.21097906055461238
1,8,legalbench:subset=proa,legalbench,pkps,0.13320582748711873
1,8,legalbench:subset=proa,legalbench,ens,0.12222502109891716
1,8,legalbench:subset=proa,legalbench,irt,0.1210503276302693
1,8,math:subject=algebra,math,sample,0.24301075268817207
1,8,math:subject=algebra,math,pkps,0.22071305702288616
1,8,math:subject=algebra,math,ens,0.18017539240942906
1,8,math:subject=algebra,math,irt,0.15806088550510997
1,8,math:subject=counting_and_probability,math,sample,0.3788254755996691
1,8,math:subject=counting_and_probability,math,pkps,0.21507471728612843
1,8,math:subject=counting_and_probability,math,ens,0.20691302246238485
1,8,math:subject=counting_and_probability,math,irt,0.6358951319487578
1,8,math:subject=geometry,math,sample,0.40860215053763443
1,8,math:subject=geometry,math,pkps,0.19128933911724538
1,8,math:subject=geometry,math,ens,0.16719061890410136
1,8,math:subject=geometry,math,irt,0.5421029592092167
1,8,math:subject=intermediate_algebra,math,sample,0.35194375516956156
1,8,math:subject=intermediate_algebra,math,pkps,0.20667787006940264
1,8,math:subject=intermediate_algebra,math,ens,0.18030029799292
1,8,math:subject=intermediate_algebra,math,irt,0.3653823114359373
1,8,math:subject=number_theory,math,sample,0.30430107526881717
1,8,math:subject=number_theory,math,pkps,0.22613096123387297
1,8,math:subject=number_theory,math,ens,0.19042678602453333
1,8,math:subject=number_theory,math,irt,0.31553491395125105
1,8,math:subject=prealgebra,math,sample,0.29594898724681173
1,8,math:subject=prealgebra,math,pkps,0.21430112318511416
1,8,math:subject=prealgebra,math,ens,0.19034822272367347
1,8,math:subject=prealgebra,math,irt,0.20011514907100145
1,8,math:subject=precalculus,math,sample,0.3627617430673459
1,8,math:subject=precalculus,math,pkps,0.18612063787284205
1,8,math:subject=precalculus,math,ens,0.16236874506866322
1,8,math:subject=precalculus,math,irt,0.3276987471517244
1,8,med_qa,med_qa,sample,0.4275089605734767
1,8,med_qa,med_qa,pkps,0.11984142682420336
1,8,med_qa,med_qa,ens,0.11707787840929469
1,8,med_qa,med_qa,irt,0.2906752760227082
1,8,wmt_14:language_pair=cs-en,wmt_14,sample,0.12365097097247099
1,8,wmt_14:language_pair=cs-en,wmt_14,pkps,0.059675961214701215
1,8,wmt_14:language_pair=cs-en,wmt_14,ens,0.052233025765825475
1,8,wmt_14:language_pair=de-en,wmt_14,sample,0.14699703725215166
1,8,wmt_14:language_pair=de-en,wmt_14,pkps,0.04033323961643696
1,8,wmt_14:language_pair=de-en,wmt_14,ens,0.04585917313006256
1,8,wmt_14:language_pair=fr-en,wmt_14,sample,0.15882395092733764
1,8,wmt_14:language_pair=fr-en,wmt_14,pkps,0.024739153740225003
1,8,wmt_14:language_pair=fr-en,wmt_14,ens,0.038453959088191006
1,8,wmt_14:language_pair=hi-en,wmt_14,sample,0.15522449035895053
1,8,wmt_14:language_pair=hi-en,wmt_14,pkps,0.10472932455615731
1,8,wmt_14:language_pair=hi-en,wmt_14,ens,0.0882891126054873
1,8,wmt_14:language_pair=ru-en,wmt_14,sample,0.13615178101243994
1,8,wmt_14:language_pair=ru-en,wmt_14,pkps,0.07022772090466158
1,8,wmt_14:language_pair=ru-en,wmt_14,ens,0.0635056175654794
1,9,legalbench:subset=abercrombie,legalbench,sample,0.4362195812110922
1,9,legalbench:subset=abercrombie,legalbench,pkps,0.16223771917246613
1,9,legalbench:subset=abercrombie,legalbench,ens,0.15165328634959918
1,9,legalbench:subset=abercrombie,legalbench,irt,0.3304293065577415
1,9,legalbench:subset=corporate_lobbying,legalbench,sample,0.3379032258064516
1,9,legalbench:subset=corporate_lobbying,legalbench,pkps,0.1242857273389218
1,9,legalbench:subset=corporate_lobbying,legalbench,ens,0.1152701653982386
1,9,legalbench:subset=corporate_lobbying,legalbench,irt,0.7562476960513219
1,9,legalbench:subset=function_of_decision_section,legalbench,sample,0.42508960573476706
1,9,legalbench:subset=function_of_decision_section,legalbench,pkps,0.07682325969973128
1,9,legalbench:subset=function_of_decision_section,legalbench,ens,0.10197816669602604
1,9,legalbench:subset=function_of_decision_section,legalbench,irt,0.2541643627179886
1,9,legalbench:subset=international_citizenship_questions,legalbench,sample,0.43844086021505374
1,9,legalbench:subset=international_citizenship_questions,legalbench,pkps,0.11419730615465759
1,9,legalbench:subset=international_citizenship_questions,legalbench,ens,0.11606812631583106
1,9,legalbench:subset=international_citizenship_questions,legalbench,irt,0.49279995488530026
1,9,legalbench:subset=proa,legalbench,sample,0.19524617996604415
1,9,legalbench:subset=proa,legalbench,pkps,0.11125864559597219
1,9,legalbench:subset=proa,legalbench,ens,0.0990769430580323
1,9,legalbench:subset=proa,legalbench,irt,0.2903312836005264
1,9,math:subject=algebra,math,sample,0.2564516129032258
1,9,math:subject=algebra,math,pkps,0.22671599443869206
1,9,math:subject=algebra,math,ens,0.19342996254142727
1,9,math:subject=algebra,math,irt,0.11666207034089322
1,9,math:subject=counting_and_probability,math,sample,0.3118279569892473
1,9,math:subject=counting_and_probability,math,pkps,0.21616476874084614
1,9,math:subject=counting_and_probability,math,ens,0.17754707927583807
1,9,math:subject=counting_and_probability,math,irt,0.3418780379316639
1,9,math:subject=geometry,math,sample,0.41482739105829086
1,9,math:subject=geometry,math,pkps,0.19765975786678192
1,9,math:subject=geometry,math,ens,0.1831881952231007
1,9,math:subject=geometry,math,irt,0.406937280364868
1,9,math:subject=intermediate_algebra,math,sample,0.38875103391232413
1,9,math:subject=intermediate_algebra,math,pkps,0.2063279924220481
1,9,math:subject=intermediate_algebra,math,ens,0.19196976123379214
1,9,math:subject=intermediate_algebra,math,irt,0.3778059762223133
1,9,math:subject=number_theory,math,sample,0.30501792114695336
1,9,math:subject=number_theory,math,pkps,0.2319160701288504
1,9,math:subject=number_theory,math,ens,0.19232979324203786
1,9,math:subject=number_theory,math,irt,0.24778666882708897
1,9,math:subject=prealgebra,math,sample,0.2606901725431358
1,9,math:subject=prealgebra,math,pkps,0.21801538319266667
1,9,math:subject=prealgebra,math,ens,0.18444166297623485
1,9,math:subject=prealgebra,math,irt,0.2117430560477456
1,9,math:subject=precalculus,math,sample,0.3484248255046217
1,9,math:subject=precalculus,math,pkps,0.19337365149617586
1,9,math:subject=precalculus,math,ens,0.15910965037414135
1,9,math:subject=precalculus,math,irt,0.3459044213876216
1,9,med_qa,med_qa,sample,0.42930107526881717
1,9,med_qa,med_qa,pkps,0.11630913868774644
1,9,med_qa,med_qa,ens,0.11532739179672716
1,9,med_qa,med_qa,irt,0.39904995488530026
1,9,wmt_14:language_pair=cs-en,wmt_14,sample,0.13379002952635308
1,9,wmt_14:language_pair=cs-en,wmt_14,pkps,0.05739620876279654
1,9,wmt_14:language_pair=cs-en,wmt_14,ens,0.05212193022523461
1,9,wmt_14:language_pair=de-en,wmt_14,sample,0.13839053961483222
1,9,wmt_14:language_pair=de-en,wmt_14,pkps,0.03750925413294861
1,9,wmt_14:language_pair=de-en,wmt_14,ens,0.03772573895170171
1,9,wmt_14:language_pair=fr-en,wmt_14,sample,0.12850071854040832
1,9,wmt_14:language_pair=fr-en,wmt_14,pkps,0.023686736768172085
1,9,wmt_14:language_pair=fr-en,wmt_14,ens,0.03058223122976651
1,9,wmt_14:language_pair=hi-en,wmt_14,sample,0.16517764745931718
1,9,wmt_14:language_pair=hi-en,wmt_14,pkps,0.10299868940625398
1,9,wmt_14:language_pair=hi-en,wmt_14,ens,0.09875228299598122
1,9,wmt_14:language_pair=ru-en,wmt_14,sample,0.1327913823645918
1,9,wmt_14:language_pair=ru-en,wmt_14,pkps,0.0688934226154533
1,9,wmt_14:language_pair=ru-en,wmt_14,ens,0.0663350107553144
1,10,legalbench:subset=abercrombie,legalbench,sample,0.3994340690435767
1,10,legalbench:subset=abercrombie,legalbench,pkps,0.16376002969543288
1,10,legalbench:subset=abercrombie,legalbench,ens,0.14384158998499794
1,10,legalbench:subset=abercrombie,legalbench,irt,0.34659423376244314
1,10,legalbench:subset=corporate_lobbying,legalbench,sample,0.3219534050179212
1,10,legalbench:subset=corporate_lobbying,legalbench,pkps,0.16193088412904216
1,10,legalbench:subset=corporate_lobbying,legalbench,ens,0.147703475534996
1,10,legalbench:subset=corporate_lobbying,legalbench,irt,0.4916643627179886
1,10,legalbench:subset=function_of_decision_section,legalbench,sample,0.4433691756272401
1,10,legalbench:subset=function_of_decision_section,legalbench,pkps,0.08143537514213883
1,10,legalbench:subset=function_of_decision_section,legalbench,ens,0.10254046294199712
1,10,legalbench:subset=function_of_decision_section,legalbench,irt,0.4302831077273322
1,10,legalbench:subset=international_citizenship_questions,legalbench,sample,0.4420250896057347
1,10,legalbench:subset=international_citizenship_questions,legalbench,pkps,0.11871456574561054
1,10,legalbench:subset=international_citizenship_questions,legalbench,ens,0.11959576298797431
1,10,legalbench:subset=international_citizenship_questions,legalbench,irt,0.41118045670457504
1,10,legalbench:subset=proa,legalbench,sample,0.19864176570458403
1,10,legalbench:subset=proa,legalbench,pkps,0.11306567259096864
1,10,legalbench:subset=proa,legalbench,ens,0.09721454621773386
1,10,legalbench:subset=proa,legalbench,irt,0.27199106549639246
1,10,math:subject=algebra,math,sample,0.26577060931899643
1,10,math:subject=algebra,math,pkps,0.2153108927907962
1,10,math:subject=algebra,math,ens,0.18473118607370162
1,10,math:subject=algebra,math,irt,0.8277731814520042
1,10,math:subject=counting_and_probability,math,sample,0.32092638544251445
1,10,math:subject=counting_and_probability,math,pkps,0.21302041060107982
1,10,math:subject=counting_and_probability,math,ens,0.18398488730568438
1,10,math:subject=counting_and_probability,math,irt,0.1588772263837613
1,10,math:subject=geometry,math,sample,0.40747028862478785
1,10,math:subject=geometry,math,pkps,0.1829816085796072
1,10,math:subject=geometry,math,ens,0.1723639316195948
1,10,math:subject=geometry,math,irt,0.2941377351664773
1,10,math:subject=intermediate_algebra,math,sample,0.36641852770885025
1,10,math:subject=intermediate_algebra,math,pkps,0.20077709634782318
1,10,math:subject=intermediate_algebra,math,ens,0.17004786188546614
1,10,math:subject=intermediate_algebra,math,irt,0.44780447524869965
1,10,math:subject=number_theory,math,sample,0.3172043010752688
1,10,math:subject=number_theory,math,pkps,0.23118859945676784
1,10,math:subject=number_theory,math,ens,0.1820700941280443
1,10,math:subject=number_theory,math,irt,0.34479797595982453
1,10,math:subject=prealgebra,math,sample,0.2834458614653663
1,10,math:subject=prealgebra,math,pkps,0.20634416324958205
1,10,math:subject=prealgebra,math,ens,0.1762838764705386
1,10,math:subject=prealgebra,math,irt,0.5048154587612692
1,10,math:subject=precalculus,math,sample,0.37502358045651774
1,10,math:subject=precalculus,math,pkps,0.18634282467955487
1,10,math:subject=precalculus,math,ens,0.16971383846565183
1,10,math:subject=precalculus,math,irt,0.5233895089168189
1,10,med_qa,med_qa,sample,0.41478494623655926
1,10,med_qa,med_qa,pkps,0.12942006694281435
1,10,med_qa,med_qa,ens,0.11409240980908777
1,10,med_qa,med_qa,irt,0.44443984811867104
1,10,wmt_14:language_pair=cs-en,wmt_14,sample,0.1340066804033709
1,10,wmt_14:language_pair=cs-en,wmt_14,pkps,0.055235786267902265
1,10,wmt_14:language_pair=cs-en,wmt_14,ens,0.05071621806852641
1,10,wmt_14:language_pair=de-en,wmt_14,sample,0.1601424188065445
1,10,wmt_14:language_pair=de-en,wmt_14,pkps,0.03602069337084415
1,10,wmt_14:language_pair=de-en,wmt_14,ens,0.04780857121761766
1,10,wmt_14:language_pair=fr-en,wmt_14,sample,0.13594468861080175
1,10,wmt_14:language_pair=fr-en,wmt_14,pkps,0.023171141924240107
1,10,wmt_14:language_pair=fr-en,wmt_14,ens,0.03575269957580947
1,10,wmt_14:language_pair=hi-en,wmt_14,sample,0.14452634465832986
1,10,wmt_14:language_pair=hi-en,wmt_14,pkps,0.10054497210064943
1,10,wmt_14:language_pair=hi-en,wmt_14,ens,0.08784849640889267
1,10,wmt_14:language_pair=ru-en,wmt_14,sample,0.13932996996116384
1,10,wmt_14:language_pair=ru-en,wmt_14,pkps,0.07292562467442025
1,10,wmt_14:language_pair=ru-en,wmt_14,ens,0.06813100018390009
1,11,legalbench:subset=abercrombie,legalbench,sample,0.41075268817204297
1,11,legalbench:subset=abercrombie,legalbench,pkps,0.15425064885522455
1,11,legalbench:subset=abercrombie,legalbench,ens,0.1412749785884994
1,11,legalbench:subset=abercrombie,legalbench,irt,0.5131555907881641
1,11,legalbench:subset=corporate_lobbying,legalbench,sample,0.3262544802867383
1,11,legalbench:subset=corporate_lobbying,legalbench,pkps,0.14064108524215352
1,11,legalbench:subset=corporate_lobbying,legalbench,ens,0.13259726816086642
1,11,legalbench:subset=corporate_lobbying,legalbench,irt,0.12159712337124179
1,11,legalbench:subset=function_of_decision_section,legalbench,sample,0.42311827956989256
1,11,legalbench:subset=function_of_decision_section,legalbench,pkps,0.07624862841225327
1,11,legalbench:subset=function_of_decision_section,legalbench,ens,0.12209729207730895
1,11,legalbench:subset=function_of_decision_section,legalbench,irt,0.3416620703408931
1,11,legalbench:subset=international_citizenship_questions,legalbench,sample,0.4350358422939067
1,11,legalbench:subset=international_citizenship_questions,legalbench,pkps,0.125301253414634
1,11,legalbench:subset=international_citizenship_questions,legalbench,ens,0.12033195988259339
1,11,legalbench:subset=international_citizenship_questions,legalbench,irt,0.3615499548853003
1,11,legalbench:subset=proa,legalbench,sample,0.16253537068477644
1,11,legalbench:subset=proa,legalbench,pkps,0.11070304098786989
1,11,legalbench:subset=proa,legalbench,ens,0.09822909124814011
1,11,legalbench:subset=proa,legalbench,irt,0.07105147960460834
1,11,math:subject=algebra,math,sample,0.23709677419354844
1,11,math:subject=algebra,math,pkps,0.24120295834130243
1,11,math:subject=algebra,math,ens,0.19008957593298137
1,11,math:subject=algebra,math,irt,0.27576379003790846
1,11,math:subject=counting_and_probability,math,sample,0.2914254204576785
1,11,math:subject=counting_and_probability,math,pkps,0.2363598563955364
1,11,math:subject=counting_and_probability,math,ens,0.1830890122423748
1,11,math:subject=counting_and_probability,math,irt,0.184518252024787
1,11,math:subject=geometry,math,sample,0.3627617430673457
1,11,math:subject=geometry,math,pkps,0.19308464748496407
1,11,math:subject=geometry,math,ens,0.15427424264317455
1,11,math:subject=geometry,math,irt,0.38579836473352186
1,11,math:subject=intermediate_algebra,math,sample,0.3672456575682381
1,11,math:subject=intermediate_algebra,math,pkps,0.21602665253769807
1,11,math:subject=intermediate_algebra,math,ens,0.18019920238571002
1,11,math:subject=intermediate_algebra,math,irt,0.46454964734433984
1,11,math:subject=number_theory,math,sample,0.30716845878136195
1,11,math:subject=number_theory,math,pkps,0.24678724182607478
1,11,math:subject=number_theory,math,ens,0.19651455614683075
1,11,math:subject=number_theory,math,irt,0.33934443776077483
1,11,math:subject=prealgebra,math,sample,0.28244561140285074
1,11,math:subject=prealgebra,math,pkps,0.22564299136287597
1,11,math:subject=prealgebra,math,ens,0.1841689846999177
1,11,math:subject=prealgebra,math,irt,0.3599207667820945
1,11,math:subject=precalculus,math,sample,0.36238445576306366
1,11,math:subject=precalculus,math,pkps,0.20524817462363906
1,11,math:subject=precalculus,math,ens,0.17098243519793097
1,11,math:subject=precalculus,math,irt,0.2659848872815744
1,11,med_qa,med_qa,sample,0.4323476702508961
1,11,med_qa,med_qa,pkps,0.1414830460940334
1,11,med_qa,med_qa,ens,0.1448896346038431
1,11,med_qa,med_qa,irt,0.33654995488530026
1,11,wmt_14:language_pair=cs-en,wmt_14,sample,0.11199917386474993
1,11,wmt_14:language_pair=cs-en,wmt_14,pkps,0.05583347418714974
1,11,wmt_14:language_pair=cs-en,wmt_14,ens,0.05428737784322626
1,11,wmt_14:language_pair=de-en,wmt_14,sample,0.13310533277164943
1,11,wmt_14:language_pair=de-en,wmt_14,pkps,0.03671425871065766
1,11,wmt_14:language_pair=de-en,wmt_14,ens,0.04481506502620588
1,11,wmt_14:language_pair=fr-en,wmt_14,sample,0.12493203283756342
1,11,wmt_14:language_pair=fr-en,wmt_14,pkps,0.025119922977932727
1,11,wmt_14:language_pair=fr-en,wmt_14,ens,0.034036629564799276
1,11,wmt_14:language_pair=hi-en,wmt_14,sample,0.14161524557668778
1,11,wmt_14:language_pair=hi-en,wmt_14,pkps,0.10056861641497682
1,11,wmt_14:language_pair=hi-en,wmt_14,ens,0.07942418512181144
1,11,wmt_14:language_pair=ru-en,wmt_14,sample,0.13656187549082377
1,11,wmt_14:language_pair=ru-en,wmt_14,pkps,0.06741333393837165
1,11,wmt_14:language_pair=ru-en,wmt_14,ens,0.06049166373119608
2,0,legalbench:subset=abercrombie,legalbench,sample,0.26027164685908316
2,0,legalbench:subset=abercrombie,legalbench,pkps,0.15290710254776188
2,0,legalbench:subset=abercrombie,legalbench,ens,0.12950135090879622
2,0,legalbench:subset=abercrombie,legalbench,irt,0.37397459682621814
2,0,legalbench:subset=corporate_lobbying,legalbench,sample,0.23897849462365592
2,0,legalbench:subset=corporate_lobbying,legalbench,pkps,0.13057883929205685
2,0,legalbench:subset=corporate_lobbying,legalbench,ens,0.11590443346524495
2,0,legalbench:subset=corporate_lobbying,legalbench,irt,0.26083866328288774
2,0,legalbench:subset=function_of_decision_section,legalbench,sample,0.24050179211469538
2,0,legalbench:subset=function_of_decision_section,legalbench,pkps,0.07566492767228852
2,0,legalbench:subset=function_of_decision_section,legalbench,ens,0.09258765237414611
2,0,legalbench:subset=function_of_decision_section,legalbench,irt,0.3866643627179886
2,0,legalbench:subset=international_citizenship_questions,legalbench,sample,0.2337813620071684
2,0,legalbench:subset=international_citizenship_questions,legalbench,pkps,0.11542154144067192
2,0,legalbench:subset=international_citizenship_questions,legalbench,ens,0.114677528020992
2,0,legalbench:subset=international_citizenship_questions,legalbench,irt,0.29734194268937486
2,0,legalbench:subset=proa,legalbench,sample,0.1550650820599887
2,0,legalbench:subset=proa,legalbench,pkps,0.09477241314883449
2,0,legalbench:subset=proa,legalbench,ens,0.08339890588328362
2,0,legalbench:subset=proa,legalbench,irt,0.17614924192650414
2,0,math:subject=algebra,math,sample,0.16666666666666666
2,0,math:subject=algebra,math,pkps,0.20212271622998526
2,0,math:subject=algebra,math,ens,0.15479425935489224
2,0,math:subject=algebra,math,irt,0.2706752760227082
2,0,math:subject=counting_and_probability,math,sample,0.23352633030052383
2,0,math:subject=counting_and_probability,math,pkps,0.1947000666945228
2,0,math:subject=counting_and_probability,math,ens,0.1481565030841051
2,0,math:subject=counting_and_probability,math,irt,0.3947230318083772
2,0,math:subject=geometry,math,sample,0.23486134691567623
2,0,math:subject=geometry,math,pkps,0.18082897458091773
2,0,math:subject=geometry,math,ens,0.13977201639382972
2,0,math:subject=geometry,math,irt,0.4251490095641919
2,0,math:subject=intermediate_algebra,math,sample,0.20843672456575685
2,0,math:subject=intermediate_algebra,math,pkps,0.19138347789276397
2,0,math:subject=intermediate_algebra,math,ens,0.1372214964458829
2,0,math:subject=intermediate_algebra,math,irt,0.3915422399585771
2,0,math:subject=number_theory,math,sample,0.23369175627240144
2,0,math:subject=number_theory,math,pkps,0.21082198817251133
2,0,math:subject=number_theory,math,ens,0.16844911804943674
2,0,math:subject=number_theory,math,irt,0.33064668218235826
2,0,math:subject=prealgebra,math,sample,0.17829457364341084
2,0,math:subject=prealgebra,math,pkps,0.18856398338034627
2,0,math:subject=prealgebra,math,ens,0.1361814237189613
2,0,math:subject=prealgebra,math,irt,0.4485026794400263
2,0,math:subject=precalculus,math,sample,0.24287870213167334
2,0,math:subject=precalculus,math,pkps,0.19709682342657608
2,0,math:subject=precalculus,math,ens,0.1477113929456361
2,0,math:subject=precalculus,math,irt,0.3014074902555262
2,0,med_qa,med_qa,sample,0.2966845878136201
2,0,med_qa,med_qa,pkps,0.10787014596842479
2,0,med_qa,med_qa,ens,0.1175349894495473
2,0,med_qa,med_qa,irt,0.400717040779987
2,0,wmt_14:language_pair=cs-en,wmt_14,sample,0.08596122638545577
2,0,wmt_14:language_pair=cs-en,wmt_14,pkps,0.05156477812547136
2,0,wmt_14:language_pair=cs-en,wmt_14,ens,0.048281354387411594
2,0,wmt_14:language_pair=de-en,wmt_14,sample,0.09108449253503915
2,0,wmt_14:language_pair=de-en,wmt_14,pkps,0.039980529190571705
2,0,wmt_14:language_pair=de-en,wmt_14,ens,0.04163910331679445
2,0,wmt_14:language_pair=fr-en,wmt_14,sample,0.10040910213094456
2,0,wmt_14:language_pair=fr-en,wmt_14,pkps,0.02285382634739948
2,0,wmt_14:language_pair=fr-en,wmt_14,ens,0.033396873044652574
2,0,wmt_14:language_pair=hi-en,wmt_14,sample,0.09898777010296073
2,0,wmt_14:language_pair=hi-en,wmt_14,pkps,0.08630595033975767
2,0,wmt_14:language_pair=hi-en,wmt_14,ens,0.07138562920381343
2,0,wmt_14:language_pair=ru-en,wmt_14,sample,0.10304381029870596
2,0,wmt_14:language_pair=ru-en,wmt_14,pkps,0.06714422800975683
2,0,wmt_14:language_pair=ru-en,wmt_14,ens,0.05834636737324608
2,1,legalbench:subset=abercrombie,legalbench,sample,0.25993208828522923
2,1,legalbench:subset=abercrombie,legalbench,pkps,0.16066851947479405
2,1,legalbench:subset=abercrombie,legalbench,ens,0.13556651800283126
2,1,legalbench:subset=abercrombie,legalbench,irt,0.4918573916571801
2,1,legalbench:subset=corporate_lobbying,legalbench,sample,0.24184587813620073
2,1,legalbench:subset=corporate_lobbying,legalbench,pkps,0.16034097322095753
2,1,legalbench:subset=corporate_lobbying,legalbench,ens,0.14815071690162313
2,1,legalbench:subset=corporate_lobbying,legalbench,irt,0.22657788664847517
2,1,legalbench:subset=function_of_decision_section,legalbench,sample,0.278673835125448
2,1,legalbench:subset=function_of_decision_section,legalbench,pkps,0.08130743848088683
2,1,legalbench:subset=function_of_decision_section,legalbench,ens,0.0992695095049061
2,1,legalbench:subset=function_of_decision_section,legalbench,irt,0.4540503741133204
2,1,legalbench:subset=international_citizenship_questions,legalbench,sample,0.24901433691756275
2,1,legalbench:subset=international_citizenship_questions,legalbench,pkps,0.11603109748777998
2,1,legalbench:subset=international_citizenship_questions,legalbench,ens,0.11063530841279536
2,1,legalbench:subset=international_citizenship_questions,legalbench,irt,0.3540086093560415
2,1,legalbench:subset=proa,legalbench,sample,0.16270514997170346
2,1,legalbench:subset=proa,legalbench,pkps,0.10906664706179332
2,1,legalbench:subset=proa,legalbench,ens,0.0989898657464741
2,1,legalbench:subset=proa,legalbench,irt,0.07192752061272545
2,1,math:subject=algebra,math,sample,0.18225806451612905
2,1,math:subject=algebra,math,pkps,0.198206069166489
2,1,math:subject=algebra,math,ens,0.15504195026202341
2,1,math:subject=algebra,math,irt,0.24067527602270827
2,1,math:subject=counting_and_probability,math,sample,0.23325062034739455
2,1,math:subject=counting_and_probability,math,pkps,0.2048381000683727
2,1,math:subject=counting_and_probability,math,ens,0.16525861116210042
2,1,math:subject=counting_and_probability,math,irt,0.20313306439905068
2,1,math:subject=geometry,math,sample,0.2374080362195812
2,1,math:subject=geometry,math,pkps,0.17829224502240046
2,1,math:subject=geometry,math,ens,0.14774394923767056
2,1,math:subject=geometry,math,irt,0.3224207735385841
2,1,math:subject=intermediate_algebra,math,sample,0.23614557485525228
2,1,math:subject=intermediate_algebra,math,pkps,0.20207813743626318
2,1,math:subject=intermediate_algebra,math,ens,0.1577886737066458
2,1,math:subject=intermediate_algebra,math,irt,0.34143236170902125
2,1,math:subject=number_theory,math,sample,0.24408602150537637
2,1,math:subject=number_theory,math,pkps,0.22139111710932716
2,1,math:subject=number_theory,math,ens,0.17680336236325372
2,1,math:subject=number_theory,math,irt,0.3342407264938121
2,1,math:subject=prealgebra,math,sample,0.17966991747936983
2,1,math:subject=prealgebra,math,pkps,0.19669938775450807
2,1,math:subject=prealgebra,math,ens,0.14809622339402612
2,1,math:subject=prealgebra,math,irt,0.20843866397082386
2,1,math:subject=precalculus,math,sample,0.2379739671760045
2,1,math:subject=precalculus,math,pkps,0.18444787551333014
2,1,math:subject=precalculus,math,ens,0.14272632184193607
2,1,math:subject=precalculus,math,irt,0.2983846487859206
2,1,med_qa,med_qa,sample,0.24202508960573477
2,1,med_qa,med_qa,pkps,0.13176399395509583
2,1,med_qa,med_qa,ens,0.11500718522860304
2,1,med_qa,med_qa,irt,0.5687476960513219
2,1,wmt_14:language_pair=cs-en,wmt_14,sample,0.08095003019284878
2,1,wmt_14:language_pair=cs-en,wmt_14,pkps,0.0499434439942126
2,1,wmt_14:language_pair=cs-en,wmt_14,ens,0.04462939496321586
2,1,wmt_14:language_pair=de-en,wmt_14,sample,0.10056014406793039
2,1,wmt_14:language_pair=de-en,wmt_14,pkps,0.037030912086296455
2,1,wmt_14:language_pair=de-en,wmt_14,ens,0.03814579742368098
2,1,wmt_14:language_pair=fr-en,wmt_14,sample,0.10827602440621051
2,1,wmt_14:language_pair=fr-en,wmt_14,pkps,0.02189686212377668
2,1,wmt_14:language_pair=fr-en,wmt_14,ens,0.03539064381360808
2,1,wmt_14:language_pair=hi-en,wmt_14,sample,0.09329612790938115
2,1,wmt_14:language_pair=hi-en,wmt_14,pkps,0.09203036856435474
2,1,wmt_14:language_pair=hi-en,wmt_14,ens,0.0695563436557411
2,1,wmt_14:language_pair=ru-en,wmt_14,sample,0.09491310080717524
2,1,wmt_14:language_pair=ru-en,wmt_14,pkps,0.06171518872899317
2,1,wmt_14:language_pair=ru-en,wmt_14,ens,0.05674628120868261
2,2,legalbench:subset=abercrombie,legalbench,sample,0.2619694397283531
2,2,legalbench:subset=abercrombie,legalbench,pkps,0.16105106813111822
2,2,legalbench:subset=abercrombie,legalbench,ens,0.1300757119287622
2,2,legalbench:subset=abercrombie,legalbench,irt,0.3894713802618483
2,2,legalbench:subset=corporate_lobbying,legalbench,sample,0.22894265232974914
2,2,legalbench:subset=corporate_lobbying,legalbench,pkps,0.13763043256171098
2,2,legalbench:subset=corporate_lobbying,legalbench,ens,0.11410883281034678
2,2,legalbench:subset=corporate_lobbying,legalbench,irt,0.3055532516068775
2,2,legalbench:subset=function_of_decision_section,legalbench,sample,0.26021505376344084
2,2,legalbench:subset=function_of_decision_section,legalbench,pkps,0.07754974880892351
2,2,legalbench:subset=function_of_decision_section,legalbench,ens,0.08859413902340019
2,2,legalbench:subset=function_of_decision_section,legalbench,irt,0.3660798599841129
2,2,legalbench:subset=international_citizenship_questions,legalbench,sample,0.24901433691756275
2,2,legalbench:subset=international_citizenship_questions,legalbench,pkps,0.12216769356337888
2,2,legalbench:subset=international_citizenship_questions,legalbench,ens,0.10742644334484762
2,2,legalbench:subset=international_citizenship_questions,legalbench,irt,0.4666643627179886
2,2,legalbench:subset=proa,legalbench,sample,0.16027164685908318
2,2,legalbench:subset=proa,legalbench,pkps,0.11228528675397156
2,2,legalbench:subset=proa,legalbench,ens,0.10055719580131033
2,2,legalbench:subset=proa,legalbench,irt,0.2416937723078362
2,2,math:subject=algebra,math,sample,0.17078853046594983
2,2,math:subject=algebra,math,pkps,0.19075661300074695
2,2,math:subject=algebra,math,ens,0.14495586302351518
2,2,math:subject=algebra,math,irt,0.1177071824776215
2,2,math:subject=counting_and_probability,math,sample,0.22649572649572647
2,2,math:subject=counting_and_probability,math,pkps,0.18755288341062534
2,2,math:subject=counting_and_probability,math,ens,0.14902532553017914
2,2,math:subject=counting_and_probability,math,irt,0.18974243888787792
2,2,math:subject=geometry,math,sample,0.2620260328239955
2,2,math:subject=geometry,math,pkps,0.16984005081309958
2,2,math:subject=geometry,math,ens,0.14438347582758582
2,2,math:subject=geometry,math,irt,0.41199111482734985
2,2,math:subject=intermediate_algebra,math,sample,0.2696443341604632
2,2,math:subject=intermediate_algebra,math,pkps,0.19650533015939162
2,2,math:subject=intermediate_algebra,math,ens,0.16239666916236054
2,2,math:subject=intermediate_algebra,math,irt,0.3803655742698272
2,2,math:subject=number_theory,math,sample,0.19032258064516133
2,2,math:subject=number_theory,math,pkps,0.18189266477291322
2,2,math:subject=number_theory,math,ens,0.1351619344506458
2,2,math:subject=number_theory,math,irt,0.3489971248546695
2,2,math:subject=prealgebra,math,sample,0.19904976244061015
2,2,math:subject=prealgebra,math,pkps,0.18787092484183032
2,2,math:subject=prealgebra,math,ens,0.14638748499456625
2,2,math:subject=prealgebra,math,irt,0.6308128026326604
2,2,math:subject=precalculus,math,sample,0.2696661007357103
2,2,math:subject=precalculus,math,pkps,0.17785912899252343
2,2,math:subject=precalculus,math,ens,0.16154906774049302
2,2,math:subject=precalculus,math,irt,0.39016837593793186
2,2,med_qa,med_qa,sample,0.2588709677419355
2,2,med_qa,med_qa,pkps,0.11704717510350754
2,2,med_qa,med_qa,ens,0.1096984951021185
2,2,med_qa,med_qa,irt,0.44999769605132195
2,2,wmt_14:language_pair=cs-en,wmt_14,sample,0.0953884093610912
2,2,wmt_14:language_pair=cs-en,wmt_14,pkps,0.05548908514057677
2,2,wmt_14:language_pair=cs-en,wmt_14,ens,0.04922098272476736
2,2,wmt_14:language_pair=de-en,wmt_14,sample,0.10215114534128256
2,2,wmt_14:language_pair=de-en,wmt_14,pkps,0.03647320261202596
2,2,wmt_14:language_pair=de-en,wmt_14,ens,0.04205072078235853
2,2,wmt_14:language_pair=fr-en,wmt_14,sample,0.1023712819466069
2,2,wmt_14:language_pair=fr-en,wmt_14,pkps,0.02273182732643872
2,2,wmt_14:language_pair=fr-en,wmt_14,ens,0.034540790108305464
2,2,wmt_14:language_pair=hi-en,wmt_14,sample,0.10023800941603825
2,2,wmt_14:language_pair=hi-en,wmt_14,pkps,0.0947889640768032
2,2,wmt_14:language_pair=hi-en,wmt_14,ens,0.07580842239429991
2,2,wmt_14:language_pair=ru-en,wmt_14,sample,0.10740385018396428
2,2,wmt_14:language_pair=ru-en,wmt_14,pkps,0.06307675916909598
2,2,wmt_14:language_pair=ru-en,wmt_14,ens,0.05416217670387588
2,3,legalbench:subset=abercrombie,legalbench,sample,0.26926994906621393
2,3,legalbench:subset=abercrombie,legalbench,pkps,0.1449905821650472
2,3,legalbench:subset=abercrombie,legalbench,ens,0.12140210707429376
2,3,legalbench:subset=abercrombie,legalbench,irt,0.4265942337624432
2,3,legalbench:subset=corporate_lobbying,legalbench,sample,0.25421146953405016
2,3,legalbench:subset=corporate_lobbying,legalbench,pkps,0.15453804585563394
2,3,legalbench:subset=corporate_lobbying,legalbench,ens,0.1339535114677042
2,3,legalbench:subset=corporate_lobbying,legalbench,irt,0.3773837074466536
2,3,legalbench:subset=function_of_decision_section,legalbench,sample,0.2887096774193548
2,3,legalbench:subset=function_of_decision_section,legalbench,pkps,0.07419533247358245
2,3,legalbench:subset=function_of_decision_section,legalbench,ens,0.09491458204782838
2,3,legalbench:subset=function_of_decision_section,legalbench,irt,0.37229156781568623
2,3,legalbench:subset=international_citizenship_questions,legalbench,sample,0.2628136200716847
2,3,legalbench:subset=international_citizenship_questions,legalbench,pkps,0.11627155696300027
2,3,legalbench:subset=international_citizenship_questions,legalbench,ens,0.11306587046478808
2,3,legalbench:subset=international_citizenship_questions,legalbench,irt,0.5183310293846553
2,3,legalbench:subset=proa,legalbench,sample,0.15846066779852858
2,3,legalbench:subset=proa,legalbench,pkps,0.10463788500103074
2,3,legalbench:subset=proa,legalbench,ens,0.09129218630402733
2,3,legalbench:subset=proa,legalbench,irt,0.22788708301413058
2,3,math:subject=algebra,math,sample,0.18010752688172038
2,3,math:subject=algebra,math,pkps,0.19197608133660304
2,3,math:subject=algebra,math,ens,0.1510346312244724
2,3,math:subject=algebra,math,irt,0.10056444660486673
2,3,math:subject=counting_and_probability,math,sample,0.21794871794871795
2,3,math:subject=counting_and_probability,math,pkps,0.17935472755330506
2,3,math:subject=counting_and_probability,math,ens,0.13748028776314403
2,3,math:subject=counting_and_probability,math,irt,0.12210964212123707
2,3,math:subject=geometry,math,sample,0.2572156196943973
2,3,math:subject=geometry,math,pkps,0.17918158468306192
2,3,math:subject=geometry,math,ens,0.1387080125869846
2,3,math:subject=geometry,math,irt,0.4590631766296684
2,3,math:subject=intermediate_algebra,math,sample,0.23945409429280395
2,3,math:subject=intermediate_algebra,math,pkps,0.18648524568794947
2,3,math:subject=intermediate_algebra,math,ens,0.16213951415574593
2,3,math:subject=intermediate_algebra,math,irt,0.35897861158705746
2,3,math:subject=number_theory,math,sample,0.20967741935483872
2,3,math:subject=number_theory,math,pkps,0.19794144704574948
2,3,math:subject=number_theory,math,ens,0.15429947358145543
2,3,math:subject=number_theory,math,irt,0.4054386220882085
2,3,math:subject=prealgebra,math,sample,0.2039259814953738
2,3,math:subject=prealgebra,math,pkps,0.18483879461606656
2,3,math:subject=prealgebra,math,ens,0.14128205705570035
2,3,math:subject=prealgebra,math,irt,0.34982556791177
2,3,math:subject=precalculus,math,sample,0.2425957366534616
2,3,math:subject=precalculus,math,pkps,0.177993780519241
2,3,math:subject=precalculus,math,ens,0.13518303406975135
2,3,math:subject=precalculus,math,irt,0.33335644401230574
2,3,med_qa,med_qa,sample,0.27517921146953406
2,3,med_qa,med_qa,pkps,0.12700558240115187
2,3,med_qa,med_qa,ens,0.13074166010869204
2,3,med_qa,med_qa,irt,0.49734194268937487
2,3,wmt_14:language_pair=cs-en,wmt_14,sample,0.10536455419959811
2,3,wmt_14:language_pair=cs-en,wmt_14,pkps,0.04832435389384535
2,3,wmt_14:language_pair=cs-en,wmt_14,ens,0.04871651110556885
2,3,wmt_14:language_pair=de-en,wmt_14,sample,0.10081300076857867
2,3,wmt_14:language_pair=de-en,wmt_14,pkps,0.03941609760216918
2,3,wmt_14:language_pair=de-en,wmt_14,ens,0.04303440764726345
2,3,wmt_14:language_pair=fr-en,wmt_14,sample,0.10184995325026058
2,3,wmt_14:language_pair=fr-en,wmt_14,pkps,0.022759530469749788
2,3,wmt_14:language_pair=fr-en,wmt_14,ens,0.03618111750286814
2,3,wmt_14:language_pair=hi-en,wmt_14,sample,0.10803997257574988
2,3,wmt_14:language_pair=hi-en,wmt_14,pkps,0.0841602149472428
2,3,wmt_14:language_pair=hi-en,wmt_14,ens,0.06422932883557483
2,3,wmt_14:language_pair=ru-en,wmt_14,sample,0.09758597302904247
2,3,wmt_14:language_pair=ru-en,wmt_14,pkps,0.06639760509233882
2,3,wmt_14:language_pair=ru-en,wmt_14,ens,0.059110461499628564
2,4,legalbench:subset=abercrombie,legalbench,sample,0.26355404640633845
2,4,legalbench:subset=abercrombie,legalbench,pkps,0.1668617890776014
2,4,legalbench:subset=abercrombie,legalbench,ens,0.12853696592531771
2,4,legalbench:subset=abercrombie,legalbench,irt,0.38778053918060296
2,4,legalbench:subset=corporate_lobbying,legalbench,sample,0.2545698924731183
2,4,legalbench:subset=corporate_lobbying,legalbench,pkps,0.13579629789796602
2,4,legalbench:subset=corporate_lobbying,legalbench,ens,0.137318031385147
2,4,legalbench:subset=corporate_lobbying,legalbench,irt,0.22400860935604155
2,4,legalbench:subset=function_of_decision_section,legalbench,sample,0.26487455197132614
2,4,legalbench:subset=function_of_decision_section,legalbench,pkps,0.0851975655246225
2,4,legalbench:subset=function_of_decision_section,legalbench,ens,0.10221086150658001
2,4,legalbench:subset=function_of_decision_section,legalbench,irt,0.42571704077998707
2,4,legalbench:subset=international_citizenship_questions,legalbench,sample,0.2635304659498209
2,4,legalbench:subset=international_citizenship_questions,legalbench,pkps,0.1083655471592249
2,4,legalbench:subset=international_citizenship_questions,legalbench,ens,0.11501848665573793
2,4,legalbench:subset=international_citizenship_questions,legalbench,irt,0.4261164410606655
2,4,legalbench:subset=proa,legalbench,sample,0.12948500282965478
2,4,legalbench:subset=proa,legalbench,pkps,0.10522032137809997
2,4,legalbench:subset=proa,legalbench,ens,0.07332899432566191
2,4,legalbench:subset=proa,legalbench,irt,0.1835700128648135
2,4,math:subject=algebra,math,sample,0.18817204301075272
2,4,math:subject=algebra,math,pkps,0.22289951215443154
2,4,math:subject=algebra,math,ens,0.15008451273260645
2,4,math:subject=algebra,math,irt,0.26118045670457507
2,4,math:subject=counting_and_probability,math,sample,0.22208436724565755
2,4,math:subject=counting_and_probability,math,pkps,0.21159518474555689
2,4,math:subject=counting_and_probability,math,ens,0.14922563183657478
2,4,math:subject=counting_and_probability,math,irt,0.21667911912334353
2,4,math:subject=geometry,math,sample,0.21250707413695527
2,4,math:subject=geometry,math,pkps,0.1907721812355782
2,4,math:subject=geometry,math,ens,0.16240052849037462
2,4,math:subject=geometry,math,irt,0.45080476007823267
2,4,math:subject=intermediate_algebra,math,sample,0.20223325062034747
2,4,math:subject=intermediate_algebra,math,pkps,0.2157498085655145
2,4,math:subject=intermediate_algebra,math,ens,0.152464713649465
2,4,math:subject=intermediate_algebra,math,irt,0.23170265022073905
2,4,math:subject=number_theory,math,sample,0.2125448028673835
2,4,math:subject=number_theory,math,pkps,0.21909231351605118
2,4,math:subject=number_theory,math,ens,0.1629804243091281
2,4,math:subject=number_theory,math,irt,0.32335609921364383
2,4,math:subject=prealgebra,math,sample,0.21217804451112776
2,4,math:subject=prealgebra,math,pkps,0.21949405110779888
2,4,math:subject=prealgebra,math,ens,0.15393199061528454
2,4,math:subject=prealgebra,math,irt,0.24055152670822588
2,4,math:subject=precalculus,math,sample,0.27023203169213356
2,4,math:subject=precalculus,math,pkps,0.2059397169534987
2,4,math:subject=precalculus,math,ens,0.16787942154044083
2,4,math:subject=precalculus,math,irt,0.35470773487084845
2,4,med_qa,med_qa,sample,0.3061827956989247
2,4,med_qa,med_qa,pkps,0.12131311993937877
2,4,med_qa,med_qa,ens,0.1266487466656839
2,4,med_qa,med_qa,irt,0.4873419426893749
2,4,wmt_14:language_pair=cs-en,wmt_14,sample,0.08831007134631177
2,4,wmt_14:language_pair=cs-en,wmt_14,pkps,0.05259327527836656
2,4,wmt_14:language_pair=cs-en,wmt_14,ens,0.051904313291654645
2,4,wmt_14:language_pair=de-en,wmt_14,sample,0.11257137127367024
2,4,wmt_14:language_pair=de-en,wmt_14,pkps,0.04452706009173103
2,4,wmt_14:language_pair=de-en,wmt_14,ens,0.04870685724595335
2,4,wmt_14:language_pair=fr-en,wmt_14,sample,0.10340706327637218
2,4,wmt_14:language_pair=fr-en,wmt_14,pkps,0.025013353845093487
2,4,wmt_14:language_pair=fr-en,wmt_14,ens,0.04196537679638984
2,4,wmt_14:language_pair=hi-en,wmt_14,sample,0.1076251952260534
2,4,wmt_14:language_pair=hi-en,wmt_14,pkps,0.0854887984721419
2,4,wmt_14:language_pair=hi-en,wmt_14,ens,0.06903656871259489
2,4,wmt_14:language_pair=ru-en,wmt_14,sample,0.0943271357045471
2,4,wmt_14:language_pair=ru-en,wmt_14,pkps,0.07889818572020303
2,4,wmt_14:language_pair=ru-en,wmt_14,ens,0.06317092611189042
2,5,legalbench:subset=abercrombie,legalbench,sample,0.28211658177702315
2,5,legalbench:subset=abercrombie,legalbench,pkps,0.16194817237583128
2,5,legalbench:subset=abercrombie,legalbench,ens,0.1452939772525434
2,5,legalbench:subset=abercrombie,legalbench,irt,0.3213310758677063
2,5,legalbench:subset=corporate_lobbying,legalbench,sample,0.2769713261648745
2,5,legalbench:subset=corporate_lobbying,legalbench,pkps,0.12426157923585497
2,5,legalbench:subset=corporate_lobbying,legalbench,ens,0.13457141516691332
2,5,legalbench:subset=corporate_lobbying,legalbench,irt,0.2999321706532213
2,5,legalbench:subset=function_of_decision_section,legalbench,sample,0.25752688172043003
2,5,legalbench:subset=function_of_decision_section,legalbench,pkps,0.07184669711047373
2,5,legalbench:subset=function_of_decision_section,legalbench,ens,0.09464392484602188
2,5,legalbench:subset=function_of_decision_section,legalbench,irt,0.525069345593464
2,5,legalbench:subset=international_citizenship_questions,legalbench,sample,0.2577956989247312
2,5,legalbench:subset=international_citizenship_questions,legalbench,pkps,0.11098976287879998
2,5,legalbench:subset=international_citizenship_questions,legalbench,ens,0.10419766523528154
2,5,legalbench:subset=international_citizenship_questions,legalbench,irt,0.36405037411332036
2,5,legalbench:subset=proa,legalbench,sample,0.12597623089983023
2,5,legalbench:subset=proa,legalbench,pkps,0.10181258769385491
2,5,legalbench:subset=proa,legalbench,ens,0.079675617880067
2,5,legalbench:subset=proa,legalbench,irt,0.1035064679811465
2,5,math:subject=algebra,math,sample,0.1697132616487455
2,5,math:subject=algebra,math,pkps,0.20646462749601668
2,5,math:subject=algebra,math,ens,0.14370485248528012
2,5,math:subject=algebra,math,irt,0.3755644466048667
2,5,math:subject=counting_and_probability,math,sample,0.20912599944858012
2,5,math:subject=counting_and_probability,math,pkps,0.19398888073861525
2,5,math:subject=counting_and_probability,math,ens,0.1404638224278881
2,5,math:subject=counting_and_probability,math,irt,0.1971600693305115
2,5,math:subject=geometry,math,sample,0.24335031126202603
2,5,math:subject=geometry,math,pkps,0.1742836916889442
2,5,math:subject=geometry,math,ens,0.15144765247442893
2,5,math:subject=geometry,math,irt,0.38949363404312165
2,5,math:subject=intermediate_algebra,math,sample,0.22787427626137305
2,5,math:subject=intermediate_algebra,math,pkps,0.19684151210790746
2,5,math:subject=intermediate_algebra,math,ens,0.15563244284760855
2,5,math:subject=intermediate_algebra,math,irt,0.39721378689212716
2,5,math:subject=number_theory,math,sample,0.22293906810035843
2,5,math:subject=number_theory,math,pkps,0.1926442825948546
2,5,math:subject=number_theory,math,ens,0.15867528606503908
2,5,math:subject=number_theory,math,irt,0.24871323415631244
2,5,math:subject=prealgebra,math,sample,0.21955488872218054
2,5,math:subject=prealgebra,math,pkps,0.19648117102837026
2,5,math:subject=prealgebra,math,ens,0.15920941969020605
2,5,math:subject=prealgebra,math,irt,0.36767270476659064
2,5,math:subject=precalculus,math,sample,0.24938690813054143
2,5,math:subject=precalculus,math,pkps,0.17670940017569467
2,5,math:subject=precalculus,math,ens,0.1412566390612987
2,5,math:subject=precalculus,math,irt,0.4052594040729962
2,5,med_qa,med_qa,sample,0.29363799283154124
2,5,med_qa,med_qa,pkps,0.11205357393385179
2,5,med_qa,med_qa,ens,0.11505793860406288
2,5,med_qa,med_qa,irt,0.398608807162433
2,5,wmt_14:language_pair=cs-en,wmt_14,sample,0.08662133101958942
2,5,wmt_14:language_pair=cs-en,wmt_14,pkps,0.05291784334263792
2,5,wmt_14:language_pair=cs-en,wmt_14,ens,0.04942280971579396
2,5,wmt_14:language_pair=de-en,wmt_14,sample,0.0836599690117745
2,5,wmt_14:language_pair=de-en,wmt_14,pkps,0.037662233633495114
2,5,wmt_14:language_pair=de-en,wmt_14,ens,0.036617604576730495
2,5,wmt_14:language_pair=fr-en,wmt_14,sample,0.1057990553742758
2,5,wmt_14:language_pair=fr-en,wmt_14,pkps,0.023297152403270953
2,5,wmt_14:language_pair=fr-en,wmt_14,ens,0.035537749239433584
2,5,wmt_14:language_pair=hi-en,wmt_14,sample,0.11414069701684366
2,5,wmt_14:language_pair=hi-en,wmt_14,pkps,0.0984239975876844
2,5,wmt_14:language_pair=hi-en,wmt_14,ens,0.08186393162798149
2,5,wmt_14:language_pair=ru-en,wmt_14,sample,0.07662972683764595
2,5,wmt_14:language_pair=ru-en,wmt_14,pkps,0.06367874099722011
2,5,wmt_14:language_pair=ru-en,wmt_14,ens,0.052795526227715946
2,6,legalbench:subset=abercrombie,legalbench,sample,0.26791171477079795
2,6,legalbench:subset=abercrombie,legalbench,pkps,0.1480646433412031
2,6,legalbench:subset=abercrombie,legalbench,ens,0.14024297678651695
2,6,legalbench:subset=abercrombie,legalbench,irt,0.32041211812797143
2,6,legalbench:subset=corporate_lobbying,legalbench,sample,0.2420250896057348
2,6,legalbench:subset=corporate_lobbying,legalbench,pkps,0.13932124763799236
2,6,legalbench:subset=corporate_lobbying,legalbench,ens,0.12399391427634673
2,6,legalbench:subset=corporate_lobbying,legalbench,irt,0.5006752760227082
2,6,legalbench:subset=function_of_decision_section,legalbench,sample,0.27634408602150534
2,6,legalbench:subset=function_of_decision_section,legalbench,pkps,0.0767877427228125
2,6,legalbench:subset=function_of_decision_section,legalbench,ens,0.10249423414679769
2,6,legalbench:subset=function_of_decision_section,legalbench,irt,0.5006752760227082
2,6,legalbench:subset=international_citizenship_questions,legalbench,sample,0.27643369175627247
2,6,legalbench:subset=international_citizenship_questions,legalbench,pkps,0.12375889734539025
2,6,legalbench:subset=international_citizenship_questions,legalbench,ens,0.13597171167187064
2,6,legalbench:subset=international_citizenship_questions,legalbench,irt,0.509997696051322
2,6,legalbench:subset=proa,legalbench,sample,0.14957555178268253
2,6,legalbench:subset=proa,legalbench,pkps,0.121212077727217
2,6,legalbench:subset=proa,legalbench,ens,0.10378419305026251
2,6,legalbench:subset=proa,legalbench,irt,0.46376263989107497
2,6,math:subject=algebra,math,sample,0.15555555555555556
2,6,math:subject=algebra,math,pkps,0.22182050554888955
2,6,math:subject=algebra,math,ens,0.1565378511366622
2,6,math:subject=algebra,math,irt,0.2923837074466537
2,6,math:subject=counting_and_probability,math,sample,0.19671905155776123
2,6,math:subject=counting_and_probability,math,pkps,0.21631386750945963
2,6,math:subject=counting_and_probability,math,ens,0.15395408857946488
2,6,math:subject=counting_and_probability,math,irt,0.23638426802634066
2,6,math:subject=geometry,math,sample,0.244199207696661
2,6,math:subject=geometry,math,pkps,0.1961251676688651
2,6,math:subject=geometry,math,ens,0.16026619802504843
2,6,math:subject=geometry,math,irt,0.42386611204490937
2,6,math:subject=intermediate_algebra,math,sample,0.22497932175351534
2,6,math:subject=intermediate_algebra,math,pkps,0.21938805808920073
2,6,math:subject=intermediate_algebra,math,ens,0.14674167349312744
2,6,math:subject=intermediate_algebra,math,irt,0.20236627965632292
2,6,math:subject=number_theory,math,sample,0.21971326164874555
2,6,math:subject=number_theory,math,pkps,0.21406376659560267
2,6,math:subject=number_theory,math,ens,0.1615774744454108
2,6,math:subject=number_theory,math,irt,0.37668946278839327
2,6,math:subject=prealgebra,math,sample,0.2100525131282821
2,6,math:subject=prealgebra,math,pkps,0.21070099219187868
2,6,math:subject=prealgebra,math,ens,0.14290448165755376
2,6,math:subject=prealgebra,math,irt,0.4322853999638135
2,6,math:subject=precalculus,math,sample,0.24910394265232977
2,6,math:subject=precalculus,math,pkps,0.2012897945106287
2,6,math:subject=precalculus,math,ens,0.16478528570361037
2,6,math:subject=precalculus,math,irt,0.5363806118638121
2,6,med_qa,med_qa,sample,0.282168458781362
2,6,med_qa,med_qa,pkps,0.12302435092669256
2,6,med_qa,med_qa,ens,0.14134493759307165
2,6,med_qa,med_qa,irt,0.43833102938465524
2,6,wmt_14:language_pair=cs-en,wmt_14,sample,0.08129945113759458
2,6,wmt_14:language_pair=cs-en,wmt_14,pkps,0.05548868525846841
2,6,wmt_14:language_pair=cs-en,wmt_14,ens,0.049967352327999544
2,6,wmt_14:language_pair=de-en,wmt_14,sample,0.09550482052568315
2,6,wmt_14:language_pair=de-en,wmt_14,pkps,0.047843002875346465
2,6,wmt_14:language_pair=de-en,wmt_14,ens,0.050980358838525676
2,6,wmt_14:language_pair=fr-en,wmt_14,sample,0.09754872031584741
2,6,wmt_14:language_pair=fr-en,wmt_14,pkps,0.025981528830685385
2,6,wmt_14:language_pair=fr-en,wmt_14,ens,0.03699248727264972
2,6,wmt_14:language_pair=hi-en,wmt_14,sample,0.10963316402946813
2,6,wmt_14:language_pair=hi-en,wmt_14,pkps,0.09581327925165811
2,6,wmt_14:language_pair=hi-en,wmt_14,ens,0.08339046168030674
2,6,wmt_14:language_pair=ru-en,wmt_14,sample,0.09537289016131559
2,6,wmt_14:language_pair=ru-en,wmt_14,pkps,0.07041604853234665
2,6,wmt_14:language_pair=ru-en,wmt_14,ens,0.06006568493320236
2,7,legalbench:subset=abercrombie,legalbench,sample,0.25082059988681377
2,7,legalbench:subset=abercrombie,legalbench,pkps,0.1458790495707389
2,7,legalbench:subset=abercrombie,legalbench,ens,0.12401228095926313
2,7,legalbench:subset=abercrombie,legalbench,irt,0.5519910654963924
2,7,legalbench:subset=corporate_lobbying,legalbench,sample,0.2624551971326165
2,7,legalbench:subset=corporate_lobbying,legalbench,pkps,0.12342536148223822
2,7,legalbench:subset=corporate_lobbying,legalbench,ens,0.1237767642218679
2,7,legalbench:subset=corporate_lobbying,legalbench,irt,0.2154738865275124
2,7,legalbench:subset=function_of_decision_section,legalbench,sample,0.2566308243727598
2,7,legalbench:subset=function_of_decision_section,legalbench,pkps,0.07440551595366636
2,7,legalbench:subset=function_of_decision_section,legalbench,ens,0.1050851567967354
2,7,legalbench:subset=function_of_decision_section,legalbench,irt,0.36458102938465525
2,7,legalbench:subset=international_citizenship_questions,legalbench,sample,0.26765232974910397
2,7,legalbench:subset=international_citizenship_questions,legalbench,pkps,0.12050821380254041
2,7,legalbench:subset=international_citizenship_questions,legalbench,ens,0.11966127357331789
2,7,legalbench:subset=international_citizenship_questions,legalbench,irt,0.3973419426893749
2,7,legalbench:subset=proa,legalbench,sample,0.16015846066779854
2,7,legalbench:subset=proa,legalbench,pkps,0.11183559653384233
2,7,legalbench:subset=proa,legalbench,ens,0.09544520192719118
2,7,legalbench:subset=proa,legalbench,irt,0.10736611710395352
2,7,math:subject=algebra,math,sample,0.1822580645161291
2,7,math:subject=algebra,math,pkps,0.2266869336809166
2,7,math:subject=algebra,math,ens,0.1660262078871534
2,7,math:subject=algebra,math,irt,0.20944977439399884
2,7,math:subject=counting_and_probability,math,sample,0.19864902122966635
2,7,math:subject=counting_and_probability,math,pkps,0.2094541133232388
2,7,math:subject=counting_and_probability,math,ens,0.14769143576165383
2,7,math:subject=counting_and_probability,math,irt,0.1534496920274096
2,7,math:subject=geometry,math,sample,0.26287492925863043
2,7,math:subject=geometry,math,pkps,0.18907983701777348
2,7,math:subject=geometry,math,ens,0.1693744709050093
2,7,math:subject=geometry,math,irt,0.5157883228284988
2,7,math:subject=intermediate_algebra,math,sample,0.24483043837882548
2,7,math:subject=intermediate_algebra,math,pkps,0.2059843489770947
2,7,math:subject=intermediate_algebra,math,ens,0.16543923007655062
2,7,math:subject=intermediate_algebra,math,irt,0.4326911568365958
2,7,math:subject=number_theory,math,sample,0.22258064516129028
2,7,math:subject=number_theory,math,pkps,0.225513718885452
2,7,math:subject=number_theory,math,ens,0.17193472455114991
2,7,math:subject=number_theory,math,irt,0.3542360122601307
2,7,math:subject=prealgebra,math,sample,0.17291822955738934
2,7,math:subject=prealgebra,math,pkps,0.2157893096560273
2,7,math:subject=prealgebra,math,ens,0.14395049868974666
2,7,math:subject=prealgebra,math,irt,0.15250939945424755
2,7,math:subject=precalculus,math,sample,0.2644784003018299
2,7,math:subject=precalculus,math,pkps,0.18874115354976675
2,7,math:subject=precalculus,math,ens,0.16714524911108722
2,7,math:subject=precalculus,math,irt,0.3046420601484582
2,7,med_qa,med_qa,sample,0.26227598566308247
2,7,med_qa,med_qa,pkps,0.11735524215830538
2,7,med_qa,med_qa,ens,0.11968159889522498
2,7,med_qa,med_qa,irt,0.39900860935604154
2,7,wmt_14:language_pair=cs-en,wmt_14,sample,0.08725157721771164
2,7,wmt_14:language_pair=cs-en,wmt_14,pkps,0.06357986050874521
2,7,wmt_14:language_pair=cs-en,wmt_14,ens,0.05281699175828301
2,7,wmt_14:language_pair=de-en,wmt_14,sample,0.08420186106297868
2,7,wmt_14:language_pair=de-en,wmt_14,pkps,0.04076334539499787
2,7,wmt_14:language_pair=de-en,wmt_14,ens,0.03906325771893371
2,7,wmt_14:language_pair=fr-en,wmt_14,sample,0.09242029557862758
2,7,wmt_14:language_pair=fr-en,wmt_14,pkps,0.025575214514709475
2,7,wmt_14:language_pair=fr-en,wmt_14,ens,0.03558287293133369
2,7,wmt_14:language_pair=hi-en,wmt_14,sample,0.10441838351133402
2,7,wmt_14:language_pair=hi-en,wmt_14,pkps,0.1067652230140351
2,7,wmt_14:language_pair=hi-en,wmt_14,ens,0.08862207404302858
2,7,wmt_14:language_pair=ru-en,wmt_14,sample,0.10286423682175162
2,7,wmt_14:language_pair=ru-en,wmt_14,pkps,0.08216842069355162
2,7,wmt_14:language_pair=ru-en,wmt_14,ens,0.06153242767310885
2,8,legalbench:subset=abercrombie,legalbench,sample,0.2617996604414261
2,8,legalbench:subset=abercrombie,legalbench,pkps,0.14990128470383174
2,8,legalbench:subset=abercrombie,legalbench,ens,0.1270840564667952
2,8,legalbench:subset=abercrombie,legalbench,irt,0.45185739165718
2,8,legalbench:subset=corporate_lobbying,legalbench,sample,0.2594086021505377
2,8,legalbench:subset=corporate_lobbying,legalbench,pkps,0.13193061817787385
2,8,legalbench:subset=corporate_lobbying,legalbench,ens,0.13193906739057032
2,8,legalbench:subset=corporate_lobbying,legalbench,irt,0.3775053299495544
2,8,legalbench:subset=function_of_decision_section,legalbench,sample,0.2586021505376344
2,8,legalbench:subset=function_of_decision_section,legalbench,pkps,0.07249617235005341
2,8,legalbench:subset=function_of_decision_section,legalbench,ens,0.09034046238019805
2,8,legalbench:subset=function_of_decision_section,legalbench,irt,0.4344497743939988
2,8,legalbench:subset=international_citizenship_questions,legalbench,sample,0.24901433691756275
2,8,legalbench:subset=international_citizenship_questions,legalbench,pkps,0.11816507351705319
2,8,legalbench:subset=international_citizenship_questions,legalbench,ens,0.11782552538701471
2,8,legalbench:subset=international_citizenship_questions,legalbench,irt,0.40333102938465526
2,8,legalbench:subset=proa,legalbench,sample,0.14165251839275608
2,8,legalbench:subset=proa,legalbench,pkps,0.10071559418756344
2,8,legalbench:subset=proa,legalbench,ens,0.09162951363136555
2,8,legalbench:subset=proa,legalbench,irt,0.22488806261933436
2,8,math:subject=algebra,math,sample,0.17222222222222222
2,8,math:subject=algebra,math,pkps,0.21012342342083537
2,8,math:subject=algebra,math,ens,0.15067989379758936
2,8,math:subject=algebra,math,irt,0.2302089880036806
2,8,math:subject=counting_and_probability,math,sample,0.23614557485525225
2,8,math:subject=counting_and_probability,math,pkps,0.20738794622072648
2,8,math:subject=counting_and_probability,math,ens,0.16688706649640128
2,8,math:subject=counting_and_probability,math,irt,0.19023042187249445
2,8,math:subject=geometry,math,sample,0.2515563101301641
2,8,math:subject=geometry,math,pkps,0.18133320571017802
2,8,math:subject=geometry,math,ens,0.16024561534265483
2,8,math:subject=geometry,math,irt,0.34300870277577217
2,8,math:subject=intermediate_algebra,math,sample,0.21298593879239044
2,8,math:subject=intermediate_algebra,math,pkps,0.21308778288060912
2,8,math:subject=intermediate_algebra,math,ens,0.16792290799103035
2,8,math:subject=intermediate_algebra,math,irt,0.4080759443324793
2,8,math:subject=number_theory,math,sample,0.2232974910394265
2,8,math:subject=number_theory,math,pkps,0.2182826653457874
2,8,math:subject=number_theory,math,ens,0.16994902719209645
2,8,math:subject=number_theory,math,irt,0.24279995488530023
2,8,math:subject=prealgebra,math,sample,0.16829207301825455
2,8,math:subject=prealgebra,math,pkps,0.19790837139653275
2,8,math:subject=prealgebra,math,ens,0.14714028692266407
2,8,math:subject=prealgebra,math,irt,0.3254788963394633
2,8,math:subject=precalculus,math,sample,0.21788341822297683
2,8,math:subject=precalculus,math,pkps,0.1893295683422323
2,8,math:subject=precalculus,math,ens,0.14706590354186802
2,8,math:subject=precalculus,math,irt,0.3021892286343997
2,8,med_qa,med_qa,sample,0.2560035842293907
2,8,med_qa,med_qa,pkps,0.12810558163517358
2,8,med_qa,med_qa,ens,0.11200821561184188
2,8,med_qa,med_qa,irt,0.323628216811515
2,8,wmt_14:language_pair=cs-en,wmt_14,sample,0.08446094949616963
2,8,wmt_14:language_pair=cs-en,wmt_14,pkps,0.052108228578630976
2,8,wmt_14:language_pair=cs-en,wmt_14,ens,0.046039069897682076
2,8,wmt_14:language_pair=de-en,wmt_14,sample,0.09455166318043158
2,8,wmt_14:language_pair=de-en,wmt_14,pkps,0.033548199873453075
2,8,wmt_14:language_pair=de-en,wmt_14,ens,0.0361654743140592
2,8,wmt_14:language_pair=fr-en,wmt_14,sample,0.10726870692589532
2,8,wmt_14:language_pair=fr-en,wmt_14,pkps,0.02137903559119859
2,8,wmt_14:language_pair=fr-en,wmt_14,ens,0.03538769150450407
2,8,wmt_14:language_pair=hi-en,wmt_14,sample,0.10025670263081972
2,8,wmt_14:language_pair=hi-en,wmt_14,pkps,0.09359702599224135
2,8,wmt_14:language_pair=hi-en,wmt_14,ens,0.07407212723188299
2,8,wmt_14:language_pair=ru-en,wmt_14,sample,0.10007917352102799
2,8,wmt_14:language_pair=ru-en,wmt_14,pkps,0.06796388522645452
2,8,wmt_14:language_pair=ru-en,wmt_14,ens,0.06092876588844391
2,9,legalbench:subset=abercrombie,legalbench,sample,0.2801924165251839
2,9,legalbench:subset=abercrombie,legalbench,pkps,0.14610582861400118
2,9,legalbench:subset=abercrombie,legalbench,ens,0.14857769631531104
2,9,legalbench:subset=abercrombie,legalbench,irt,0.5040060918961133
2,9,legalbench:subset=corporate_lobbying,legalbench,sample,0.2343189964157706
2,9,legalbench:subset=corporate_lobbying,legalbench,pkps,0.13448984831102342
2,9,legalbench:subset=corporate_lobbying,legalbench,ens,0.12434454712587809
2,9,legalbench:subset=corporate_lobbying,legalbench,irt,0.44648729490363204
2,9,legalbench:subset=function_of_decision_section,legalbench,sample,0.30483870967741933
2,9,legalbench:subset=function_of_decision_section,legalbench,pkps,0.07650832641425233
2,9,legalbench:subset=function_of_decision_section,legalbench,ens,0.11711237051126869
2,9,legalbench:subset=function_of_decision_section,legalbench,irt,0.495685178479871
2,9,legalbench:subset=international_citizenship_questions,legalbench,sample,0.26783154121863795
2,9,legalbench:subset=international_citizenship_questions,legalbench,pkps,0.12631043639182601
2,9,legalbench:subset=international_citizenship_questions,legalbench,ens,0.13423805126076208
2,9,legalbench:subset=international_citizenship_questions,legalbench,irt,0.49791436271798856
2,9,legalbench:subset=proa,legalbench,sample,0.17068477645727223
2,9,legalbench:subset=proa,legalbench,pkps,0.09947547878849941
2,9,legalbench:subset=proa,legalbench,ens,0.08674022518711032
2,9,legalbench:subset=proa,legalbench,irt,0.05102532053949836
2,9,math:subject=algebra,math,sample,0.16379928315412184
2,9,math:subject=algebra,math,pkps,0.22153502668507333
2,9,math:subject=algebra,math,ens,0.15882935650026211
2,9,math:subject=algebra,math,irt,0.04833102938465528
2,9,math:subject=counting_and_probability,math,sample,0.2262200165425972
2,9,math:subject=counting_and_probability,math,pkps,0.21883245878280502
2,9,math:subject=counting_and_probability,math,ens,0.16552187353249553
2,9,math:subject=counting_and_probability,math,irt,0.2417348621268606
2,9,math:subject=geometry,math,sample,0.27419354838709675
2,9,math:subject=geometry,math,pkps,0.18935628864579399
2,9,math:subject=geometry,math,ens,0.1561011655288527
2,9,math:subject=geometry,math,irt,0.3923332595434355
2,9,math:subject=intermediate_algebra,math,sample,0.2299421009098429
2,9,math:subject=intermediate_algebra,math,pkps,0.22204020556390222
2,9,math:subject=intermediate_algebra,math,ens,0.17687326712094337
2,9,math:subject=intermediate_algebra,math,irt,0.19877765709283732
2,9,math:subject=number_theory,math,sample,0.2193548387096774
2,9,math:subject=number_theory,math,pkps,0.21883578039257745
2,9,math:subject=number_theory,math,ens,0.15852394637391276
2,9,math:subject=number_theory,math,irt,0.2565705059735711
2,9,math:subject=prealgebra,math,sample,0.18529632408102026
2,9,math:subject=prealgebra,math,pkps,0.21658998368503912
2,9,math:subject=prealgebra,math,ens,0.14511856087594605
2,9,math:subject=prealgebra,math,irt,0.3135822527668942
2,9,math:subject=precalculus,math,sample,0.26362950386719486
2,9,math:subject=precalculus,math,pkps,0.20279299925104538
2,9,math:subject=precalculus,math,ens,0.15779584972964214
2,9,math:subject=precalculus,math,irt,0.2439715065652354
2,9,med_qa,med_qa,sample,0.24578853046594978
2,9,med_qa,med_qa,pkps,0.12003714603805095
2,9,med_qa,med_qa,ens,0.11302074307153304
2,9,med_qa,med_qa,irt,0.44166436271798853
2,9,wmt_14:language_pair=cs-en,wmt_14,sample,0.07758146497831114
2,9,wmt_14:language_pair=cs-en,wmt_14,pkps,0.0533592430998007
2,9,wmt_14:language_pair=cs-en,wmt_14,ens,0.047458695900088985
2,9,wmt_14:language_pair=de-en,wmt_14,sample,0.09510669350848022
2,9,wmt_14:language_pair=de-en,wmt_14,pkps,0.034276175360962675
2,9,wmt_14:language_pair=de-en,wmt_14,ens,0.042076238027662846
2,9,wmt_14:language_pair=fr-en,wmt_14,sample,0.09292451992210803
2,9,wmt_14:language_pair=fr-en,wmt_14,pkps,0.022847492913434044
2,9,wmt_14:language_pair=fr-en,wmt_14,ens,0.03608980928856497
2,9,wmt_14:language_pair=hi-en,wmt_14,sample,0.10780276818255702
2,9,wmt_14:language_pair=hi-en,wmt_14,pkps,0.09069642354881363
2,9,wmt_14:language_pair=hi-en,wmt_14,ens,0.07444440769724447
2,9,wmt_14:language_pair=ru-en,wmt_14,sample,0.08320505555191836
2,9,wmt_14:language_pair=ru-en,wmt_14,pkps,0.06802456998451015
2,9,wmt_14:language_pair=ru-en,wmt_14,ens,0.05463500162656258
2,10,legalbench:subset=abercrombie,legalbench,sample,0.27294850028296547
2,10,legalbench:subset=abercrombie,legalbench,pkps,0.16591891510008067
2,10,legalbench:subset=abercrombie,legalbench,ens,0.12546959363495921
2,10,legalbench:subset=abercrombie,legalbench,irt,0.39122413700889525
2,10,legalbench:subset=corporate_lobbying,legalbench,sample,0.24327956989247312
2,10,legalbench:subset=corporate_lobbying,legalbench,pkps,0.13691266033013508
2,10,legalbench:subset=corporate_lobbying,legalbench,ens,0.11644163536635038
2,10,legalbench:subset=corporate_lobbying,legalbench,irt,0.41118045670457515
2,10,legalbench:subset=function_of_decision_section,legalbench,sample,0.2711469534050179
2,10,legalbench:subset=function_of_decision_section,legalbench,pkps,0.07904028398816366
2,10,legalbench:subset=function_of_decision_section,legalbench,ens,0.09984034233290932
2,10,legalbench:subset=function_of_decision_section,legalbench,irt,0.32833102938465525
2,10,legalbench:subset=international_citizenship_questions,legalbench,sample,0.3002688172043011
2,10,legalbench:subset=international_citizenship_questions,legalbench,pkps,0.11984608963272748
2,10,legalbench:subset=international_citizenship_questions,legalbench,ens,0.12812595084834652
2,10,legalbench:subset=international_citizenship_questions,legalbench,irt,0.552439675856013
2,10,legalbench:subset=proa,legalbench,sample,0.14623655913978495
2,10,legalbench:subset=proa,legalbench,pkps,0.10881182108219808
2,10,legalbench:subset=proa,legalbench,ens,0.08308932444399471
2,10,legalbench:subset=proa,legalbench,irt,0.17151833371134498
2,10,math:subject=algebra,math,sample,0.19193548387096776
2,10,math:subject=algebra,math,pkps,0.20766265363088263
2,10,math:subject=algebra,math,ens,0.16553751188753046
2,10,math:subject=algebra,math,irt,0.4802831077273322
2,10,math:subject=counting_and_probability,math,sample,0.22649572649572652
2,10,math:subject=counting_and_probability,math,pkps,0.20939632941979053
2,10,math:subject=counting_and_probability,math,ens,0.15487334608058398
2,10,math:subject=counting_and_probability,math,irt,0.1778938004248986
2,10,math:subject=geometry,math,sample,0.23655913978494625
2,10,math:subject=geometry,math,pkps,0.1839789524340904
2,10,math:subject=geometry,math,ens,0.14118209508424168
2,10,math:subject=geometry,math,irt,0.2664067102990583
2,10,math:subject=intermediate_algebra,math,sample,0.21546732837055418
2,10,math:subject=intermediate_algebra,math,pkps,0.2096860661556929
2,10,math:subject=intermediate_algebra,math,ens,0.16704255335676704
2,10,math:subject=intermediate_algebra,math,irt,0.512233706137959
2,10,math:subject=number_theory,math,sample,0.20967741935483872
2,10,math:subject=number_theory,math,pkps,0.21885855796782716
2,10,math:subject=number_theory,math,ens,0.16922637858071268
2,10,math:subject=number_theory,math,irt,0.34005917717088163
2,10,math:subject=prealgebra,math,sample,0.19292323080770196
2,10,math:subject=prealgebra,math,pkps,0.2021385614529865
2,10,math:subject=prealgebra,math,ens,0.15753289424593742
2,10,math:subject=prealgebra,math,irt,0.20179183678574528
2,10,math:subject=precalculus,math,sample,0.2656102622146765
2,10,math:subject=precalculus,math,pkps,0.18800386991786125
2,10,math:subject=precalculus,math,ens,0.15227260972233791
2,10,math:subject=precalculus,math,irt,0.33838562439514047
2,10,med_qa,med_qa,sample,0.25277777777777777
2,10,med_qa,med_qa,pkps,0.11528164269563013
2,10,med_qa,med_qa,ens,0.11677718211830068
2,10,med_qa,med_qa,irt,0.31567527602270823
2,10,wmt_14:language_pair=cs-en,wmt_14,sample,0.08507252835445177
2,10,wmt_14:language_pair=cs-en,wmt_14,pkps,0.05091686627323761
2,10,wmt_14:language_pair=cs-en,wmt_14,ens,0.045710510634236465
2,10,wmt_14:language_pair=de-en,wmt_14,sample,0.09626384943757416
2,10,wmt_14:language_pair=de-en,wmt_14,pkps,0.03651709407062408
2,10,wmt_14:language_pair=de-en,wmt_14,ens,0.03407533427594315
2,10,wmt_14:language_pair=fr-en,wmt_14,sample,0.10417109931612122
2,10,wmt_14:language_pair=fr-en,wmt_14,pkps,0.022482870868775266
2,10,wmt_14:language_pair=fr-en,wmt_14,ens,0.03586984832183044
2,10,wmt_14:language_pair=hi-en,wmt_14,sample,0.10667318947205238
2,10,wmt_14:language_pair=hi-en,wmt_14,pkps,0.08815641573683264
2,10,wmt_14:language_pair=hi-en,wmt_14,ens,0.07126310836647573
2,10,wmt_14:language_pair=ru-en,wmt_14,sample,0.09892037651818249
2,10,wmt_14:language_pair=ru-en,wmt_14,pkps,0.06300432147056434
2,10,wmt_14:language_pair=ru-en,wmt_14,ens,0.056663481711890964
2,11,legalbench:subset=abercrombie,legalbench,sample,0.26230899830220716
2,11,legalbench:subset=abercrombie,legalbench,pkps,0.1528582500886819
2,11,legalbench:subset=abercrombie,legalbench,ens,0.11828319792561166
2,11,legalbench:subset=abercrombie,legalbench,irt,0.35370522860518433
2,11,legalbench:subset=corporate_lobbying,legalbench,sample,0.22840501792114692
2,11,legalbench:subset=corporate_lobbying,legalbench,pkps,0.1321036941494854
2,11,legalbench:subset=corporate_lobbying,legalbench,ens,0.11704026184597405
2,11,legalbench:subset=corporate_lobbying,legalbench,irt,0.24465128855554147
2,11,legalbench:subset=function_of_decision_section,legalbench,sample,0.27508960573476704
2,11,legalbench:subset=function_of_decision_section,legalbench,pkps,0.07940371022391611
2,11,legalbench:subset=function_of_decision_section,legalbench,ens,0.09794978223285555
2,11,legalbench:subset=function_of_decision_section,legalbench,irt,0.3291643627179886
2,11,legalbench:subset=international_citizenship_questions,legalbench,sample,0.2545698924731183
2,11,legalbench:subset=international_citizenship_questions,legalbench,pkps,0.14047963228987254
2,11,legalbench:subset=international_citizenship_questions,legalbench,ens,0.13030723824808133
2,11,legalbench:subset=international_citizenship_questions,legalbench,irt,0.43155605046030343
2,11,legalbench:subset=proa,legalbench,sample,0.13571024335031126
2,11,legalbench:subset=proa,legalbench,pkps,0.11219453427638883
2,11,legalbench:subset=proa,legalbench,ens,0.0855022045266512
2,11,legalbench:subset=proa,legalbench,irt,0.291554729286001
2,11,math:subject=algebra,math,sample,0.21487455197132613
2,11,math:subject=algebra,math,pkps,0.1982979460452136
2,11,math:subject=algebra,math,ens,0.16028922047891034
2,11,math:subject=algebra,math,irt,0.19694977439399886
2,11,math:subject=counting_and_probability,math,sample,0.2087124345188861
2,11,math:subject=counting_and_probability,math,pkps,0.20092671106014662
2,11,math:subject=counting_and_probability,math,ens,0.15516598991902344
2,11,math:subject=counting_and_probability,math,irt,0.2951553744109821
2,11,math:subject=geometry,math,sample,0.2495755517826825
2,11,math:subject=geometry,math,pkps,0.16855826096715207
2,11,math:subject=geometry,math,ens,0.14178086955160715
2,11,math:subject=geometry,math,irt,0.3293887840200042
2,11,math:subject=intermediate_algebra,math,sample,0.21339950372208438
2,11,math:subject=intermediate_algebra,math,pkps,0.19557157055963537
2,11,math:subject=intermediate_algebra,math,ens,0.14572051463601493
2,11,math:subject=intermediate_algebra,math,irt,0.4039024767181208
2,11,math:subject=number_theory,math,sample,0.2139784946236559
2,11,math:subject=number_theory,math,pkps,0.2132533169094341
2,11,math:subject=number_theory,math,ens,0.16249980575633505
2,11,math:subject=number_theory,math,irt,0.29258686844441306
2,11,math:subject=prealgebra,math,sample,0.1880470117529383
2,11,math:subject=prealgebra,math,pkps,0.1944777570262554
2,11,math:subject=prealgebra,math,ens,0.1498229684855302
2,11,math:subject=prealgebra,math,irt,0.3386029373247301
2,11,math:subject=precalculus,math,sample,0.2587247689115262
2,11,math:subject=precalculus,math,pkps,0.1826149610626457
2,11,math:subject=precalculus,math,ens,0.14292864820051704
2,11,math:subject=precalculus,math,irt,0.31834353657723463
2,11,med_qa,med_qa,sample,0.31317204301075263
2,11,med_qa,med_qa,pkps,0.12098068835183462
2,11,med_qa,med_qa,ens,0.12025900079310255
2,11,med_qa,med_qa,irt,0.3403471233712418
2,11,wmt_14:language_pair=cs-en,wmt_14,sample,0.08766693908526406
2,11,wmt_14:language_pair=cs-en,wmt_14,pkps,0.045484764227704415
2,11,wmt_14:language_pair=cs-en,wmt_14,ens,0.04451406483723557
2,11,wmt_14:language_pair=de-en,wmt_14,sample,0.1093725290168033
2,11,wmt_14:language_pair=de-en,wmt_14,pkps,0.03626734131549035
2,11,wmt_14:language_pair=de-en,wmt_14,ens,0.047646867841837
2,11,wmt_14:language_pair=fr-en,wmt_14,sample,0.09953098685140305
2,11,wmt_14:language_pair=fr-en,wmt_14,pkps,0.021843713693463412
2,11,wmt_14:language_pair=fr-en,wmt_14,ens,0.03390541711126199
2,11,wmt_14:language_pair=hi-en,wmt_14,sample,0.10335644602935445
2,11,wmt_14:language_pair=hi-en,wmt_14,pkps,0.08508950700108485
2,11,wmt_14:language_pair=hi-en,wmt_14,ens,0.06418825475382763
2,11,wmt_14:language_pair=ru-en,wmt_14,sample,0.10762599665040315
2,11,wmt_14:language_pair=ru-en,wmt_14,pkps,0.06393521863781806
2,11,wmt_14:language_pair=ru-en,wmt_14,ens,0.05285720309448677
4,0,legalbench:subset=abercrombie,legalbench,sample,0.19241652518392752
4,0,legalbench:subset=abercrombie,legalbench,pkps,0.14438845195001773
4,0,legalbench:subset=abercrombie,legalbench,ens,0.1148105862460401
4,0,legalbench:subset=abercrombie,legalbench,irt,0.33557997119747995
4,0,legalbench:subset=corporate_lobbying,legalbench,sample,0.16299283154121863
4,0,legalbench:subset=corporate_lobbying,legalbench,pkps,0.1160785694279282
4,0,legalbench:subset=corporate_lobbying,legalbench,ens,0.10654042485195364
4,0,legalbench:subset=corporate_lobbying,legalbench,irt,0.38134162155196694
4,0,legalbench:subset=function_of_decision_section,legalbench,sample,0.17419354838709677
4,0,legalbench:subset=function_of_decision_section,legalbench,pkps,0.07666540578235907
4,0,legalbench:subset=function_of_decision_section,legalbench,ens,0.08781379981397264
4,0,legalbench:subset=function_of_decision_section,legalbench,irt,0.3332580658787425
4,0,legalbench:subset=international_citizenship_questions,legalbench,sample,0.1984767025089606
4,0,legalbench:subset=international_citizenship_questions,legalbench,pkps,0.12287337069024246
4,0,legalbench:subset=international_citizenship_questions,legalbench,ens,0.11113377445472869
4,0,legalbench:subset=international_citizenship_questions,legalbench,irt,0.5015503741133203
4,0,legalbench:subset=proa,legalbench,sample,0.10956423316355404
4,0,legalbench:subset=proa,legalbench,pkps,0.08871137409855254
4,0,legalbench:subset=proa,legalbench,ens,0.07371487277864724
4,0,legalbench:subset=proa,legalbench,irt,0.10920937546007764
4,0,math:subject=algebra,math,sample,0.13279569892473117
4,0,math:subject=algebra,math,pkps,0.16824623375973494
4,0,math:subject=algebra,math,ens,0.1100510965478278
4,0,math:subject=algebra,math,irt,0.24172539014172725
4,0,math:subject=counting_and_probability,math,sample,0.15357044389302452
4,0,math:subject=counting_and_probability,math,pkps,0.17182142072142476
4,0,math:subject=counting_and_probability,math,ens,0.11710541786526955
4,0,math:subject=counting_and_probability,math,irt,0.545031929523552
4,0,math:subject=geometry,math,sample,0.17402376910016978
4,0,math:subject=geometry,math,pkps,0.15862063434480206
4,0,math:subject=geometry,math,ens,0.12681536343112126
4,0,math:subject=geometry,math,irt,0.3872667191651989
4,0,math:subject=intermediate_algebra,math,sample,0.16066997518610424
4,0,math:subject=intermediate_algebra,math,pkps,0.17196777237046312
4,0,math:subject=intermediate_algebra,math,ens,0.1277511687917621
4,0,math:subject=intermediate_algebra,math,irt,0.2420326556612577
4,0,math:subject=number_theory,math,sample,0.15197132616487455
4,0,math:subject=number_theory,math,pkps,0.17230033024768715
4,0,math:subject=number_theory,math,ens,0.1099072309932566
4,0,math:subject=number_theory,math,irt,0.21759525161412943
4,0,math:subject=prealgebra,math,sample,0.15116279069767447
4,0,math:subject=prealgebra,math,pkps,0.15941607133080882
4,0,math:subject=prealgebra,math,ens,0.1068332985945305
4,0,math:subject=prealgebra,math,irt,0.21028646591582198
4,0,math:subject=precalculus,math,sample,0.14105829088851163
4,0,math:subject=precalculus,math,pkps,0.16478786486439997
4,0,math:subject=precalculus,math,ens,0.10037544752702579
4,0,math:subject=precalculus,math,irt,0.2820116687698297
4,0,med_qa,med_qa,sample,0.17804659498207887
4,0,med_qa,med_qa,pkps,0.10791082706380405
4,0,med_qa,med_qa,ens,0.11059822827821761
4,0,med_qa,med_qa,irt,0.5593756132026435
4,0,wmt_14:language_pair=cs-en,wmt_14,sample,0.05979566463953996
4,0,wmt_14:language_pair=cs-en,wmt_14,pkps,0.04456316687961393
4,0,wmt_14:language_pair=cs-en,wmt_14,ens,0.040302892181327994
4,0,wmt_14:language_pair=de-en,wmt_14,sample,0.07228812771560596
4,0,wmt_14:language_pair=de-en,wmt_14,pkps,0.037323650261231446
4,0,wmt_14:language_pair=de-en,wmt_14,ens,0.039907858047487324
4,0,wmt_14:language_pair=fr-en,wmt_14,sample,0.07234350083800992
4,0,wmt_14:language_pair=fr-en,wmt_14,pkps,0.02097763283118059
4,0,wmt_14:language_pair=fr-en,wmt_14,ens,0.0375808841871041
4,0,wmt_14:language_pair=hi-en,wmt_14,sample,0.08018295613960218
4,0,wmt_14:language_pair=hi-en,wmt_14,pkps,0.07980569262790833
4,0,wmt_14:language_pair=hi-en,wmt_14,ens,0.05910910401810031
4,0,wmt_14:language_pair=ru-en,wmt_14,sample,0.06640305444981362
4,0,wmt_14:language_pair=ru-en,wmt_14,pkps,0.06541216578173098
4,0,wmt_14:language_pair=ru-en,wmt_14,ens,0.05429680262917717
4,1,legalbench:subset=abercrombie,legalbench,sample,0.18409734012450477
4,1,legalbench:subset=abercrombie,legalbench,pkps,0.14289089376715258
4,1,legalbench:subset=abercrombie,legalbench,ens,0.1176275945699474
4,1,legalbench:subset=abercrombie,legalbench,irt,0.40645269837060705
4,1,legalbench:subset=corporate_lobbying,legalbench,sample,0.14399641577060932
4,1,legalbench:subset=corporate_lobbying,legalbench,pkps,0.11390931666421485
4,1,legalbench:subset=corporate_lobbying,legalbench,ens,0.0929242905792491
4,1,legalbench:subset=corporate_lobbying,legalbench,irt,0.3090448834781817
4,1,legalbench:subset=function_of_decision_section,legalbench,sample,0.19964157706093186
4,1,legalbench:subset=function_of_decision_section,legalbench,pkps,0.07287405755376015
4,1,legalbench:subset=function_of_decision_section,legalbench,ens,0.09700852495625435
4,1,legalbench:subset=function_of_decision_section,legalbench,irt,0.31666551581095503
4,1,legalbench:subset=international_citizenship_questions,legalbench,sample,0.18467741935483864
4,1,legalbench:subset=international_citizenship_questions,legalbench,pkps,0.11281728322116073
4,1,legalbench:subset=international_citizenship_questions,legalbench,ens,0.1026530543783365
4,1,legalbench:subset=international_citizenship_questions,legalbench,irt,0.5036301520464892
4,1,legalbench:subset=proa,legalbench,sample,0.1087719298245614
4,1,legalbench:subset=proa,legalbench,pkps,0.09251722828601355
4,1,legalbench:subset=proa,legalbench,ens,0.07789918498772805
4,1,legalbench:subset=proa,legalbench,irt,0.20136944488169045
4,1,math:subject=algebra,math,sample,0.12795698924731183
4,1,math:subject=algebra,math,pkps,0.182757466777617
4,1,math:subject=algebra,math,ens,0.11574479798377346
4,1,math:subject=algebra,math,irt,0.2709249548853003
4,1,math:subject=counting_and_probability,math,sample,0.13240970499035015
4,1,math:subject=counting_and_probability,math,pkps,0.17077708934106775
4,1,math:subject=counting_and_probability,math,ens,0.10950779368034406
4,1,math:subject=counting_and_probability,math,irt,0.2784725061166518
4,1,math:subject=geometry,math,sample,0.16100735710243347
4,1,math:subject=geometry,math,pkps,0.17726723939815606
4,1,math:subject=geometry,math,ens,0.13048509733369235
4,1,math:subject=geometry,math,irt,0.32129805864087374
4,1,math:subject=intermediate_algebra,math,sample,0.15942928039702237
4,1,math:subject=intermediate_algebra,math,pkps,0.18256560587534146
4,1,math:subject=intermediate_algebra,math,ens,0.12645989876300412
4,1,math:subject=intermediate_algebra,math,irt,0.31534821320979567
4,1,math:subject=number_theory,math,sample,0.1403225806451613
4,1,math:subject=number_theory,math,pkps,0.1886118147734731
4,1,math:subject=number_theory,math,ens,0.11974165986215152
4,1,math:subject=number_theory,math,irt,0.3840241238912578
4,1,math:subject=prealgebra,math,sample,0.14459864966241562
4,1,math:subject=prealgebra,math,pkps,0.18221286440603168
4,1,math:subject=prealgebra,math,ens,0.11742095018405858
4,1,math:subject=prealgebra,math,irt,0.1961404416327354
4,1,math:subject=precalculus,math,sample,0.17091114883984157
4,1,math:subject=precalculus,math,pkps,0.16956787157133588
4,1,math:subject=precalculus,math,ens,0.12940856490628605
4,1,math:subject=precalculus,math,irt,0.3636285749269795
4,1,med_qa,med_qa,sample,0.20725806451612902
4,1,med_qa,med_qa,pkps,0.09955255200230187
4,1,med_qa,med_qa,ens,0.10763896301310812
4,1,med_qa,med_qa,irt,0.38404488347818166
4,1,wmt_14:language_pair=cs-en,wmt_14,sample,0.061458460192663725
4,1,wmt_14:language_pair=cs-en,wmt_14,pkps,0.04720330250016278
4,1,wmt_14:language_pair=cs-en,wmt_14,ens,0.043233924023473765
4,1,wmt_14:language_pair=de-en,wmt_14,sample,0.06439435808576913
4,1,wmt_14:language_pair=de-en,wmt_14,pkps,0.031995129955801546
4,1,wmt_14:language_pair=de-en,wmt_14,ens,0.03449177509209334
4,1,wmt_14:language_pair=fr-en,wmt_14,sample,0.0615777936899665
4,1,wmt_14:language_pair=fr-en,wmt_14,pkps,0.019139999034327553
4,1,wmt_14:language_pair=fr-en,wmt_14,ens,0.03033154895691222
4,1,wmt_14:language_pair=hi-en,wmt_14,sample,0.07928442601327909
4,1,wmt_14:language_pair=hi-en,wmt_14,pkps,0.0828165511440774
4,1,wmt_14:language_pair=hi-en,wmt_14,ens,0.06373533121246337
4,1,wmt_14:language_pair=ru-en,wmt_14,sample,0.0722407367107529
4,1,wmt_14:language_pair=ru-en,wmt_14,pkps,0.0609155354948632
4,1,wmt_14:language_pair=ru-en,wmt_14,ens,0.0504017225692664
4,2,legalbench:subset=abercrombie,legalbench,sample,0.1822297679683078
4,2,legalbench:subset=abercrombie,legalbench,pkps,0.1468314244542252
4,2,legalbench:subset=abercrombie,legalbench,ens,0.11945576403184315
4,2,legalbench:subset=abercrombie,legalbench,irt,0.5697356912495515
4,2,legalbench:subset=corporate_lobbying,legalbench,sample,0.1692652329749104
4,2,legalbench:subset=corporate_lobbying,legalbench,pkps,0.10802339490846057
4,2,legalbench:subset=corporate_lobbying,legalbench,ens,0.10691139194629773
4,2,legalbench:subset=corporate_lobbying,legalbench,irt,0.3949897088794801
4,2,legalbench:subset=function_of_decision_section,legalbench,sample,0.1913978494623656
4,2,legalbench:subset=function_of_decision_section,legalbench,pkps,0.06950865469939922
4,2,legalbench:subset=function_of_decision_section,legalbench,ens,0.0924836134003194
4,2,legalbench:subset=function_of_decision_section,legalbench,irt,0.339253216811515
4,2,legalbench:subset=international_citizenship_questions,legalbench,sample,0.2061827956989247
4,2,legalbench:subset=international_citizenship_questions,legalbench,pkps,0.1173374857820758
4,2,legalbench:subset=international_citizenship_questions,legalbench,ens,0.1116523997531103
4,2,legalbench:subset=international_citizenship_questions,legalbench,irt,0.40388879003790845
4,2,legalbench:subset=proa,legalbench,sample,0.11196943972835315
4,2,legalbench:subset=proa,legalbench,pkps,0.09050541423353105
4,2,legalbench:subset=proa,legalbench,ens,0.07416159198651444
4,2,legalbench:subset=proa,legalbench,irt,0.17958589903645023
4,2,math:subject=algebra,math,sample,0.12491039426523295
4,2,math:subject=algebra,math,pkps,0.18488278831674287
4,2,math:subject=algebra,math,ens,0.11877921992380402
4,2,math:subject=algebra,math,irt,0.23787683569247975
4,2,math:subject=counting_and_probability,math,sample,0.15949820788530464
4,2,math:subject=counting_and_probability,math,pkps,0.17285973433871157
4,2,math:subject=counting_and_probability,math,ens,0.11473465832734538
4,2,math:subject=counting_and_probability,math,irt,0.2576548156789341
4,2,math:subject=geometry,math,sample,0.17034521788341822
4,2,math:subject=geometry,math,pkps,0.16710152877124837
4,2,math:subject=geometry,math,ens,0.12567087548192019
4,2,math:subject=geometry,math,irt,0.3643720192805303
4,2,math:subject=intermediate_algebra,math,sample,0.1674937965260546
4,2,math:subject=intermediate_algebra,math,pkps,0.1851330264491101
4,2,math:subject=intermediate_algebra,math,ens,0.13457551222014347
4,2,math:subject=intermediate_algebra,math,irt,0.24540850788570306
4,2,math:subject=number_theory,math,sample,0.13333333333333333
4,2,math:subject=number_theory,math,pkps,0.17371023705963984
4,2,math:subject=number_theory,math,ens,0.11155094222208202
4,2,math:subject=number_theory,math,irt,0.3820303905516755
4,2,math:subject=prealgebra,math,sample,0.15416354088522133
4,2,math:subject=prealgebra,math,pkps,0.17208383607889532
4,2,math:subject=prealgebra,math,ens,0.13594185666614678
4,2,math:subject=prealgebra,math,irt,0.1960828318997965
4,2,math:subject=precalculus,math,sample,0.14336917562724014
4,2,math:subject=precalculus,math,pkps,0.1747937253431451
4,2,math:subject=precalculus,math,ens,0.11075421517243003
4,2,math:subject=precalculus,math,irt,0.35453767512392037
4,2,med_qa,med_qa,sample,0.17589605734767022
4,2,med_qa,med_qa,pkps,0.10583500774720977
4,2,med_qa,med_qa,ens,0.10171378619928433
4,2,med_qa,med_qa,irt,0.4475865501448484
4,2,wmt_14:language_pair=cs-en,wmt_14,sample,0.07051372118610308
4,2,wmt_14:language_pair=cs-en,wmt_14,pkps,0.047688710676189516
4,2,wmt_14:language_pair=cs-en,wmt_14,ens,0.0435795538507884
4,2,wmt_14:language_pair=de-en,wmt_14,sample,0.06245442163293662
4,2,wmt_14:language_pair=de-en,wmt_14,pkps,0.03372945264696185
4,2,wmt_14:language_pair=de-en,wmt_14,ens,0.03562824828631827
4,2,wmt_14:language_pair=fr-en,wmt_14,sample,0.06784777883239669
4,2,wmt_14:language_pair=fr-en,wmt_14,pkps,0.02003490393414009
4,2,wmt_14:language_pair=fr-en,wmt_14,ens,0.030199412754469898
4,2,wmt_14:language_pair=hi-en,wmt_14,sample,0.06988507618149188
4,2,wmt_14:language_pair=hi-en,wmt_14,pkps,0.08510896058138345
4,2,wmt_14:language_pair=hi-en,wmt_14,ens,0.06521001625378044
4,2,wmt_14:language_pair=ru-en,wmt_14,sample,0.06529610464528868
4,2,wmt_14:language_pair=ru-en,wmt_14,pkps,0.06421647621825252
4,2,wmt_14:language_pair=ru-en,wmt_14,ens,0.0501585790988433
4,3,legalbench:subset=abercrombie,legalbench,sample,0.19221844934917945
4,3,legalbench:subset=abercrombie,legalbench,pkps,0.137547407243703
4,3,legalbench:subset=abercrombie,legalbench,ens,0.12117485321154622
4,3,legalbench:subset=abercrombie,legalbench,irt,0.3819674532519655
4,3,legalbench:subset=corporate_lobbying,legalbench,sample,0.13342293906810038
4,3,legalbench:subset=corporate_lobbying,legalbench,pkps,0.11001999785638954
4,3,legalbench:subset=corporate_lobbying,legalbench,ens,0.09436602453994347
4,3,legalbench:subset=corporate_lobbying,legalbench,irt,0.2691719966162211
4,3,legalbench:subset=function_of_decision_section,legalbench,sample,0.20430107526881724
4,3,legalbench:subset=function_of_decision_section,legalbench,pkps,0.07551054504434543
4,3,legalbench:subset=function_of_decision_section,legalbench,ens,0.09553690634797651
4,3,legalbench:subset=function_of_decision_section,legalbench,irt,0.38034712337124177
4,3,legalbench:subset=international_citizenship_questions,legalbench,sample,0.1827060931899642
4,3,legalbench:subset=international_citizenship_questions,legalbench,pkps,0.10376437150245574
4,3,legalbench:subset=international_citizenship_questions,legalbench,ens,0.09294109181853787
4,3,legalbench:subset=international_citizenship_questions,legalbench,irt,0.53259517510171
4,3,legalbench:subset=proa,legalbench,sample,0.10246179966044143
4,3,legalbench:subset=proa,legalbench,pkps,0.08337884369275421
4,3,legalbench:subset=proa,legalbench,ens,0.07216104105800884
4,3,legalbench:subset=proa,legalbench,irt,0.09473592142069368
4,3,math:subject=algebra,math,sample,0.15591397849462363
4,3,math:subject=algebra,math,pkps,0.1753536643821213
4,3,math:subject=algebra,math,ens,0.1380687681103983
4,3,math:subject=algebra,math,irt,0.3260289985600968
4,3,math:subject=counting_and_probability,math,sample,0.1562586159360353
4,3,math:subject=counting_and_probability,math,pkps,0.17369989444969353
4,3,math:subject=counting_and_probability,math,ens,0.12190018721518128
4,3,math:subject=counting_and_probability,math,irt,0.344382945918622
4,3,math:subject=geometry,math,sample,0.1618562535370685
4,3,math:subject=geometry,math,pkps,0.1675141324355696
4,3,math:subject=geometry,math,ens,0.12600323249692164
4,3,math:subject=geometry,math,irt,0.3764419727330298
4,3,math:subject=intermediate_algebra,math,sample,0.14681555004135652
4,3,math:subject=intermediate_algebra,math,pkps,0.17309774367889427
4,3,math:subject=intermediate_algebra,math,ens,0.12005924044912719
4,3,math:subject=intermediate_algebra,math,irt,0.36469788717496815
4,3,math:subject=number_theory,math,sample,0.15752688172043008
4,3,math:subject=number_theory,math,pkps,0.17523587703931356
4,3,math:subject=number_theory,math,ens,0.1337078994318775
4,3,math:subject=number_theory,math,irt,0.37695184061432097
4,3,math:subject=prealgebra,math,sample,0.1355338834708677
4,3,math:subject=prealgebra,math,pkps,0.17972162431773078
4,3,math:subject=prealgebra,math,ens,0.12151874426542728
4,3,math:subject=prealgebra,math,irt,0.3636963699483984
4,3,math:subject=precalculus,math,sample,0.17661761931711
4,3,math:subject=precalculus,math,pkps,0.16751851465978101
4,3,math:subject=precalculus,math,ens,0.12068305149481164
4,3,math:subject=precalculus,math,irt,0.25336539220713866
4,3,med_qa,med_qa,sample,0.18808243727598567
4,3,med_qa,med_qa,pkps,0.10470124121552259
4,3,med_qa,med_qa,ens,0.09612025937271144
4,3,med_qa,med_qa,irt,0.3246698834781817
4,3,wmt_14:language_pair=cs-en,wmt_14,sample,0.05890036887306654
4,3,wmt_14:language_pair=cs-en,wmt_14,pkps,0.05034323241709087
4,3,wmt_14:language_pair=cs-en,wmt_14,ens,0.04284996118994644
4,3,wmt_14:language_pair=de-en,wmt_14,sample,0.07391082706494655
4,3,wmt_14:language_pair=de-en,wmt_14,pkps,0.03628487189903801
4,3,wmt_14:language_pair=de-en,wmt_14,ens,0.03784160028005132
4,3,wmt_14:language_pair=fr-en,wmt_14,sample,0.0681930825090361
4,3,wmt_14:language_pair=fr-en,wmt_14,pkps,0.02238705827047215
4,3,wmt_14:language_pair=fr-en,wmt_14,ens,0.03241945209413737
4,3,wmt_14:language_pair=hi-en,wmt_14,sample,0.06466686851441333
4,3,wmt_14:language_pair=hi-en,wmt_14,pkps,0.08674690845117838
4,3,wmt_14:language_pair=hi-en,wmt_14,ens,0.05764643776059814
4,3,wmt_14:language_pair=ru-en,wmt_14,sample,0.0664948660193672
4,3,wmt_14:language_pair=ru-en,wmt_14,pkps,0.06334615772110613
4,3,wmt_14:language_pair=ru-en,wmt_14,ens,0.0506110387165805
4,4,legalbench:subset=abercrombie,legalbench,sample,0.15735710243350315
4,4,legalbench:subset=abercrombie,legalbench,pkps,0.13723339141197027
4,4,legalbench:subset=abercrombie,legalbench,ens,0.10201008869521014
4,4,legalbench:subset=abercrombie,legalbench,irt,0.37864780668065745
4,4,legalbench:subset=corporate_lobbying,legalbench,sample,0.16424731182795702
4,4,legalbench:subset=corporate_lobbying,legalbench,pkps,0.11501477115367062
4,4,legalbench:subset=corporate_lobbying,legalbench,ens,0.11065364064096837
4,4,legalbench:subset=corporate_lobbying,legalbench,irt,0.5026916505072946
4,4,legalbench:subset=function_of_decision_section,legalbench,sample,0.18870967741935482
4,4,legalbench:subset=function_of_decision_section,legalbench,pkps,0.0714749207319842
4,4,legalbench:subset=function_of_decision_section,legalbench,ens,0.09033522325101598
4,4,legalbench:subset=function_of_decision_section,legalbench,irt,0.37498833462802383
4,4,legalbench:subset=international_citizenship_questions,legalbench,sample,0.19883512544802862
4,4,legalbench:subset=international_citizenship_questions,legalbench,pkps,0.11555911628132938
4,4,legalbench:subset=international_citizenship_questions,legalbench,ens,0.1111609372389035
4,4,legalbench:subset=international_citizenship_questions,legalbench,irt,0.35738328821863363
4,4,legalbench:subset=proa,legalbench,sample,0.10795132993774759
4,4,legalbench:subset=proa,legalbench,pkps,0.09330287625536872
4,4,legalbench:subset=proa,legalbench,ens,0.0738271365384252
4,4,legalbench:subset=proa,legalbench,irt,0.22883322009050774
4,4,math:subject=algebra,math,sample,0.13530465949820789
4,4,math:subject=algebra,math,pkps,0.19001890464167176
4,4,math:subject=algebra,math,ens,0.13283639863863111
4,4,math:subject=algebra,math,irt,0.2677071824776215
4,4,math:subject=counting_and_probability,math,sample,0.1388888888888889
4,4,math:subject=counting_and_probability,math,pkps,0.1822720083382862
4,4,math:subject=counting_and_probability,math,ens,0.12037106090863092
4,4,math:subject=counting_and_probability,math,irt,0.3679484065770086
4,4,math:subject=geometry,math,sample,0.13978494623655915
4,4,math:subject=geometry,math,pkps,0.16405668543096064
4,4,math:subject=geometry,math,ens,0.11008824406124927
4,4,math:subject=geometry,math,irt,0.3071513238371471
4,4,math:subject=intermediate_algebra,math,sample,0.1726633581472291
4,4,math:subject=intermediate_algebra,math,pkps,0.18574990484776271
4,4,math:subject=intermediate_algebra,math,ens,0.13870708174131696
4,4,math:subject=intermediate_algebra,math,irt,0.3367023493670386
4,4,math:subject=number_theory,math,sample,0.1421146953405018
4,4,math:subject=number_theory,math,pkps,0.19643365631358997
4,4,math:subject=number_theory,math,ens,0.12998016656826353
4,4,math:subject=number_theory,math,irt,0.32481440892084523
4,4,math:subject=prealgebra,math,sample,0.1506001500375094
4,4,math:subject=prealgebra,math,pkps,0.17711163717371078
4,4,math:subject=prealgebra,math,ens,0.11707700991899009
4,4,math:subject=prealgebra,math,irt,0.30445215337436443
4,4,math:subject=precalculus,math,sample,0.16511035653650255
4,4,math:subject=precalculus,math,pkps,0.179675161368241
4,4,math:subject=precalculus,math,ens,0.12023364866375662
4,4,math:subject=precalculus,math,irt,0.296209719148185
4,4,med_qa,med_qa,sample,0.1882616487455197
4,4,med_qa,med_qa,pkps,0.10685838719128125
4,4,med_qa,med_qa,ens,0.1063942986127531
4,4,med_qa,med_qa,irt,0.36792555771597785
4,4,wmt_14:language_pair=cs-en,wmt_14,sample,0.06022869357302587
4,4,wmt_14:language_pair=cs-en,wmt_14,pkps,0.045692894263225224
4,4,wmt_14:language_pair=cs-en,wmt_14,ens,0.038501596060717236
4,4,wmt_14:language_pair=de-en,wmt_14,sample,0.06074339826516878
4,4,wmt_14:language_pair=de-en,wmt_14,pkps,0.03336614849998068
4,4,wmt_14:language_pair=de-en,wmt_14,ens,0.03507390333190733
4,4,wmt_14:language_pair=fr-en,wmt_14,sample,0.057317628385850326
4,4,wmt_14:language_pair=fr-en,wmt_14,pkps,0.021321244453991504
4,4,wmt_14:language_pair=fr-en,wmt_14,ens,0.030975391336407455
4,4,wmt_14:language_pair=hi-en,wmt_14,sample,0.07683996931317921
4,4,wmt_14:language_pair=hi-en,wmt_14,pkps,0.07876984603600902
4,4,wmt_14:language_pair=hi-en,wmt_14,ens,0.060207704486357254
4,4,wmt_14:language_pair=ru-en,wmt_14,sample,0.07185442792090992
4,4,wmt_14:language_pair=ru-en,wmt_14,pkps,0.059970522958013646
4,4,wmt_14:language_pair=ru-en,wmt_14,ens,0.04648822265624345
4,5,legalbench:subset=abercrombie,legalbench,sample,0.17815506508206003
4,5,legalbench:subset=abercrombie,legalbench,pkps,0.13703635819827983
4,5,legalbench:subset=abercrombie,legalbench,ens,0.1057936046721326
4,5,legalbench:subset=abercrombie,legalbench,irt,0.36470043712454825
4,5,legalbench:subset=corporate_lobbying,legalbench,sample,0.17051971326164872
4,5,legalbench:subset=corporate_lobbying,legalbench,pkps,0.10409768356891017
4,5,legalbench:subset=corporate_lobbying,legalbench,ens,0.10087714359227132
4,5,legalbench:subset=corporate_lobbying,legalbench,irt,0.5174304567045751
4,5,legalbench:subset=function_of_decision_section,legalbench,sample,0.21021505376344088
4,5,legalbench:subset=function_of_decision_section,legalbench,pkps,0.07473932248687268
4,5,legalbench:subset=function_of_decision_section,legalbench,ens,0.10870771697385447
4,5,legalbench:subset=function_of_decision_section,legalbench,irt,0.3715448834781817
4,5,legalbench:subset=international_citizenship_questions,legalbench,sample,0.20259856630824372
4,5,legalbench:subset=international_citizenship_questions,legalbench,pkps,0.11438134562718352
4,5,legalbench:subset=international_citizenship_questions,legalbench,ens,0.10543775722142726
4,5,legalbench:subset=international_citizenship_questions,legalbench,irt,0.4163365501448483
4,5,legalbench:subset=proa,legalbench,sample,0.10101867572156198
4,5,legalbench:subset=proa,legalbench,pkps,0.0886375177667356
4,5,legalbench:subset=proa,legalbench,ens,0.06802287030715366
4,5,legalbench:subset=proa,legalbench,irt,0.4601945530547471
4,5,math:subject=algebra,math,sample,0.14372759856630823
4,5,math:subject=algebra,math,pkps,0.16602993061277452
4,5,math:subject=algebra,math,ens,0.11331155300726475
4,5,math:subject=algebra,math,irt,0.1802831077273322
4,5,math:subject=counting_and_probability,math,sample,0.15508684863523575
4,5,math:subject=counting_and_probability,math,pkps,0.1595948899757901
4,5,math:subject=counting_and_probability,math,ens,0.11935416689546591
4,5,math:subject=counting_and_probability,math,irt,0.185500906294106
4,5,math:subject=geometry,math,sample,0.17770232031692135
4,5,math:subject=geometry,math,pkps,0.15289193779304355
4,5,math:subject=geometry,math,ens,0.11536859631308026
4,5,math:subject=geometry,math,irt,0.3982446166268042
4,5,math:subject=intermediate_algebra,math,sample,0.1393713813068652
4,5,math:subject=intermediate_algebra,math,pkps,0.16864723705723822
4,5,math:subject=intermediate_algebra,math,ens,0.12609975576221688
4,5,math:subject=intermediate_algebra,math,irt,0.4021416684303669
4,5,math:subject=number_theory,math,sample,0.1686379928315412
4,5,math:subject=number_theory,math,pkps,0.17001019805798234
4,5,math:subject=number_theory,math,ens,0.13730279335301404
4,5,math:subject=number_theory,math,irt,0.38582399484539065
4,5,math:subject=prealgebra,math,sample,0.13928482120530133
4,5,math:subject=prealgebra,math,pkps,0.16006175244709656
4,5,math:subject=prealgebra,math,ens,0.1150423026566831
4,5,math:subject=prealgebra,math,irt,0.21465550301289466
4,5,math:subject=precalculus,math,sample,0.16246934540652708
4,5,math:subject=precalculus,math,pkps,0.16303666280746978
4,5,math:subject=precalculus,math,ens,0.11816841172284168
4,5,math:subject=precalculus,math,irt,0.3776238948918352
4,5,med_qa,med_qa,sample,0.17679211469534045
4,5,med_qa,med_qa,pkps,0.10408996434331519
4,5,med_qa,med_qa,ens,0.09598102643321824
4,5,med_qa,med_qa,irt,0.5406654732861499
4,5,wmt_14:language_pair=cs-en,wmt_14,sample,0.058635918696699964
4,5,wmt_14:language_pair=cs-en,wmt_14,pkps,0.04553734350116744
4,5,wmt_14:language_pair=cs-en,wmt_14,ens,0.04030594950306918
4,5,wmt_14:language_pair=de-en,wmt_14,sample,0.0657839644424682
4,5,wmt_14:language_pair=de-en,wmt_14,pkps,0.03651951374431542
4,5,wmt_14:language_pair=de-en,wmt_14,ens,0.03431877371423761
4,5,wmt_14:language_pair=fr-en,wmt_14,sample,0.0682948184289614
4,5,wmt_14:language_pair=fr-en,wmt_14,pkps,0.0214762531141038
4,5,wmt_14:language_pair=fr-en,wmt_14,ens,0.03196418719838769
4,5,wmt_14:language_pair=hi-en,wmt_14,sample,0.069577818543982
4,5,wmt_14:language_pair=hi-en,wmt_14,pkps,0.0769134013127893
4,5,wmt_14:language_pair=hi-en,wmt_14,ens,0.056704396831382016
4,5,wmt_14:language_pair=ru-en,wmt_14,sample,0.06825766057729818
4,5,wmt_14:language_pair=ru-en,wmt_14,pkps,0.06331635153117321
4,5,wmt_14:language_pair=ru-en,wmt_14,ens,0.04829504681420926
4,6,legalbench:subset=abercrombie,legalbench,sample,0.1734012450481041
4,6,legalbench:subset=abercrombie,legalbench,pkps,0.12940307929617076
4,6,legalbench:subset=abercrombie,legalbench,ens,0.1147312780829201
4,6,legalbench:subset=abercrombie,legalbench,irt,0.4115854102905235
4,6,legalbench:subset=corporate_lobbying,legalbench,sample,0.1780465949820788
4,6,legalbench:subset=corporate_lobbying,legalbench,pkps,0.11244722489175346
4,6,legalbench:subset=corporate_lobbying,legalbench,ens,0.10858358559729296
4,6,legalbench:subset=corporate_lobbying,legalbench,irt,0.23585551044085584
4,6,legalbench:subset=function_of_decision_section,legalbench,sample,0.1874551971326165
4,6,legalbench:subset=function_of_decision_section,legalbench,pkps,0.07111463435824988
4,6,legalbench:subset=function_of_decision_section,legalbench,ens,0.08711085062658916
4,6,legalbench:subset=function_of_decision_section,legalbench,irt,0.3835025409712637
4,6,legalbench:subset=international_citizenship_questions,legalbench,sample,0.20510752688172043
4,6,legalbench:subset=international_citizenship_questions,legalbench,pkps,0.12121489914342556
4,6,legalbench:subset=international_citizenship_questions,legalbench,ens,0.1131612592820528
4,6,legalbench:subset=international_citizenship_questions,legalbench,irt,0.3943583171739612
4,6,legalbench:subset=proa,legalbench,sample,0.1203735144312394
4,6,legalbench:subset=proa,legalbench,pkps,0.09061944683018977
4,6,legalbench:subset=proa,legalbench,ens,0.07833809201360266
4,6,legalbench:subset=proa,legalbench,irt,0.07982341054779694
4,6,math:subject=algebra,math,sample,0.12275985663082437
4,6,math:subject=algebra,math,pkps,0.18665342521044212
4,6,math:subject=algebra,math,ens,0.1204795939132655
4,6,math:subject=algebra,math,irt,0.2555118417683767
4,6,math:subject=counting_and_probability,math,sample,0.16225530741659774
4,6,math:subject=counting_and_probability,math,pkps,0.17579635813762853
4,6,math:subject=counting_and_probability,math,ens,0.12763616861103266
4,6,math:subject=counting_and_probability,math,irt,0.2403761800545203
4,6,math:subject=geometry,math,sample,0.16327108092812675
4,6,math:subject=geometry,math,pkps,0.16361475565278102
4,6,math:subject=geometry,math,ens,0.11663466891844602
4,6,math:subject=geometry,math,irt,0.5753963019931876
4,6,math:subject=intermediate_algebra,math,sample,0.1424731182795699
4,6,math:subject=intermediate_algebra,math,pkps,0.1797542803593899
4,6,math:subject=intermediate_algebra,math,ens,0.12787679683125455
4,6,math:subject=intermediate_algebra,math,irt,0.34432716781497247
4,6,math:subject=number_theory,math,sample,0.13906810035842293
4,6,math:subject=number_theory,math,pkps,0.19272430678666846
4,6,math:subject=number_theory,math,ens,0.13856934384939276
4,6,math:subject=number_theory,math,irt,0.34920698926038257
4,6,math:subject=prealgebra,math,sample,0.14753688422105526
4,6,math:subject=prealgebra,math,pkps,0.17985236178969968
4,6,math:subject=prealgebra,math,ens,0.12770764921519254
4,6,math:subject=prealgebra,math,irt,0.188370942167544
4,6,math:subject=precalculus,math,sample,0.17529711375212226
4,6,math:subject=precalculus,math,pkps,0.18120786739894665
4,6,math:subject=precalculus,math,ens,0.13653455545633367
4,6,math:subject=precalculus,math,irt,0.5628643462203116
4,6,med_qa,med_qa,sample,0.1771505376344086
4,6,med_qa,med_qa,pkps,0.10815288649631075
4,6,med_qa,med_qa,ens,0.09757326655291024
4,6,med_qa,med_qa,irt,0.38196155014484834
4,6,wmt_14:language_pair=cs-en,wmt_14,sample,0.06639006164998186
4,6,wmt_14:language_pair=cs-en,wmt_14,pkps,0.0477249168385984
4,6,wmt_14:language_pair=cs-en,wmt_14,ens,0.04201171927481264
4,6,wmt_14:language_pair=de-en,wmt_14,sample,0.06086803387591674
4,6,wmt_14:language_pair=de-en,wmt_14,pkps,0.034020968606618386
4,6,wmt_14:language_pair=de-en,wmt_14,ens,0.029933251495945317
4,6,wmt_14:language_pair=fr-en,wmt_14,sample,0.07137671222570915
4,6,wmt_14:language_pair=fr-en,wmt_14,pkps,0.02223656285527057
4,6,wmt_14:language_pair=fr-en,wmt_14,ens,0.03137804407323171
4,6,wmt_14:language_pair=hi-en,wmt_14,sample,0.06624351729165241
4,6,wmt_14:language_pair=hi-en,wmt_14,pkps,0.08124904824841563
4,6,wmt_14:language_pair=hi-en,wmt_14,ens,0.060530219994462
4,6,wmt_14:language_pair=ru-en,wmt_14,sample,0.07456999261694815
4,6,wmt_14:language_pair=ru-en,wmt_14,pkps,0.0569077060162947
4,6,wmt_14:language_pair=ru-en,wmt_14,ens,0.04910175443199165
4,7,legalbench:subset=abercrombie,legalbench,sample,0.1750141482739106
4,7,legalbench:subset=abercrombie,legalbench,pkps,0.1352020527746767
4,7,legalbench:subset=abercrombie,legalbench,ens,0.107003800831408
4,7,legalbench:subset=abercrombie,legalbench,irt,0.3960182901909664
4,7,legalbench:subset=corporate_lobbying,legalbench,sample,0.1685483870967742
4,7,legalbench:subset=corporate_lobbying,legalbench,pkps,0.13230113217924883
4,7,legalbench:subset=corporate_lobbying,legalbench,ens,0.11773652022634627
4,7,legalbench:subset=corporate_lobbying,legalbench,irt,0.3235422798693103
4,7,legalbench:subset=function_of_decision_section,legalbench,sample,0.15071684587813622
4,7,legalbench:subset=function_of_decision_section,legalbench,pkps,0.08059567472800935
4,7,legalbench:subset=function_of_decision_section,legalbench,ens,0.07617641592221085
4,7,legalbench:subset=function_of_decision_section,legalbench,irt,0.4254802245924098
4,7,legalbench:subset=international_citizenship_questions,legalbench,sample,0.19023297491039434
4,7,legalbench:subset=international_citizenship_questions,legalbench,pkps,0.11685270529966683
4,7,legalbench:subset=international_citizenship_questions,legalbench,ens,0.11269918531138941
4,7,legalbench:subset=international_citizenship_questions,legalbench,irt,0.36824607069029514
4,7,legalbench:subset=proa,legalbench,sample,0.10908319185059422
4,7,legalbench:subset=proa,legalbench,pkps,0.09446226966312653
4,7,legalbench:subset=proa,legalbench,ens,0.08233516881094394
4,7,legalbench:subset=proa,legalbench,irt,0.18859509345268866
4,7,math:subject=algebra,math,sample,0.13620071684587812
4,7,math:subject=algebra,math,pkps,0.17642090224545176
4,7,math:subject=algebra,math,ens,0.12619533243498363
4,7,math:subject=algebra,math,irt,0.2681053930616285
4,7,math:subject=counting_and_probability,math,sample,0.14226633581472292
4,7,math:subject=counting_and_probability,math,pkps,0.1674512431028317
4,7,math:subject=counting_and_probability,math,ens,0.11895210564494084
4,7,math:subject=counting_and_probability,math,irt,0.2772738819526358
4,7,math:subject=geometry,math,sample,0.15449915110356538
4,7,math:subject=geometry,math,pkps,0.16332142573006275
4,7,math:subject=geometry,math,ens,0.12130694054433633
4,7,math:subject=geometry,math,irt,0.4532196605253275
4,7,math:subject=intermediate_algebra,math,sample,0.1532258064516129
4,7,math:subject=intermediate_algebra,math,pkps,0.174612114207018
4,7,math:subject=intermediate_algebra,math,ens,0.12777519811991456
4,7,math:subject=intermediate_algebra,math,irt,0.33241985986408434
4,7,math:subject=number_theory,math,sample,0.15913978494623657
4,7,math:subject=number_theory,math,pkps,0.18161175916086852
4,7,math:subject=number_theory,math,ens,0.12674351822198363
4,7,math:subject=number_theory,math,irt,0.2178571096800379
4,7,math:subject=prealgebra,math,sample,0.1363465866466617
4,7,math:subject=prealgebra,math,pkps,0.165440044727042
4,7,math:subject=prealgebra,math,ens,0.10983908396399757
4,7,math:subject=prealgebra,math,irt,0.19169681746405304
4,7,math:subject=precalculus,math,sample,0.17161856253537067
4,7,math:subject=precalculus,math,pkps,0.15895692935894448
4,7,math:subject=precalculus,math,ens,0.1161009433897968
4,7,math:subject=precalculus,math,irt,0.35312889891365706
4,7,med_qa,med_qa,sample,0.21012544802867386
4,7,med_qa,med_qa,pkps,0.10436530557164019
4,7,med_qa,med_qa,ens,0.11051776631220678
4,7,med_qa,med_qa,irt,0.3599049381177136
4,7,wmt_14:language_pair=cs-en,wmt_14,sample,0.06034879721892548
4,7,wmt_14:language_pair=cs-en,wmt_14,pkps,0.04598651507649245
4,7,wmt_14:language_pair=cs-en,wmt_14,ens,0.038957508054691
4,7,wmt_14:language_pair=de-en,wmt_14,sample,0.05921756830426225
4,7,wmt_14:language_pair=de-en,wmt_14,pkps,0.034335111837861046
4,7,wmt_14:language_pair=de-en,wmt_14,ens,0.03646363612341716
4,7,wmt_14:language_pair=fr-en,wmt_14,sample,0.06418369369236768
4,7,wmt_14:language_pair=fr-en,wmt_14,pkps,0.020530110731232513
4,7,wmt_14:language_pair=fr-en,wmt_14,ens,0.03127038005148542
4,7,wmt_14:language_pair=hi-en,wmt_14,sample,0.08220556309335476
4,7,wmt_14:language_pair=hi-en,wmt_14,pkps,0.08193373522848614
4,7,wmt_14:language_pair=hi-en,wmt_14,ens,0.06641030162624185
4,7,wmt_14:language_pair=ru-en,wmt_14,sample,0.06524561906757438
4,7,wmt_14:language_pair=ru-en,wmt_14,pkps,0.06202847168351896
4,7,wmt_14:language_pair=ru-en,wmt_14,ens,0.04559856098473676
4,8,legalbench:subset=abercrombie,legalbench,sample,0.1684493491794001
4,8,legalbench:subset=abercrombie,legalbench,pkps,0.14445529706203086
4,8,legalbench:subset=abercrombie,legalbench,ens,0.09458205052004433
4,8,legalbench:subset=abercrombie,legalbench,irt,0.34820903168496514
4,8,legalbench:subset=corporate_lobbying,legalbench,sample,0.1518817204301075
4,8,legalbench:subset=corporate_lobbying,legalbench,pkps,0.11902897063863291
4,8,legalbench:subset=corporate_lobbying,legalbench,ens,0.10639643183063202
4,8,legalbench:subset=corporate_lobbying,legalbench,irt,0.2499988491442882
4,8,legalbench:subset=function_of_decision_section,legalbench,sample,0.17491039426523297
4,8,legalbench:subset=function_of_decision_section,legalbench,pkps,0.06961762259955784
4,8,legalbench:subset=function_of_decision_section,legalbench,ens,0.09368359660925676
4,8,legalbench:subset=function_of_decision_section,legalbench,irt,0.36785483890846477
4,8,legalbench:subset=international_citizenship_questions,legalbench,sample,0.20582437275985663
4,8,legalbench:subset=international_citizenship_questions,legalbench,pkps,0.11385334733547486
4,8,legalbench:subset=international_citizenship_questions,legalbench,ens,0.10834733737033138
4,8,legalbench:subset=international_citizenship_questions,legalbench,irt,0.3552831077273322
4,8,legalbench:subset=proa,legalbench,sample,0.10882852292020374
4,8,legalbench:subset=proa,legalbench,pkps,0.08907202172413536
4,8,legalbench:subset=proa,legalbench,ens,0.07048145115510267
4,8,legalbench:subset=proa,legalbench,irt,0.1861990592242759
4,8,math:subject=algebra,math,sample,0.1421146953405018
4,8,math:subject=algebra,math,pkps,0.19264684279842528
4,8,math:subject=algebra,math,ens,0.1367171693646151
4,8,math:subject=algebra,math,irt,0.196508658686999
4,8,math:subject=counting_and_probability,math,sample,0.1641852770885029
4,8,math:subject=counting_and_probability,math,pkps,0.19435150297293377
4,8,math:subject=counting_and_probability,math,ens,0.12237552132971645
4,8,math:subject=counting_and_probability,math,irt,0.28277359936998714
4,8,math:subject=geometry,math,sample,0.1352574985851726
4,8,math:subject=geometry,math,pkps,0.1702712138567622
4,8,math:subject=geometry,math,ens,0.11561722045555729
4,8,math:subject=geometry,math,irt,0.32285840950886624
4,8,math:subject=intermediate_algebra,math,sample,0.1641852770885029
4,8,math:subject=intermediate_algebra,math,pkps,0.20284184553849532
4,8,math:subject=intermediate_algebra,math,ens,0.13598385771275623
4,8,math:subject=intermediate_algebra,math,irt,0.37027851555517505
4,8,math:subject=number_theory,math,sample,0.14964157706093192
4,8,math:subject=number_theory,math,pkps,0.190151707974302
4,8,math:subject=number_theory,math,ens,0.13301960871838217
4,8,math:subject=number_theory,math,irt,0.3313207418102079
4,8,math:subject=prealgebra,math,sample,0.14697424356089023
4,8,math:subject=prealgebra,math,pkps,0.18686782145468897
4,8,math:subject=prealgebra,math,ens,0.13140652487703824
4,8,math:subject=prealgebra,math,irt,0.3508925053130707
4,8,math:subject=precalculus,math,sample,0.15761177136389362
4,8,math:subject=precalculus,math,pkps,0.1895574836497981
4,8,math:subject=precalculus,math,ens,0.13654344969384152
4,8,math:subject=precalculus,math,irt,0.3667925167803053
4,8,med_qa,med_qa,sample,0.21102150537634412
4,8,med_qa,med_qa,pkps,0.11697353393353035
4,8,med_qa,med_qa,ens,0.11004519515075117
4,8,med_qa,med_qa,irt,0.5183042260989186
4,8,wmt_14:language_pair=cs-en,wmt_14,sample,0.06217683220558435
4,8,wmt_14:language_pair=cs-en,wmt_14,pkps,0.043675841782623924
4,8,wmt_14:language_pair=cs-en,wmt_14,ens,0.04051739223965112
4,8,wmt_14:language_pair=de-en,wmt_14,sample,0.07075393599556298
4,8,wmt_14:language_pair=de-en,wmt_14,pkps,0.0338068196587237
4,8,wmt_14:language_pair=de-en,wmt_14,ens,0.03553690594147683
4,8,wmt_14:language_pair=fr-en,wmt_14,sample,0.07254319534633785
4,8,wmt_14:language_pair=fr-en,wmt_14,pkps,0.021880414057256752
4,8,wmt_14:language_pair=fr-en,wmt_14,ens,0.03531877888769651
4,8,wmt_14:language_pair=hi-en,wmt_14,sample,0.07393031017273578
4,8,wmt_14:language_pair=hi-en,wmt_14,pkps,0.08172128883202709
4,8,wmt_14:language_pair=hi-en,wmt_14,ens,0.05978888068195104
4,8,wmt_14:language_pair=ru-en,wmt_14,sample,0.06135063727224829
4,8,wmt_14:language_pair=ru-en,wmt_14,pkps,0.05839799744060602
4,8,wmt_14:language_pair=ru-en,wmt_14,ens,0.04404113659284033
4,9,legalbench:subset=abercrombie,legalbench,sample,0.18044708545557442
4,9,legalbench:subset=abercrombie,legalbench,pkps,0.13265256258926553
4,9,legalbench:subset=abercrombie,legalbench,ens,0.10048096347770372
4,9,legalbench:subset=abercrombie,legalbench,irt,0.5438610546956097
4,9,legalbench:subset=corporate_lobbying,legalbench,sample,0.14686379928315413
4,9,legalbench:subset=corporate_lobbying,legalbench,pkps,0.11094223277312912
4,9,legalbench:subset=corporate_lobbying,legalbench,ens,0.10698424919798348
4,9,legalbench:subset=corporate_lobbying,legalbench,irt,0.4376905151347396
4,9,legalbench:subset=function_of_decision_section,legalbench,sample,0.20716845878136195
4,9,legalbench:subset=function_of_decision_section,legalbench,pkps,0.07148450494943291
4,9,legalbench:subset=function_of_decision_section,legalbench,ens,0.10328638561527077
4,9,legalbench:subset=function_of_decision_section,legalbench,irt,0.3531238491442883
4,9,legalbench:subset=international_citizenship_questions,legalbench,sample,0.19758064516129029
4,9,legalbench:subset=international_citizenship_questions,legalbench,pkps,0.11950424895929393
4,9,legalbench:subset=international_citizenship_questions,legalbench,ens,0.10901393819539826
4,9,legalbench:subset=international_citizenship_questions,legalbench,irt,0.5480661308608235
4,9,legalbench:subset=proa,legalbench,sample,0.09997170345217883
4,9,legalbench:subset=proa,legalbench,pkps,0.09480256190923549
4,9,legalbench:subset=proa,legalbench,ens,0.07582255322960578
4,9,legalbench:subset=proa,legalbench,irt,0.1598076708309726
4,9,math:subject=algebra,math,sample,0.14838709677419354
4,9,math:subject=algebra,math,pkps,0.1870092346014616
4,9,math:subject=algebra,math,ens,0.12269896914683295
4,9,math:subject=algebra,math,irt,0.2534312558754804
4,9,math:subject=counting_and_probability,math,sample,0.14081885856079404
4,9,math:subject=counting_and_probability,math,pkps,0.18231038100366864
4,9,math:subject=counting_and_probability,math,ens,0.12502243200505045
4,9,math:subject=counting_and_probability,math,irt,0.2816932772173956
4,9,math:subject=geometry,math,sample,0.17388228636106395
4,9,math:subject=geometry,math,pkps,0.16778784770827346
4,9,math:subject=geometry,math,ens,0.12085872506476296
4,9,math:subject=geometry,math,irt,0.457464627101425
4,9,math:subject=intermediate_algebra,math,sample,0.16377171215880895
4,9,math:subject=intermediate_algebra,math,pkps,0.1830775209682997
4,9,math:subject=intermediate_algebra,math,ens,0.12312995831497994
4,9,math:subject=intermediate_algebra,math,irt,0.34426761192177374
4,9,math:subject=number_theory,math,sample,0.14444444444444446
4,9,math:subject=number_theory,math,pkps,0.18262521203666687
4,9,math:subject=number_theory,math,ens,0.12614688798134263
4,9,math:subject=number_theory,math,irt,0.2450359093488221
4,9,math:subject=prealgebra,math,sample,0.13715928982245562
4,9,math:subject=prealgebra,math,pkps,0.17954202894425664
4,9,math:subject=prealgebra,math,ens,0.1227307854976306
4,9,math:subject=prealgebra,math,irt,0.13567144748519466
4,9,math:subject=precalculus,math,sample,0.17039237879645347
4,9,math:subject=precalculus,math,pkps,0.1834886571919621
4,9,math:subject=precalculus,math,ens,0.12502212804190108
4,9,math:subject=precalculus,math,irt,0.34502256540754733
4,9,med_qa,med_qa,sample,0.18790322580645166
4,9,med_qa,med_qa,pkps,0.1050623816878795
4,9,med_qa,med_qa,ens,0.09423391375451956
4,9,med_qa,med_qa,irt,0.3243756132026437
4,9,wmt_14:language_pair=cs-en,wmt_14,sample,0.0598087749609236
4,9,wmt_14:language_pair=cs-en,wmt_14,pkps,0.04458301890988706
4,9,wmt_14:language_pair=cs-en,wmt_14,ens,0.03630761419897458
4,9,wmt_14:language_pair=de-en,wmt_14,sample,0.059682306116812966
4,9,wmt_14:language_pair=de-en,wmt_14,pkps,0.03360224151554969
4,9,wmt_14:language_pair=de-en,wmt_14,ens,0.037695948236530705
4,9,wmt_14:language_pair=fr-en,wmt_14,sample,0.06851069219484096
4,9,wmt_14:language_pair=fr-en,wmt_14,pkps,0.020260534995992136
4,9,wmt_14:language_pair=fr-en,wmt_14,ens,0.03161910757448306
4,9,wmt_14:language_pair=hi-en,wmt_14,sample,0.07874708670946662
4,9,wmt_14:language_pair=hi-en,wmt_14,pkps,0.0786945729402267
4,9,wmt_14:language_pair=hi-en,wmt_14,ens,0.058062577827540554
4,9,wmt_14:language_pair=ru-en,wmt_14,sample,0.07526979764545541
4,9,wmt_14:language_pair=ru-en,wmt_14,pkps,0.05663758503372539
4,9,wmt_14:language_pair=ru-en,wmt_14,ens,0.05091763014820394
4,10,legalbench:subset=abercrombie,legalbench,sample,0.16182795698924735
4,10,legalbench:subset=abercrombie,legalbench,pkps,0.15230134020728595
4,10,legalbench:subset=abercrombie,legalbench,ens,0.10667309237499424
4,10,legalbench:subset=abercrombie,legalbench,irt,0.30302008483091286
4,10,legalbench:subset=corporate_lobbying,legalbench,sample,0.16263440860215056
4,10,legalbench:subset=corporate_lobbying,legalbench,pkps,0.12717751672528416
4,10,legalbench:subset=corporate_lobbying,legalbench,ens,0.1159754080999831
4,10,legalbench:subset=corporate_lobbying,legalbench,irt,0.47624919966553675
4,10,legalbench:subset=function_of_decision_section,legalbench,sample,0.1732974910394265
4,10,legalbench:subset=function_of_decision_section,legalbench,pkps,0.07645841253386833
4,10,legalbench:subset=function_of_decision_section,legalbench,ens,0.09069365598818777
4,10,legalbench:subset=function_of_decision_section,legalbench,irt,0.4309471729850678
4,10,legalbench:subset=international_citizenship_questions,legalbench,sample,0.19650537634408613
4,10,legalbench:subset=international_citizenship_questions,legalbench,pkps,0.11989679108692587
4,10,legalbench:subset=international_citizenship_questions,legalbench,ens,0.11255505770856894
4,10,legalbench:subset=international_citizenship_questions,legalbench,irt,0.4256534780977026
4,10,legalbench:subset=proa,legalbench,sample,0.10577249575551784
4,10,legalbench:subset=proa,legalbench,pkps,0.09714488837757246
4,10,legalbench:subset=proa,legalbench,ens,0.06957304962670079
4,10,legalbench:subset=proa,legalbench,irt,0.29529394784732316
4,10,math:subject=algebra,math,sample,0.13010752688172042
4,10,math:subject=algebra,math,pkps,0.17873618855320125
4,10,math:subject=algebra,math,ens,0.12059292945664378
4,10,math:subject=algebra,math,irt,0.26100254097126363
4,10,math:subject=counting_and_probability,math,sample,0.14846980976013233
4,10,math:subject=counting_and_probability,math,pkps,0.18045915276280886
4,10,math:subject=counting_and_probability,math,ens,0.11894026491486719
4,10,math:subject=counting_and_probability,math,irt,0.32574944483875634
4,10,math:subject=geometry,math,sample,0.1536502546689304
4,10,math:subject=geometry,math,pkps,0.1691710109651167
4,10,math:subject=geometry,math,ens,0.11158532377581726
4,10,math:subject=geometry,math,irt,0.43479813237120946
4,10,math:subject=intermediate_algebra,math,sample,0.16046319272125725
4,10,math:subject=intermediate_algebra,math,pkps,0.18730279624693486
4,10,math:subject=intermediate_algebra,math,ens,0.12105421994775754
4,10,math:subject=intermediate_algebra,math,irt,0.279684285707916
4,10,math:subject=number_theory,math,sample,0.13602150537634408
4,10,math:subject=number_theory,math,pkps,0.18904519702192887
4,10,math:subject=number_theory,math,ens,0.12412440980356432
4,10,math:subject=number_theory,math,irt,0.37096999783940554
4,10,math:subject=prealgebra,math,sample,0.15641410352588148
4,10,math:subject=prealgebra,math,pkps,0.1747279445708071
4,10,math:subject=prealgebra,math,ens,0.13670104403127087
4,10,math:subject=prealgebra,math,irt,0.3149935624290175
4,10,math:subject=precalculus,math,sample,0.1803904923599321
4,10,math:subject=precalculus,math,pkps,0.18017318646292957
4,10,math:subject=precalculus,math,ens,0.11671780037313516
4,10,math:subject=precalculus,math,irt,0.47748336875604264
4,10,med_qa,med_qa,sample,0.2029569892473118
4,10,med_qa,med_qa,pkps,0.09728575905606114
4,10,med_qa,med_qa,ens,0.10905574616572514
4,10,med_qa,med_qa,irt,0.47368045670457515
4,10,wmt_14:language_pair=cs-en,wmt_14,sample,0.06047144111423273
4,10,wmt_14:language_pair=cs-en,wmt_14,pkps,0.043151473462992515
4,10,wmt_14:language_pair=cs-en,wmt_14,ens,0.03893554067469353
4,10,wmt_14:language_pair=de-en,wmt_14,sample,0.07354252775639931
4,10,wmt_14:language_pair=de-en,wmt_14,pkps,0.034990229426752936
4,10,wmt_14:language_pair=de-en,wmt_14,ens,0.0364273616763773
4,10,wmt_14:language_pair=fr-en,wmt_14,sample,0.06308764412728245
4,10,wmt_14:language_pair=fr-en,wmt_14,pkps,0.021366397993499864
4,10,wmt_14:language_pair=fr-en,wmt_14,ens,0.03177696581258746
4,10,wmt_14:language_pair=hi-en,wmt_14,sample,0.06498704442089627
4,10,wmt_14:language_pair=hi-en,wmt_14,pkps,0.07986093124005246
4,10,wmt_14:language_pair=hi-en,wmt_14,ens,0.05533517422814269
4,10,wmt_14:language_pair=ru-en,wmt_14,sample,0.06698940624415026
4,10,wmt_14:language_pair=ru-en,wmt_14,pkps,0.0596205404122417
4,10,wmt_14:language_pair=ru-en,wmt_14,ens,0.040958575117562825
4,11,legalbench:subset=abercrombie,legalbench,sample,0.18907753254103005
4,11,legalbench:subset=abercrombie,legalbench,pkps,0.16060050852151952
4,11,legalbench:subset=abercrombie,legalbench,ens,0.12377432241327861
4,11,legalbench:subset=abercrombie,legalbench,irt,0.463436339025601
4,11,legalbench:subset=corporate_lobbying,legalbench,sample,0.14345878136200718
4,11,legalbench:subset=corporate_lobbying,legalbench,pkps,0.12422248350355118
4,11,legalbench:subset=corporate_lobbying,legalbench,ens,0.10049365739485058
4,11,legalbench:subset=corporate_lobbying,legalbench,irt,0.24197017510171007
4,11,legalbench:subset=function_of_decision_section,legalbench,sample,0.20322580645161284
4,11,legalbench:subset=function_of_decision_section,legalbench,pkps,0.07491719983124749
4,11,legalbench:subset=function_of_decision_section,legalbench,ens,0.09412239390447324
4,11,legalbench:subset=function_of_decision_section,legalbench,irt,0.4560111044274416
4,11,legalbench:subset=international_citizenship_questions,legalbench,sample,0.21137992831541227
4,11,legalbench:subset=international_citizenship_questions,legalbench,pkps,0.108833660745175
4,11,legalbench:subset=international_citizenship_questions,legalbench,ens,0.10502805804524752
4,11,legalbench:subset=international_citizenship_questions,legalbench,irt,0.3948832882186336
4,11,legalbench:subset=proa,legalbench,sample,0.10676287492925861
4,11,legalbench:subset=proa,legalbench,pkps,0.09505491593733341
4,11,legalbench:subset=proa,legalbench,ens,0.07199199157442951
4,11,legalbench:subset=proa,legalbench,irt,0.13432789859081204
4,11,math:subject=algebra,math,sample,0.1489247311827957
4,11,math:subject=algebra,math,pkps,0.19902962072413843
4,11,math:subject=algebra,math,ens,0.13445072567063956
4,11,math:subject=algebra,math,irt,0.2823321399528166
4,11,math:subject=counting_and_probability,math,sample,0.16487455197132617
4,11,math:subject=counting_and_probability,math,pkps,0.18426541987375306
4,11,math:subject=counting_and_probability,math,ens,0.1374016280478105
4,11,math:subject=counting_and_probability,math,irt,0.19027443908675776
4,11,math:subject=geometry,math,sample,0.19156762874929256
4,11,math:subject=geometry,math,pkps,0.17615296255049182
4,11,math:subject=geometry,math,ens,0.1407586512384778
4,11,math:subject=geometry,math,irt,0.4432668427313981
4,11,math:subject=intermediate_algebra,math,sample,0.1621174524400331
4,11,math:subject=intermediate_algebra,math,pkps,0.20038256888901135
4,11,math:subject=intermediate_algebra,math,ens,0.13551967593581768
4,11,math:subject=intermediate_algebra,math,irt,0.34786809443726024
4,11,math:subject=number_theory,math,sample,0.16379928315412184
4,11,math:subject=number_theory,math,pkps,0.18117235146422553
4,11,math:subject=number_theory,math,ens,0.1337698204647139
4,11,math:subject=number_theory,math,irt,0.24271953762190734
4,11,math:subject=prealgebra,math,sample,0.13578394598649657
4,11,math:subject=prealgebra,math,pkps,0.1861916822447526
4,11,math:subject=prealgebra,math,ens,0.12142253494217939
4,11,math:subject=prealgebra,math,irt,0.22423995428791493
4,11,math:subject=precalculus,math,sample,0.18538954914167138
4,11,math:subject=precalculus,math,pkps,0.17782508788402496
4,11,math:subject=precalculus,math,ens,0.12510231337758235
4,11,math:subject=precalculus,math,irt,0.3069205597961942
4,11,med_qa,med_qa,sample,0.17374551971326166
4,11,med_qa,med_qa,pkps,0.11525098326062744
4,11,med_qa,med_qa,ens,0.10474240485792653
4,11,med_qa,med_qa,irt,0.5063994641941568
4,11,wmt_14:language_pair=cs-en,wmt_14,sample,0.06073054083021044
4,11,wmt_14:language_pair=cs-en,wmt_14,pkps,0.049915265193672786
4,11,wmt_14:language_pair=cs-en,wmt_14,ens,0.04027084380786306
4,11,wmt_14:language_pair=de-en,wmt_14,sample,0.07367669455593073
4,11,wmt_14:language_pair=de-en,wmt_14,pkps,0.033163078795640615
4,11,wmt_14:language_pair=de-en,wmt_14,ens,0.0371778394487395
4,11,wmt_14:language_pair=fr-en,wmt_14,sample,0.07200830267756679
4,11,wmt_14:language_pair=fr-en,wmt_14,pkps,0.019876683109677634
4,11,wmt_14:language_pair=fr-en,wmt_14,ens,0.02959385363616839
4,11,wmt_14:language_pair=hi-en,wmt_14,sample,0.06776699044011453
4,11,wmt_14:language_pair=hi-en,wmt_14,pkps,0.08636137779881062
4,11,wmt_14:language_pair=hi-en,wmt_14,ens,0.05718186230707454
4,11,wmt_14:language_pair=ru-en,wmt_14,sample,0.07818009545695145
4,11,wmt_14:language_pair=ru-en,wmt_14,pkps,0.05971184920207518
4,11,wmt_14:language_pair=ru-en,wmt_14,ens,0.04580734512460565
8,0,legalbench:subset=abercrombie,legalbench,sample,0.11700622524052064
8,0,legalbench:subset=abercrombie,legalbench,pkps,0.1348446686759181
8,0,legalbench:subset=abercrombie,legalbench,ens,0.09323508958201127
8,0,legalbench:subset=abercrombie,legalbench,irt,0.426337125786825
8,0,legalbench:subset=corporate_lobbying,legalbench,sample,0.10725806451612904
8,0,legalbench:subset=corporate_lobbying,legalbench,pkps,0.09456826764787643
8,0,legalbench:subset=corporate_lobbying,legalbench,ens,0.08418116719587396
8,0,legalbench:subset=corporate_lobbying,legalbench,irt,0.2903278826795984
8,0,legalbench:subset=function_of_decision_section,legalbench,sample,0.11854838709677419
8,0,legalbench:subset=function_of_decision_section,legalbench,pkps,0.06683249120716384
8,0,legalbench:subset=function_of_decision_section,legalbench,ens,0.08116519537293593
8,0,legalbench:subset=function_of_decision_section,legalbench,irt,0.3319432935887327
8,0,legalbench:subset=international_citizenship_questions,legalbench,sample,0.1221326164874552
8,0,legalbench:subset=international_citizenship_questions,legalbench,pkps,0.10179699496943241
8,0,legalbench:subset=international_citizenship_questions,legalbench,ens,0.08995672303079151
8,0,legalbench:subset=international_citizenship_questions,legalbench,irt,0.4655628767486327
8,0,legalbench:subset=proa,legalbench,sample,0.07863610639501979
8,0,legalbench:subset=proa,legalbench,pkps,0.09034130188137747
8,0,legalbench:subset=proa,legalbench,ens,0.06125284827980938
8,0,legalbench:subset=proa,legalbench,irt,0.21444725517822702
8,0,math:subject=algebra,math,sample,0.0932795698924731
8,0,math:subject=algebra,math,pkps,0.17408328205432724
8,0,math:subject=algebra,math,ens,0.0845983753540995
8,0,math:subject=algebra,math,irt,0.22079199664954127
8,0,math:subject=counting_and_probability,math,sample,0.10070306038047976
8,0,math:subject=counting_and_probability,math,pkps,0.16597185545957788
8,0,math:subject=counting_and_probability,math,ens,0.08709046787405512
8,0,math:subject=counting_and_probability,math,irt,0.2594599640406025
8,0,math:subject=geometry,math,sample,0.12323146576117712
8,0,math:subject=geometry,math,pkps,0.16644852338951485
8,0,math:subject=geometry,math,ens,0.09989501551237001
8,0,math:subject=geometry,math,irt,0.41829180618182754
8,0,math:subject=intermediate_algebra,math,sample,0.1100082712985939
8,0,math:subject=intermediate_algebra,math,pkps,0.18557178247005837
8,0,math:subject=intermediate_algebra,math,ens,0.0981615665149885
8,0,math:subject=intermediate_algebra,math,irt,0.28602896735214534
8,0,math:subject=number_theory,math,sample,0.09166666666666665
8,0,math:subject=number_theory,math,pkps,0.1860675737069368
8,0,math:subject=number_theory,math,ens,0.09240090884523959
8,0,math:subject=number_theory,math,irt,0.2617618417683767
8,0,math:subject=prealgebra,math,sample,0.09605526381595396
8,0,math:subject=prealgebra,math,pkps,0.16805799411343245
8,0,math:subject=prealgebra,math,ens,0.086872005792746
8,0,math:subject=prealgebra,math,irt,0.18085895507582694
8,0,math:subject=precalculus,math,sample,0.11339841539332203
8,0,math:subject=precalculus,math,pkps,0.16280323802717317
8,0,math:subject=precalculus,math,ens,0.10279775401993087
8,0,math:subject=precalculus,math,irt,0.4254612770685817
8,0,med_qa,med_qa,sample,0.1077956989247312
8,0,med_qa,med_qa,pkps,0.10490825168581353
8,0,med_qa,med_qa,ens,0.07796751379300348
8,0,med_qa,med_qa,irt,0.3931053930616286
8,0,wmt_14:language_pair=cs-en,wmt_14,sample,0.04245910615959718
8,0,wmt_14:language_pair=cs-en,wmt_14,pkps,0.04376714945845229
8,0,wmt_14:language_pair=cs-en,wmt_14,ens,0.035355019699798984
8,0,wmt_14:language_pair=de-en,wmt_14,sample,0.05511357990818154
8,0,wmt_14:language_pair=de-en,wmt_14,pkps,0.037806695299148964
8,0,wmt_14:language_pair=de-en,wmt_14,ens,0.03703193054408025
8,0,wmt_14:language_pair=fr-en,wmt_14,sample,0.04553284398502723
8,0,wmt_14:language_pair=fr-en,wmt_14,pkps,0.021233129865814312
8,0,wmt_14:language_pair=fr-en,wmt_14,ens,0.031703905517301886
8,0,wmt_14:language_pair=hi-en,wmt_14,sample,0.051045982202896585
8,0,wmt_14:language_pair=hi-en,wmt_14,pkps,0.07687033045891957
8,0,wmt_14:language_pair=hi-en,wmt_14,ens,0.04620597576942918
8,0,wmt_14:language_pair=ru-en,wmt_14,sample,0.04091394368873485
8,0,wmt_14:language_pair=ru-en,wmt_14,pkps,0.058946252448342035
8,0,wmt_14:language_pair=ru-en,wmt_14,ens,0.03719296278414232
8,1,legalbench:subset=abercrombie,legalbench,sample,0.12685342388228635
8,1,legalbench:subset=abercrombie,legalbench,pkps,0.14510426550077152
8,1,legalbench:subset=abercrombie,legalbench,ens,0.10249456996183189
8,1,legalbench:subset=abercrombie,legalbench,irt,0.4446951834862699
8,1,legalbench:subset=corporate_lobbying,legalbench,sample,0.11827956989247314
8,1,legalbench:subset=corporate_lobbying,legalbench,pkps,0.11354367148753879
8,1,legalbench:subset=corporate_lobbying,legalbench,ens,0.09577266831763503
8,1,legalbench:subset=corporate_lobbying,legalbench,irt,0.42437573180408233
8,1,legalbench:subset=function_of_decision_section,legalbench,sample,0.13163082437275989
8,1,legalbench:subset=function_of_decision_section,legalbench,pkps,0.07357015925865383
8,1,legalbench:subset=function_of_decision_section,legalbench,ens,0.08426970927786541
8,1,legalbench:subset=function_of_decision_section,legalbench,irt,0.41397840734313657
8,1,legalbench:subset=international_citizenship_questions,legalbench,sample,0.13620071684587812
8,1,legalbench:subset=international_citizenship_questions,legalbench,pkps,0.11680969048281366
8,1,legalbench:subset=international_citizenship_questions,legalbench,ens,0.09654233245744216
8,1,legalbench:subset=international_citizenship_questions,legalbench,irt,0.4434608123650653
8,1,legalbench:subset=proa,legalbench,sample,0.07811262026032822
8,1,legalbench:subset=proa,legalbench,pkps,0.08411516856520304
8,1,legalbench:subset=proa,legalbench,ens,0.058313689501092336
8,1,legalbench:subset=proa,legalbench,irt,0.6600905384059691
8,1,math:subject=algebra,math,sample,0.08772401433691758
8,1,math:subject=algebra,math,pkps,0.18811720126716866
8,1,math:subject=algebra,math,ens,0.08988902603580494
8,1,math:subject=algebra,math,irt,0.1389556203844801
8,1,math:subject=counting_and_probability,math,sample,0.09143231320650674
8,1,math:subject=counting_and_probability,math,pkps,0.1820838293004087
8,1,math:subject=counting_and_probability,math,ens,0.08524658491682446
8,1,math:subject=counting_and_probability,math,irt,0.294296837037139
8,1,math:subject=geometry,math,sample,0.11552065647990943
8,1,math:subject=geometry,math,pkps,0.1794999419522063
8,1,math:subject=geometry,math,ens,0.08396820154501074
8,1,math:subject=geometry,math,irt,0.5067071867233843
8,1,math:subject=intermediate_algebra,math,sample,0.1143507030603805
8,1,math:subject=intermediate_algebra,math,pkps,0.20366462991111972
8,1,math:subject=intermediate_algebra,math,ens,0.10202826728705984
8,1,math:subject=intermediate_algebra,math,irt,0.28988990201843207
8,1,math:subject=number_theory,math,sample,0.09130824372759858
8,1,math:subject=number_theory,math,pkps,0.19953157004118977
8,1,math:subject=number_theory,math,ens,0.09935069544507266
8,1,math:subject=number_theory,math,irt,0.37814828751408175
8,1,math:subject=prealgebra,math,sample,0.09711802950737686
8,1,math:subject=prealgebra,math,pkps,0.18161209211040516
8,1,math:subject=prealgebra,math,ens,0.09679285113185807
8,1,math:subject=prealgebra,math,irt,0.3190348947039647
8,1,math:subject=precalculus,math,sample,0.1284663271080928
8,1,math:subject=precalculus,math,pkps,0.19001919133854006
8,1,math:subject=precalculus,math,ens,0.10867124746358214
8,1,math:subject=precalculus,math,irt,0.34418139082839844
8,1,med_qa,med_qa,sample,0.13324372759856629
8,1,med_qa,med_qa,pkps,0.10860529474881686
8,1,med_qa,med_qa,ens,0.0848012292558629
8,1,med_qa,med_qa,irt,0.5122275521717766
8,1,wmt_14:language_pair=cs-en,wmt_14,sample,0.04127634827550232
8,1,wmt_14:language_pair=cs-en,wmt_14,pkps,0.041409524016160056
8,1,wmt_14:language_pair=cs-en,wmt_14,ens,0.031564046179217806
8,1,wmt_14:language_pair=de-en,wmt_14,sample,0.04922576204803646
8,1,wmt_14:language_pair=de-en,wmt_14,pkps,0.038121690035039894
8,1,wmt_14:language_pair=de-en,wmt_14,ens,0.0368867453519819
8,1,wmt_14:language_pair=fr-en,wmt_14,sample,0.04755089101980612
8,1,wmt_14:language_pair=fr-en,wmt_14,pkps,0.020942738699952224
8,1,wmt_14:language_pair=fr-en,wmt_14,ens,0.032015138573347146
8,1,wmt_14:language_pair=hi-en,wmt_14,sample,0.047094673899633684
8,1,wmt_14:language_pair=hi-en,wmt_14,pkps,0.07819858041515504
8,1,wmt_14:language_pair=hi-en,wmt_14,ens,0.042712325541090314
8,1,wmt_14:language_pair=ru-en,wmt_14,sample,0.04691771221606009
8,1,wmt_14:language_pair=ru-en,wmt_14,pkps,0.06240629520836986
8,1,wmt_14:language_pair=ru-en,wmt_14,ens,0.03932409578616356
8,2,legalbench:subset=abercrombie,legalbench,sample,0.13255517826825125
8,2,legalbench:subset=abercrombie,legalbench,pkps,0.14201430899774317
8,2,legalbench:subset=abercrombie,legalbench,ens,0.10919091526774112
8,2,legalbench:subset=abercrombie,legalbench,irt,0.41540055640402285
8,2,legalbench:subset=corporate_lobbying,legalbench,sample,0.11191756272401433
8,2,legalbench:subset=corporate_lobbying,legalbench,pkps,0.10565142985048503
8,2,legalbench:subset=corporate_lobbying,legalbench,ens,0.0874880527668367
8,2,legalbench:subset=corporate_lobbying,legalbench,irt,0.3996527071699347
8,2,legalbench:subset=function_of_decision_section,legalbench,sample,0.12571684587813617
8,2,legalbench:subset=function_of_decision_section,legalbench,pkps,0.06758399945442627
8,2,legalbench:subset=function_of_decision_section,legalbench,ens,0.0812975280108607
8,2,legalbench:subset=function_of_decision_section,legalbench,irt,0.4836231422686013
8,2,legalbench:subset=international_citizenship_questions,legalbench,sample,0.13449820788530467
8,2,legalbench:subset=international_citizenship_questions,legalbench,pkps,0.11317894470047478
8,2,legalbench:subset=international_citizenship_questions,legalbench,ens,0.09361487939777195
8,2,legalbench:subset=international_citizenship_questions,legalbench,irt,0.4314607357163434
8,2,legalbench:subset=proa,legalbench,sample,0.08129598189020938
8,2,legalbench:subset=proa,legalbench,pkps,0.08717514043413245
8,2,legalbench:subset=proa,legalbench,ens,0.06716214414516705
8,2,legalbench:subset=proa,legalbench,irt,0.13618377879339946
8,2,math:subject=algebra,math,sample,0.09722222222222221
8,2,math:subject=algebra,math,pkps,0.1696696025429082
8,2,math:subject=algebra,math,ens,0.09639420620283612
8,2,math:subject=algebra,math,irt,0.20223279752749002
8,2,math:subject=counting_and_probability,math,sample,0.10525227460711331
8,2,math:subject=counting_and_probability,math,pkps,0.16531280742772214
8,2,math:subject=counting_and_probability,math,ens,0.09424477474471063
8,2,math:subject=counting_and_probability,math,irt,0.4829020256837084
8,2,math:subject=geometry,math,sample,0.1025749858517261
8,2,math:subject=geometry,math,pkps,0.158857309552149
8,2,math:subject=geometry,math,ens,0.0874326497222239
8,2,math:subject=geometry,math,irt,0.396589721676463
8,2,math:subject=intermediate_algebra,math,sample,0.10349462365591398
8,2,math:subject=intermediate_algebra,math,pkps,0.16893608560352547
8,2,math:subject=intermediate_algebra,math,ens,0.08661207347274562
8,2,math:subject=intermediate_algebra,math,irt,0.271435220109783
8,2,math:subject=number_theory,math,sample,0.10663082437275986
8,2,math:subject=number_theory,math,pkps,0.17907998280064538
8,2,math:subject=number_theory,math,ens,0.10464961236417746
8,2,math:subject=number_theory,math,irt,0.386547474487023
8,2,math:subject=prealgebra,math,sample,0.09786821705426355
8,2,math:subject=prealgebra,math,pkps,0.1610239652099665
8,2,math:subject=prealgebra,math,ens,0.09488479674054605
8,2,math:subject=prealgebra,math,irt,0.40439576525350196
8,2,math:subject=precalculus,math,sample,0.11165346161101683
8,2,math:subject=precalculus,math,pkps,0.16862918660789641
8,2,math:subject=precalculus,math,ens,0.08938007630300021
8,2,math:subject=precalculus,math,irt,0.3029341374551415
8,2,med_qa,med_qa,sample,0.1196236559139785
8,2,med_qa,med_qa,pkps,0.10756118660164402
8,2,med_qa,med_qa,ens,0.08264653065611882
8,2,med_qa,med_qa,irt,0.49412963299660984
8,2,wmt_14:language_pair=cs-en,wmt_14,sample,0.0459031193754786
8,2,wmt_14:language_pair=cs-en,wmt_14,pkps,0.045758620769448394
8,2,wmt_14:language_pair=cs-en,wmt_14,ens,0.03619971099846804
8,2,wmt_14:language_pair=de-en,wmt_14,sample,0.0534228676047419
8,2,wmt_14:language_pair=de-en,wmt_14,pkps,0.034521324653261666
8,2,wmt_14:language_pair=de-en,wmt_14,ens,0.036423528006024476
8,2,wmt_14:language_pair=fr-en,wmt_14,sample,0.05390122412450345
8,2,wmt_14:language_pair=fr-en,wmt_14,pkps,0.021397843624022646
8,2,wmt_14:language_pair=fr-en,wmt_14,ens,0.0344212523083254
8,2,wmt_14:language_pair=hi-en,wmt_14,sample,0.04964884650836772
8,2,wmt_14:language_pair=hi-en,wmt_14,pkps,0.07659316105046605
8,2,wmt_14:language_pair=hi-en,wmt_14,ens,0.04470369054316617
8,2,wmt_14:language_pair=ru-en,wmt_14,sample,0.045382557614659876
8,2,wmt_14:language_pair=ru-en,wmt_14,pkps,0.05503655931111426
8,2,wmt_14:language_pair=ru-en,wmt_14,ens,0.03705870572000994
8,3,legalbench:subset=abercrombie,legalbench,sample,0.13023486134691567
8,3,legalbench:subset=abercrombie,legalbench,pkps,0.13293959021760146
8,3,legalbench:subset=abercrombie,legalbench,ens,0.10175955201195801
8,3,legalbench:subset=abercrombie,legalbench,irt,0.3994694595375305
8,3,legalbench:subset=corporate_lobbying,legalbench,sample,0.10949820788530466
8,3,legalbench:subset=corporate_lobbying,legalbench,pkps,0.09895876538990592
8,3,legalbench:subset=corporate_lobbying,legalbench,ens,0.08448447989863227
8,3,legalbench:subset=corporate_lobbying,legalbench,irt,0.2353389546783634
8,3,legalbench:subset=function_of_decision_section,legalbench,sample,0.11818996415770608
8,3,legalbench:subset=function_of_decision_section,legalbench,pkps,0.07072461282194559
8,3,legalbench:subset=function_of_decision_section,legalbench,ens,0.08045454927844466
8,3,legalbench:subset=function_of_decision_section,legalbench,irt,0.4355852186093371
8,3,legalbench:subset=international_citizenship_questions,legalbench,sample,0.1471326164874552
8,3,legalbench:subset=international_citizenship_questions,legalbench,pkps,0.11484161899645617
8,3,legalbench:subset=international_citizenship_questions,legalbench,ens,0.11408332335456847
8,3,legalbench:subset=international_citizenship_questions,legalbench,irt,0.4287211890300235
8,3,legalbench:subset=proa,legalbench,sample,0.06969439728353141
8,3,legalbench:subset=proa,legalbench,pkps,0.08288949336051696
8,3,legalbench:subset=proa,legalbench,ens,0.057400843628441625
8,3,legalbench:subset=proa,legalbench,irt,0.2558507639501568
8,3,math:subject=algebra,math,sample,0.10017921146953403
8,3,math:subject=algebra,math,pkps,0.1691597440512434
8,3,math:subject=algebra,math,ens,0.08097402520094861
8,3,math:subject=algebra,math,irt,0.2639384214556489
8,3,math:subject=counting_and_probability,math,sample,0.09339674662255305
8,3,math:subject=counting_and_probability,math,pkps,0.163486241635898
8,3,math:subject=counting_and_probability,math,ens,0.08941934112091325
8,3,math:subject=counting_and_probability,math,irt,0.209340651551881
8,3,math:subject=geometry,math,sample,0.11700622524052064
8,3,math:subject=geometry,math,pkps,0.16040521817434067
8,3,math:subject=geometry,math,ens,0.09331696831270589
8,3,math:subject=geometry,math,irt,0.37148796333214246
8,3,math:subject=intermediate_algebra,math,sample,0.10390818858560796
8,3,math:subject=intermediate_algebra,math,pkps,0.17853150326628212
8,3,math:subject=intermediate_algebra,math,ens,0.09290166134340677
8,3,math:subject=intermediate_algebra,math,irt,0.37255268003791125
8,3,math:subject=number_theory,math,sample,0.10439068100358422
8,3,math:subject=number_theory,math,pkps,0.183030865018961
8,3,math:subject=number_theory,math,ens,0.09770041646554786
8,3,math:subject=number_theory,math,irt,0.2645476316499552
8,3,math:subject=prealgebra,math,sample,0.11543510877719428
8,3,math:subject=prealgebra,math,pkps,0.15837071990313467
8,3,math:subject=prealgebra,math,ens,0.10224161290639885
8,3,math:subject=prealgebra,math,irt,0.21940006209845553
8,3,math:subject=precalculus,math,sample,0.11462459913223921
8,3,math:subject=precalculus,math,pkps,0.1734261045630391
8,3,math:subject=precalculus,math,ens,0.09710624574647447
8,3,math:subject=precalculus,math,irt,0.42346089779365476
8,3,med_qa,med_qa,sample,0.12768817204301075
8,3,med_qa,med_qa,pkps,0.10072650659800987
8,3,med_qa,med_qa,ens,0.09689116666498689
8,3,med_qa,med_qa,irt,0.4996381504956951
8,3,wmt_14:language_pair=cs-en,wmt_14,sample,0.03965221432188139
8,3,wmt_14:language_pair=cs-en,wmt_14,pkps,0.043013362298796744
8,3,wmt_14:language_pair=cs-en,wmt_14,ens,0.030091190951514066
8,3,wmt_14:language_pair=de-en,wmt_14,sample,0.04358302275018942
8,3,wmt_14:language_pair=de-en,wmt_14,pkps,0.031740276737845706
8,3,wmt_14:language_pair=de-en,wmt_14,ens,0.03416349714330722
8,3,wmt_14:language_pair=fr-en,wmt_14,sample,0.05125044175552951
8,3,wmt_14:language_pair=fr-en,wmt_14,pkps,0.019496865789685222
8,3,wmt_14:language_pair=fr-en,wmt_14,ens,0.034028849982471736
8,3,wmt_14:language_pair=hi-en,wmt_14,sample,0.05857298728184739
8,3,wmt_14:language_pair=hi-en,wmt_14,pkps,0.07719472061217865
8,3,wmt_14:language_pair=hi-en,wmt_14,ens,0.05172924524945392
8,3,wmt_14:language_pair=ru-en,wmt_14,sample,0.047108134538699435
8,3,wmt_14:language_pair=ru-en,wmt_14,pkps,0.053813020366274576
8,3,wmt_14:language_pair=ru-en,wmt_14,ens,0.040972941075415895
8,4,legalbench:subset=abercrombie,legalbench,sample,0.10778155065082058
8,4,legalbench:subset=abercrombie,legalbench,pkps,0.14817543386364151
8,4,legalbench:subset=abercrombie,legalbench,ens,0.08684172852539167
8,4,legalbench:subset=abercrombie,legalbench,irt,0.47557844579205766
8,4,legalbench:subset=corporate_lobbying,legalbench,sample,0.11603942652329749
8,4,legalbench:subset=corporate_lobbying,legalbench,pkps,0.10867720804856489
8,4,legalbench:subset=corporate_lobbying,legalbench,ens,0.08874329517310661
8,4,legalbench:subset=corporate_lobbying,legalbench,irt,0.2214108443104306
8,4,legalbench:subset=function_of_decision_section,legalbench,sample,0.12526881720430108
8,4,legalbench:subset=function_of_decision_section,legalbench,pkps,0.07780198154851498
8,4,legalbench:subset=function_of_decision_section,legalbench,ens,0.08923114143263823
8,4,legalbench:subset=function_of_decision_section,legalbench,irt,0.39482108193278637
8,4,legalbench:subset=international_citizenship_questions,legalbench,sample,0.1307347670250896
8,4,legalbench:subset=international_citizenship_questions,legalbench,pkps,0.11316191712684737
8,4,legalbench:subset=international_citizenship_questions,legalbench,ens,0.09647108403140332
8,4,legalbench:subset=international_citizenship_questions,legalbench,irt,0.35403759956171804
8,4,legalbench:subset=proa,legalbench,sample,0.074151103565365
8,4,legalbench:subset=proa,legalbench,pkps,0.09261495229044066
8,4,legalbench:subset=proa,legalbench,ens,0.06014990860631846
8,4,legalbench:subset=proa,legalbench,irt,0.20724531016291667
8,4,math:subject=algebra,math,sample,0.08154121863799284
8,4,math:subject=algebra,math,pkps,0.17719289972057928
8,4,math:subject=algebra,math,ens,0.08502952598263512
8,4,math:subject=algebra,math,irt,0.21432773266307803
8,4,math:subject=counting_and_probability,math,sample,0.09835952577888062
8,4,math:subject=counting_and_probability,math,pkps,0.17376570612038375
8,4,math:subject=counting_and_probability,math,ens,0.09738839811842795
8,4,math:subject=counting_and_probability,math,irt,0.3587545988491211
8,4,math:subject=geometry,math,sample,0.12549518958687042
8,4,math:subject=geometry,math,pkps,0.16476598314430932
8,4,math:subject=geometry,math,ens,0.1023574565596454
8,4,math:subject=geometry,math,irt,0.3883887765133256
8,4,math:subject=intermediate_algebra,math,sample,0.09884201819685692
8,4,math:subject=intermediate_algebra,math,pkps,0.1868193294367083
8,4,math:subject=intermediate_algebra,math,ens,0.08244559376004111
8,4,math:subject=intermediate_algebra,math,irt,0.23118212449065034
8,4,math:subject=number_theory,math,sample,0.08691756272401432
8,4,math:subject=number_theory,math,pkps,0.17692517795705337
8,4,math:subject=number_theory,math,ens,0.08900132595683874
8,4,math:subject=number_theory,math,irt,0.43383761348856564
8,4,math:subject=prealgebra,math,sample,0.10165041260315079
8,4,math:subject=prealgebra,math,pkps,0.16417120159197188
8,4,math:subject=prealgebra,math,ens,0.0926234759354591
8,4,math:subject=prealgebra,math,irt,0.28185452523142074
8,4,math:subject=precalculus,math,sample,0.10351820411243162
8,4,math:subject=precalculus,math,pkps,0.17595570033138233
8,4,math:subject=precalculus,math,ens,0.09864117745055606
8,4,math:subject=precalculus,math,irt,0.27315246509861196
8,4,med_qa,med_qa,sample,0.1424731182795699
8,4,med_qa,med_qa,pkps,0.10538731133625409
8,4,med_qa,med_qa,ens,0.1068456166357623
8,4,med_qa,med_qa,irt,0.48745866331620796
8,4,wmt_14:language_pair=cs-en,wmt_14,sample,0.04822945032508201
8,4,wmt_14:language_pair=cs-en,wmt_14,pkps,0.04627430049183838
8,4,wmt_14:language_pair=cs-en,wmt_14,ens,0.03628174405900845
8,4,wmt_14:language_pair=de-en,wmt_14,sample,0.048959590381111716
8,4,wmt_14:language_pair=de-en,wmt_14,pkps,0.03282898589650397
8,4,wmt_14:language_pair=de-en,wmt_14,ens,0.035849571055259814
8,4,wmt_14:language_pair=fr-en,wmt_14,sample,0.051197714731658045
8,4,wmt_14:language_pair=fr-en,wmt_14,pkps,0.020340698305604695
8,4,wmt_14:language_pair=fr-en,wmt_14,ens,0.03485047334377298
8,4,wmt_14:language_pair=hi-en,wmt_14,sample,0.0480208006464875
8,4,wmt_14:language_pair=hi-en,wmt_14,pkps,0.08467392593281674
8,4,wmt_14:language_pair=hi-en,wmt_14,ens,0.04588725701049245
8,4,wmt_14:language_pair=ru-en,wmt_14,sample,0.04772944992894576
8,4,wmt_14:language_pair=ru-en,wmt_14,pkps,0.058334675593454316
8,4,wmt_14:language_pair=ru-en,wmt_14,ens,0.03984338167865871
8,5,legalbench:subset=abercrombie,legalbench,sample,0.11880305602716469
8,5,legalbench:subset=abercrombie,legalbench,pkps,0.1423102451147136
8,5,legalbench:subset=abercrombie,legalbench,ens,0.08589283247271032
8,5,legalbench:subset=abercrombie,legalbench,irt,0.3755251643585963
8,5,legalbench:subset=corporate_lobbying,legalbench,sample,0.10591397849462367
8,5,legalbench:subset=corporate_lobbying,legalbench,pkps,0.11068235072576778
8,5,legalbench:subset=corporate_lobbying,legalbench,ens,0.07713233174272507
8,5,legalbench:subset=corporate_lobbying,legalbench,irt,0.3305370760993246
8,5,legalbench:subset=function_of_decision_section,legalbench,sample,0.11021505376344085
8,5,legalbench:subset=function_of_decision_section,legalbench,pkps,0.074738931399158
8,5,legalbench:subset=function_of_decision_section,legalbench,ens,0.07572984700023606
8,5,legalbench:subset=function_of_decision_section,legalbench,irt,0.5450611769005856
8,5,legalbench:subset=international_citizenship_questions,legalbench,sample,0.146415770609319
8,5,legalbench:subset=international_citizenship_questions,legalbench,pkps,0.10264423204930934
8,5,legalbench:subset=international_citizenship_questions,legalbench,ens,0.10291527973078042
8,5,legalbench:subset=international_citizenship_questions,legalbench,irt,0.5142845634300024
8,5,legalbench:subset=proa,legalbench,sample,0.07618845500848896
8,5,legalbench:subset=proa,legalbench,pkps,0.08724884776536983
8,5,legalbench:subset=proa,legalbench,ens,0.05506069888785768
8,5,legalbench:subset=proa,legalbench,irt,0.11820331953704712
8,5,math:subject=algebra,math,sample,0.09668458781362008
8,5,math:subject=algebra,math,pkps,0.17048104252498616
8,5,math:subject=algebra,math,ens,0.08775328809459998
8,5,math:subject=algebra,math,irt,0.19527699799103185
8,5,math:subject=counting_and_probability,math,sample,0.09894540942928041
8,5,math:subject=counting_and_probability,math,pkps,0.16050263589847819
8,5,math:subject=counting_and_probability,math,ens,0.09728367846715524
8,5,math:subject=counting_and_probability,math,irt,0.28208153389953927
8,5,math:subject=geometry,math,sample,0.10851726089417094
8,5,math:subject=geometry,math,pkps,0.16017016181691154
8,5,math:subject=geometry,math,ens,0.09352128775194918
8,5,math:subject=geometry,math,irt,0.5389858217722279
8,5,math:subject=intermediate_algebra,math,sample,0.11786600496277916
8,5,math:subject=intermediate_algebra,math,pkps,0.1750698635979832
8,5,math:subject=intermediate_algebra,math,ens,0.10128065149930202
8,5,math:subject=intermediate_algebra,math,irt,0.31920770557629274
8,5,math:subject=number_theory,math,sample,0.08494623655913978
8,5,math:subject=number_theory,math,pkps,0.1747070490331676
8,5,math:subject=number_theory,math,ens,0.09429661706107072
8,5,math:subject=number_theory,math,irt,0.32930556351429086
8,5,math:subject=prealgebra,math,sample,0.09739934983745936
8,5,math:subject=prealgebra,math,pkps,0.15738237601323143
8,5,math:subject=prealgebra,math,ens,0.09361694256601438
8,5,math:subject=prealgebra,math,irt,0.20289173412761824
8,5,math:subject=precalculus,math,sample,0.10118373891718543
8,5,math:subject=precalculus,math,pkps,0.16913159121167717
8,5,math:subject=precalculus,math,ens,0.08329399707822786
8,5,math:subject=precalculus,math,irt,0.300805979844676
8,5,med_qa,med_qa,sample,0.11899641577060929
8,5,med_qa,med_qa,pkps,0.10011349665440038
8,5,med_qa,med_qa,ens,0.08106416881885806
8,5,med_qa,med_qa,irt,0.35160388816626137
8,5,wmt_14:language_pair=cs-en,wmt_14,sample,0.047815322508711615
8,5,wmt_14:language_pair=cs-en,wmt_14,pkps,0.04385400301430271
8,5,wmt_14:language_pair=cs-en,wmt_14,ens,0.03517246235430153
8,5,wmt_14:language_pair=de-en,wmt_14,sample,0.05077916052880228
8,5,wmt_14:language_pair=de-en,wmt_14,pkps,0.030638875190015378
8,5,wmt_14:language_pair=de-en,wmt_14,ens,0.03481270796888469
8,5,wmt_14:language_pair=fr-en,wmt_14,sample,0.04489271807134556
8,5,wmt_14:language_pair=fr-en,wmt_14,pkps,0.01987345341473405
8,5,wmt_14:language_pair=fr-en,wmt_14,ens,0.028945435124821593
8,5,wmt_14:language_pair=hi-en,wmt_14,sample,0.056204366869103774
8,5,wmt_14:language_pair=hi-en,wmt_14,pkps,0.07605803029856731
8,5,wmt_14:language_pair=hi-en,wmt_14,ens,0.05437409422169753
8,5,wmt_14:language_pair=ru-en,wmt_14,sample,0.04758467801040934
8,5,wmt_14:language_pair=ru-en,wmt_14,pkps,0.05687583063133579
8,5,wmt_14:language_pair=ru-en,wmt_14,ens,0.039236788615654696
8,6,legalbench:subset=abercrombie,legalbench,sample,0.14318053197509906
8,6,legalbench:subset=abercrombie,legalbench,pkps,0.13794524974025102
8,6,legalbench:subset=abercrombie,legalbench,ens,0.0997898147952324
8,6,legalbench:subset=abercrombie,legalbench,irt,0.5074309558354343
8,6,legalbench:subset=corporate_lobbying,legalbench,sample,0.12804659498207888
8,6,legalbench:subset=corporate_lobbying,legalbench,pkps,0.1141466783468988
8,6,legalbench:subset=corporate_lobbying,legalbench,ens,0.08890096219318226
8,6,legalbench:subset=corporate_lobbying,legalbench,irt,0.2808848558467712
8,6,legalbench:subset=function_of_decision_section,legalbench,sample,0.11478494623655913
8,6,legalbench:subset=function_of_decision_section,legalbench,pkps,0.06860826170350033
8,6,legalbench:subset=function_of_decision_section,legalbench,ens,0.07832391921928908
8,6,legalbench:subset=function_of_decision_section,legalbench,irt,0.3951016698120395
8,6,legalbench:subset=international_citizenship_questions,legalbench,sample,0.12670250896057347
8,6,legalbench:subset=international_citizenship_questions,legalbench,pkps,0.10218866141734315
8,6,legalbench:subset=international_citizenship_questions,legalbench,ens,0.08838649738108327
8,6,legalbench:subset=international_citizenship_questions,legalbench,irt,0.48691319331744615
8,6,legalbench:subset=proa,legalbench,sample,0.07797113752122241
8,6,legalbench:subset=proa,legalbench,pkps,0.09113199105662707
8,6,legalbench:subset=proa,legalbench,ens,0.06461413101823121
8,6,legalbench:subset=proa,legalbench,irt,0.229338835587681
8,6,math:subject=algebra,math,sample,0.0939964157706093
8,6,math:subject=algebra,math,pkps,0.1809267902705666
8,6,math:subject=algebra,math,ens,0.08895096526031489
8,6,math:subject=algebra,math,irt,0.1728090298290709
8,6,math:subject=counting_and_probability,math,sample,0.11279983457402812
8,6,math:subject=counting_and_probability,math,pkps,0.17431930580762137
8,6,math:subject=counting_and_probability,math,ens,0.10509480347492674
8,6,math:subject=counting_and_probability,math,irt,0.3975140685500603
8,6,math:subject=geometry,math,sample,0.11948217317487266
8,6,math:subject=geometry,math,pkps,0.1677834386779623
8,6,math:subject=geometry,math,ens,0.09470082126761785
8,6,math:subject=geometry,math,irt,0.3003453192575104
8,6,math:subject=intermediate_algebra,math,sample,0.1109387923904053
8,6,math:subject=intermediate_algebra,math,pkps,0.1897742431295363
8,6,math:subject=intermediate_algebra,math,ens,0.1097487760674079
8,6,math:subject=intermediate_algebra,math,irt,0.2980526766746916
8,6,math:subject=number_theory,math,sample,0.08637992831541219
8,6,math:subject=number_theory,math,pkps,0.17231326850691572
8,6,math:subject=number_theory,math,ens,0.09153210662557208
8,6,math:subject=number_theory,math,irt,0.3172092078848764
8,6,math:subject=prealgebra,math,sample,0.09208552138034506
8,6,math:subject=prealgebra,math,pkps,0.169317070659465
8,6,math:subject=prealgebra,math,ens,0.08635438909764898
8,6,math:subject=prealgebra,math,irt,0.2955706278111198
8,6,math:subject=precalculus,math,sample,0.12384455763063576
8,6,math:subject=precalculus,math,pkps,0.1747026241314848
8,6,math:subject=precalculus,math,ens,0.10187398009356582
8,6,math:subject=precalculus,math,irt,0.31536789384417246
8,6,med_qa,med_qa,sample,0.12688172043010754
8,6,med_qa,med_qa,pkps,0.09877169739703498
8,6,med_qa,med_qa,ens,0.08601991624105794
8,6,med_qa,med_qa,irt,0.45943105344648205
8,6,wmt_14:language_pair=cs-en,wmt_14,sample,0.045389315445559776
8,6,wmt_14:language_pair=cs-en,wmt_14,pkps,0.046162241823349014
8,6,wmt_14:language_pair=cs-en,wmt_14,ens,0.03680408624051639
8,6,wmt_14:language_pair=de-en,wmt_14,sample,0.049235722595351736
8,6,wmt_14:language_pair=de-en,wmt_14,pkps,0.0358563493414088
8,6,wmt_14:language_pair=de-en,wmt_14,ens,0.0378411515947649
8,6,wmt_14:language_pair=fr-en,wmt_14,sample,0.053340221855888596
8,6,wmt_14:language_pair=fr-en,wmt_14,pkps,0.020992493454262438
8,6,wmt_14:language_pair=fr-en,wmt_14,ens,0.03308167708306622
8,6,wmt_14:language_pair=hi-en,wmt_14,sample,0.055143446694145996
8,6,wmt_14:language_pair=hi-en,wmt_14,pkps,0.08060186265814628
8,6,wmt_14:language_pair=hi-en,wmt_14,ens,0.05405682847489045
8,6,wmt_14:language_pair=ru-en,wmt_14,sample,0.044880013660073985
8,6,wmt_14:language_pair=ru-en,wmt_14,pkps,0.059782648026815925
8,6,wmt_14:language_pair=ru-en,wmt_14,ens,0.04055685376548633
8,7,legalbench:subset=abercrombie,legalbench,sample,0.1134974533106961
8,7,legalbench:subset=abercrombie,legalbench,pkps,0.13080159576064043
8,7,legalbench:subset=abercrombie,legalbench,ens,0.09117562286871071
8,7,legalbench:subset=abercrombie,legalbench,irt,0.3455331417685396
8,7,legalbench:subset=corporate_lobbying,legalbench,sample,0.09722222222222224
8,7,legalbench:subset=corporate_lobbying,legalbench,pkps,0.11753294834228073
8,7,legalbench:subset=corporate_lobbying,legalbench,ens,0.08511367083773683
8,7,legalbench:subset=corporate_lobbying,legalbench,irt,0.38041658193725486
8,7,legalbench:subset=function_of_decision_section,legalbench,sample,0.12132616487455197
8,7,legalbench:subset=function_of_decision_section,legalbench,pkps,0.07253954009401485
8,7,legalbench:subset=function_of_decision_section,legalbench,ens,0.08431825128621959
8,7,legalbench:subset=function_of_decision_section,legalbench,irt,0.35027917613672077
8,7,legalbench:subset=international_citizenship_questions,legalbench,sample,0.12822580645161288
8,7,legalbench:subset=international_citizenship_questions,legalbench,pkps,0.11797212259557104
8,7,legalbench:subset=international_citizenship_questions,legalbench,ens,0.09560286151997106
8,7,legalbench:subset=international_citizenship_questions,legalbench,irt,0.4006167324561412
8,7,legalbench:subset=proa,legalbench,sample,0.07122241086587434
8,7,legalbench:subset=proa,legalbench,pkps,0.08658570816079691
8,7,legalbench:subset=proa,legalbench,ens,0.05752850712591214
8,7,legalbench:subset=proa,legalbench,irt,0.2516402376343674
8,7,math:subject=algebra,math,sample,0.09372759856630825
8,7,math:subject=algebra,math,pkps,0.18145783002535998
8,7,math:subject=algebra,math,ens,0.08405403297511582
8,7,math:subject=algebra,math,irt,0.23596487096356003
8,7,math:subject=counting_and_probability,math,sample,0.10704438930245382
8,7,math:subject=counting_and_probability,math,pkps,0.18656146817483646
8,7,math:subject=counting_and_probability,math,ens,0.09781408462475111
8,7,math:subject=counting_and_probability,math,irt,0.42791849300599516
8,7,math:subject=geometry,math,sample,0.10236276174306735
8,7,math:subject=geometry,math,pkps,0.17520803676242544
8,7,math:subject=geometry,math,ens,0.08792398220746951
8,7,math:subject=geometry,math,irt,0.31811646552720085
8,7,math:subject=intermediate_algebra,math,sample,0.11662531017369727
8,7,math:subject=intermediate_algebra,math,pkps,0.19788349390970086
8,7,math:subject=intermediate_algebra,math,ens,0.10974242965964158
8,7,math:subject=intermediate_algebra,math,irt,0.30304622474740267
8,7,math:subject=number_theory,math,sample,0.09345878136200717
8,7,math:subject=number_theory,math,pkps,0.20317051906823438
8,7,math:subject=number_theory,math,ens,0.0960579802960699
8,7,math:subject=number_theory,math,irt,0.43354999342759315
8,7,math:subject=prealgebra,math,sample,0.10199424856214054
8,7,math:subject=prealgebra,math,pkps,0.17843921911934582
8,7,math:subject=prealgebra,math,ens,0.08582443662176416
8,7,math:subject=prealgebra,math,irt,0.3828297161618065
8,7,math:subject=precalculus,math,sample,0.11132333521976985
8,7,math:subject=precalculus,math,pkps,0.19160364828251014
8,7,math:subject=precalculus,math,ens,0.10050896126904574
8,7,math:subject=precalculus,math,irt,0.34743896290308307
8,7,med_qa,med_qa,sample,0.13691756272401434
8,7,med_qa,med_qa,pkps,0.11116938013165646
8,7,med_qa,med_qa,ens,0.10087570281089041
8,7,med_qa,med_qa,irt,0.49111445372204765
8,7,wmt_14:language_pair=cs-en,wmt_14,sample,0.03979147980492649
8,7,wmt_14:language_pair=cs-en,wmt_14,pkps,0.03725275637285347
8,7,wmt_14:language_pair=cs-en,wmt_14,ens,0.031785193813127326
8,7,wmt_14:language_pair=de-en,wmt_14,sample,0.043285386106901594
8,7,wmt_14:language_pair=de-en,wmt_14,pkps,0.029675243909240544
8,7,wmt_14:language_pair=de-en,wmt_14,ens,0.03111722899157394
8,7,wmt_14:language_pair=fr-en,wmt_14,sample,0.04442084960455413
8,7,wmt_14:language_pair=fr-en,wmt_14,pkps,0.019458759637798344
8,7,wmt_14:language_pair=fr-en,wmt_14,ens,0.031969913781277455
8,7,wmt_14:language_pair=hi-en,wmt_14,sample,0.05535909180146289
8,7,wmt_14:language_pair=hi-en,wmt_14,pkps,0.07333335818888147
8,7,wmt_14:language_pair=hi-en,wmt_14,ens,0.04942670871638358
8,7,wmt_14:language_pair=ru-en,wmt_14,sample,0.04711057878740032
8,7,wmt_14:language_pair=ru-en,wmt_14,pkps,0.052482568585265066
8,7,wmt_14:language_pair=ru-en,wmt_14,ens,0.03712076273817643
8,8,legalbench:subset=abercrombie,legalbench,sample,0.13050367855121675
8,8,legalbench:subset=abercrombie,legalbench,pkps,0.13718039619455932
8,8,legalbench:subset=abercrombie,legalbench,ens,0.10346483278723549
8,8,legalbench:subset=abercrombie,legalbench,irt,0.39233827583442604
8,8,legalbench:subset=corporate_lobbying,legalbench,sample,0.11568100358422939
8,8,legalbench:subset=corporate_lobbying,legalbench,pkps,0.11182895917831721
8,8,legalbench:subset=corporate_lobbying,legalbench,ens,0.08995479654112291
8,8,legalbench:subset=corporate_lobbying,legalbench,irt,0.3677280757521941
8,8,legalbench:subset=function_of_decision_section,legalbench,sample,0.1402329749103943
8,8,legalbench:subset=function_of_decision_section,legalbench,pkps,0.06903457302438205
8,8,legalbench:subset=function_of_decision_section,legalbench,ens,0.09644077062193845
8,8,legalbench:subset=function_of_decision_section,legalbench,irt,0.5950970993527069
8,8,legalbench:subset=international_citizenship_questions,legalbench,sample,0.11836917562724014
8,8,legalbench:subset=international_citizenship_questions,legalbench,pkps,0.10679749772300455
8,8,legalbench:subset=international_citizenship_questions,legalbench,ens,0.0926877258464517
8,8,legalbench:subset=international_citizenship_questions,legalbench,irt,0.46428082546658145
8,8,legalbench:subset=proa,legalbench,sample,0.08230050933786077
8,8,legalbench:subset=proa,legalbench,pkps,0.08400771127463569
8,8,legalbench:subset=proa,legalbench,ens,0.06763754359124378
8,8,legalbench:subset=proa,legalbench,irt,0.17857462796121387
8,8,math:subject=algebra,math,sample,0.09525089605734766
8,8,math:subject=algebra,math,pkps,0.18346689371760108
8,8,math:subject=algebra,math,ens,0.09398119339611732
8,8,math:subject=algebra,math,irt,0.195885952905994
8,8,math:subject=counting_and_probability,math,sample,0.09556796250344637
8,8,math:subject=counting_and_probability,math,pkps,0.17637482970173718
8,8,math:subject=counting_and_probability,math,ens,0.08780561571442479
8,8,math:subject=counting_and_probability,math,irt,0.33222864416194237
8,8,math:subject=geometry,math,sample,0.11198358800226374
8,8,math:subject=geometry,math,pkps,0.1628353363767377
8,8,math:subject=geometry,math,ens,0.0980655095007787
8,8,math:subject=geometry,math,irt,0.3418974902167856
8,8,math:subject=intermediate_algebra,math,sample,0.10359801488833749
8,8,math:subject=intermediate_algebra,math,pkps,0.18784715280455333
8,8,math:subject=intermediate_algebra,math,ens,0.09714088521052854
8,8,math:subject=intermediate_algebra,math,irt,0.2932103217844703
8,8,math:subject=number_theory,math,sample,0.08521505376344088
8,8,math:subject=number_theory,math,pkps,0.18463053989196784
8,8,math:subject=number_theory,math,ens,0.08421813615616973
8,8,math:subject=number_theory,math,irt,0.33306919168521865
8,8,math:subject=prealgebra,math,sample,0.0942110527631908
8,8,math:subject=prealgebra,math,pkps,0.1716981908860536
8,8,math:subject=prealgebra,math,ens,0.08057278134713634
8,8,math:subject=prealgebra,math,irt,0.17687720217680394
8,8,math:subject=precalculus,math,sample,0.1115355593284286
8,8,math:subject=precalculus,math,pkps,0.1793686599063397
8,8,math:subject=precalculus,math,ens,0.0932691832110525
8,8,math:subject=precalculus,math,irt,0.49765213324130064
8,8,med_qa,med_qa,sample,0.11908602150537635
8,8,med_qa,med_qa,pkps,0.10521854931042555
8,8,med_qa,med_qa,ens,0.08311916181127467
8,8,med_qa,med_qa,irt,0.45750797652340514
8,8,wmt_14:language_pair=cs-en,wmt_14,sample,0.03991101618690877
8,8,wmt_14:language_pair=cs-en,wmt_14,pkps,0.044732806440697964
8,8,wmt_14:language_pair=cs-en,wmt_14,ens,0.0335827460948568
8,8,wmt_14:language_pair=de-en,wmt_14,sample,0.04721004886903452
8,8,wmt_14:language_pair=de-en,wmt_14,pkps,0.035719742344016085
8,8,wmt_14:language_pair=de-en,wmt_14,ens,0.033584395970854795
8,8,wmt_14:language_pair=fr-en,wmt_14,sample,0.04602185151810949
8,8,wmt_14:language_pair=fr-en,wmt_14,pkps,0.02002614769930183
8,8,wmt_14:language_pair=fr-en,wmt_14,ens,0.03152440088873226
8,8,wmt_14:language_pair=hi-en,wmt_14,sample,0.05022696953620292
8,8,wmt_14:language_pair=hi-en,wmt_14,pkps,0.07930104330259322
8,8,wmt_14:language_pair=hi-en,wmt_14,ens,0.04440508685792419
8,8,wmt_14:language_pair=ru-en,wmt_14,sample,0.05316834895208929
8,8,wmt_14:language_pair=ru-en,wmt_14,pkps,0.05646707111386567
8,8,wmt_14:language_pair=ru-en,wmt_14,ens,0.036327944891684824
8,9,legalbench:subset=abercrombie,legalbench,sample,0.10316921335597055
8,9,legalbench:subset=abercrombie,legalbench,pkps,0.1297025532010144
8,9,legalbench:subset=abercrombie,legalbench,ens,0.08157327602027087
8,9,legalbench:subset=abercrombie,legalbench,irt,0.36843129659546964
8,9,legalbench:subset=corporate_lobbying,legalbench,sample,0.10582437275985664
8,9,legalbench:subset=corporate_lobbying,legalbench,pkps,0.09884961641521564
8,9,legalbench:subset=corporate_lobbying,legalbench,ens,0.07514618728300293
8,9,legalbench:subset=corporate_lobbying,legalbench,irt,0.4647603471886978
8,9,legalbench:subset=function_of_decision_section,legalbench,sample,0.1361111111111111
8,9,legalbench:subset=function_of_decision_section,legalbench,pkps,0.07289361436378006
8,9,legalbench:subset=function_of_decision_section,legalbench,ens,0.09256566861562407
8,9,legalbench:subset=function_of_decision_section,legalbench,irt,0.41171672290247885
8,9,legalbench:subset=international_citizenship_questions,legalbench,sample,0.13019713261648744
8,9,legalbench:subset=international_citizenship_questions,legalbench,pkps,0.10473443311254198
8,9,legalbench:subset=international_citizenship_questions,legalbench,ens,0.08780883040123132
8,9,legalbench:subset=international_citizenship_questions,legalbench,irt,0.40797148382902854
8,9,legalbench:subset=proa,legalbench,sample,0.0835031126202603
8,9,legalbench:subset=proa,legalbench,pkps,0.09006369549051658
8,9,legalbench:subset=proa,legalbench,ens,0.06770048152679273
8,9,legalbench:subset=proa,legalbench,irt,0.1502173113845195
8,9,math:subject=algebra,math,sample,0.09381720430107526
8,9,math:subject=algebra,math,pkps,0.1851899016960327
8,9,math:subject=algebra,math,ens,0.0882965518052583
8,9,math:subject=algebra,math,irt,0.21275138194452323
8,9,math:subject=counting_and_probability,math,sample,0.09901433691756271
8,9,math:subject=counting_and_probability,math,pkps,0.1753851396132594
8,9,math:subject=counting_and_probability,math,ens,0.09316413406874728
8,9,math:subject=counting_and_probability,math,irt,0.28307098645474144
8,9,math:subject=geometry,math,sample,0.11665251839275609
8,9,math:subject=geometry,math,pkps,0.1707904235810908
8,9,math:subject=geometry,math,ens,0.09536420755187744
8,9,math:subject=geometry,math,irt,0.43176174482428886
8,9,math:subject=intermediate_algebra,math,sample,0.11590157154673283
8,9,math:subject=intermediate_algebra,math,pkps,0.19563028392627294
8,9,math:subject=intermediate_algebra,math,ens,0.11047648561825293
8,9,math:subject=intermediate_algebra,math,irt,0.34675965763080213
8,9,math:subject=number_theory,math,sample,0.0946236559139785
8,9,math:subject=number_theory,math,pkps,0.1875914879318889
8,9,math:subject=number_theory,math,ens,0.08916359793806723
8,9,math:subject=number_theory,math,irt,0.3115512335507199
8,9,math:subject=prealgebra,math,sample,0.10368217054263568
8,9,math:subject=prealgebra,math,pkps,0.17206356125661296
8,9,math:subject=prealgebra,math,ens,0.09282934394610487
8,9,math:subject=prealgebra,math,irt,0.36176968693021017
8,9,math:subject=precalculus,math,sample,0.10891812865497076
8,9,math:subject=precalculus,math,pkps,0.18222035419819715
8,9,math:subject=precalculus,math,ens,0.09848566964647318
8,9,math:subject=precalculus,math,irt,0.3160593999089203
8,9,med_qa,med_qa,sample,0.11980286738351255
8,9,med_qa,med_qa,pkps,0.10061528343725275
8,9,med_qa,med_qa,ens,0.08302077886696796
8,9,med_qa,med_qa,irt,0.47124265885025274
8,9,wmt_14:language_pair=cs-en,wmt_14,sample,0.03787376105950627
8,9,wmt_14:language_pair=cs-en,wmt_14,pkps,0.050449599219566585
8,9,wmt_14:language_pair=cs-en,wmt_14,ens,0.034178580856213725
8,9,wmt_14:language_pair=de-en,wmt_14,sample,0.045921751532840255
8,9,wmt_14:language_pair=de-en,wmt_14,pkps,0.03631046619708625
8,9,wmt_14:language_pair=de-en,wmt_14,ens,0.03517519038132901
8,9,wmt_14:language_pair=fr-en,wmt_14,sample,0.045728839489232787
8,9,wmt_14:language_pair=fr-en,wmt_14,pkps,0.022125366162827426
8,9,wmt_14:language_pair=fr-en,wmt_14,ens,0.030254291269926948
8,9,wmt_14:language_pair=hi-en,wmt_14,sample,0.047338086367216245
8,9,wmt_14:language_pair=hi-en,wmt_14,pkps,0.08569994816214735
8,9,wmt_14:language_pair=hi-en,wmt_14,ens,0.04345669394557899
8,9,wmt_14:language_pair=ru-en,wmt_14,sample,0.048687820140560764
8,9,wmt_14:language_pair=ru-en,wmt_14,pkps,0.06428727922801199
8,9,wmt_14:language_pair=ru-en,wmt_14,ens,0.042963204975429374
8,10,legalbench:subset=abercrombie,legalbench,sample,0.12190152801358234
8,10,legalbench:subset=abercrombie,legalbench,pkps,0.13440613190299777
8,10,legalbench:subset=abercrombie,legalbench,ens,0.08836034308152532
8,10,legalbench:subset=abercrombie,legalbench,irt,0.5421137312155482
8,10,legalbench:subset=corporate_lobbying,legalbench,sample,0.12858422939068098
8,10,legalbench:subset=corporate_lobbying,legalbench,pkps,0.11702041804199405
8,10,legalbench:subset=corporate_lobbying,legalbench,ens,0.10150638984074516
8,10,legalbench:subset=corporate_lobbying,legalbench,irt,0.20144106143975055
8,10,legalbench:subset=function_of_decision_section,legalbench,sample,0.128673835125448
8,10,legalbench:subset=function_of_decision_section,legalbench,pkps,0.07487807630779397
8,10,legalbench:subset=function_of_decision_section,legalbench,ens,0.09366436366708016
8,10,legalbench:subset=function_of_decision_section,legalbench,irt,0.4551865402252388
8,10,legalbench:subset=international_citizenship_questions,legalbench,sample,0.14050179211469535
8,10,legalbench:subset=international_citizenship_questions,legalbench,pkps,0.10456043298080568
8,10,legalbench:subset=international_citizenship_questions,legalbench,ens,0.10194002785719398
8,10,legalbench:subset=international_citizenship_questions,legalbench,irt,0.4310484069059516
8,10,legalbench:subset=proa,legalbench,sample,0.07740520656479909
8,10,legalbench:subset=proa,legalbench,pkps,0.08606240554289153
8,10,legalbench:subset=proa,legalbench,ens,0.058082674492349114
8,10,legalbench:subset=proa,legalbench,irt,0.14261135414216208
8,10,math:subject=algebra,math,sample,0.08584229390681004
8,10,math:subject=algebra,math,pkps,0.19941620681978986
8,10,math:subject=algebra,math,ens,0.09666289995344252
8,10,math:subject=algebra,math,irt,0.24450994536749
8,10,math:subject=counting_and_probability,math,sample,0.10583815825751308
8,10,math:subject=counting_and_probability,math,pkps,0.1926389877926129
8,10,math:subject=counting_and_probability,math,ens,0.10894837493872316
8,10,math:subject=counting_and_probability,math,irt,0.3775533103480028
8,10,math:subject=geometry,math,sample,0.10398981324278438
8,10,math:subject=geometry,math,pkps,0.1824202807508459
8,10,math:subject=geometry,math,ens,0.08721138541975432
8,10,math:subject=geometry,math,irt,0.3554955714144266
8,10,math:subject=intermediate_algebra,math,sample,0.09449958643507028
8,10,math:subject=intermediate_algebra,math,pkps,0.20833799443123419
8,10,math:subject=intermediate_algebra,math,ens,0.08695704313708685
8,10,math:subject=intermediate_algebra,math,irt,0.4283947721356636
8,10,math:subject=number_theory,math,sample,0.09946236559139784
8,10,math:subject=number_theory,math,pkps,0.19797837274249133
8,10,math:subject=number_theory,math,ens,0.09323369537594567
8,10,math:subject=number_theory,math,irt,0.2880979931609394
8,10,math:subject=prealgebra,math,sample,0.08711552888222056
8,10,math:subject=prealgebra,math,pkps,0.18654045119542045
8,10,math:subject=prealgebra,math,ens,0.0821997561541807
8,10,math:subject=prealgebra,math,irt,0.28957018385815314
8,10,math:subject=precalculus,math,sample,0.11589794378419169
8,10,math:subject=precalculus,math,pkps,0.1917750727594267
8,10,math:subject=precalculus,math,ens,0.10297046315914846
8,10,math:subject=precalculus,math,irt,0.3511730221290049
8,10,med_qa,med_qa,sample,0.1268817204301075
8,10,med_qa,med_qa,pkps,0.11009443057816842
8,10,med_qa,med_qa,ens,0.0958169731842569
8,10,med_qa,med_qa,irt,0.616665515810955
8,10,wmt_14:language_pair=cs-en,wmt_14,sample,0.0445727543031209
8,10,wmt_14:language_pair=cs-en,wmt_14,pkps,0.044587277457096675
8,10,wmt_14:language_pair=cs-en,wmt_14,ens,0.03546708031486751
8,10,wmt_14:language_pair=de-en,wmt_14,sample,0.039693389809498957
8,10,wmt_14:language_pair=de-en,wmt_14,pkps,0.030968711670843134
8,10,wmt_14:language_pair=de-en,wmt_14,ens,0.02900485672461524
8,10,wmt_14:language_pair=fr-en,wmt_14,sample,0.04320904504774013
8,10,wmt_14:language_pair=fr-en,wmt_14,pkps,0.019988429016471045
8,10,wmt_14:language_pair=fr-en,wmt_14,ens,0.030101069580041367
8,10,wmt_14:language_pair=hi-en,wmt_14,sample,0.0455617727763995
8,10,wmt_14:language_pair=hi-en,wmt_14,pkps,0.08167570849650876
8,10,wmt_14:language_pair=hi-en,wmt_14,ens,0.04446965177881152
8,10,wmt_14:language_pair=ru-en,wmt_14,sample,0.05090637962248936
8,10,wmt_14:language_pair=ru-en,wmt_14,pkps,0.05808787616261672
8,10,wmt_14:language_pair=ru-en,wmt_14,ens,0.04051481420719025
8,11,legalbench:subset=abercrombie,legalbench,sample,0.11008771929824565
8,11,legalbench:subset=abercrombie,legalbench,pkps,0.14104200313656273
8,11,legalbench:subset=abercrombie,legalbench,ens,0.08786991142477052
8,11,legalbench:subset=abercrombie,legalbench,irt,0.4318450486571294
8,11,legalbench:subset=corporate_lobbying,legalbench,sample,0.11120071684587814
8,11,legalbench:subset=corporate_lobbying,legalbench,pkps,0.09980737409451163
8,11,legalbench:subset=corporate_lobbying,legalbench,ens,0.08573671798074084
8,11,legalbench:subset=corporate_lobbying,legalbench,irt,0.2761332882186336
8,11,legalbench:subset=function_of_decision_section,legalbench,sample,0.13342293906810035
8,11,legalbench:subset=function_of_decision_section,legalbench,pkps,0.06673088290041863
8,11,legalbench:subset=function_of_decision_section,legalbench,ens,0.0912134716235465
8,11,legalbench:subset=function_of_decision_section,legalbench,irt,0.49450994536749
8,11,legalbench:subset=international_citizenship_questions,legalbench,sample,0.1302867383512545
8,11,legalbench:subset=international_citizenship_questions,legalbench,pkps,0.10873127406341966
8,11,legalbench:subset=international_citizenship_questions,legalbench,ens,0.09898742717153394
8,11,legalbench:subset=international_citizenship_questions,legalbench,irt,0.3942767445855792
8,11,legalbench:subset=proa,legalbench,sample,0.08169213355970571
8,11,legalbench:subset=proa,legalbench,pkps,0.08527874136464286
8,11,legalbench:subset=proa,legalbench,ens,0.06634606120148884
8,11,legalbench:subset=proa,legalbench,irt,0.20519443955386674
8,11,math:subject=algebra,math,sample,0.09767025089605735
8,11,math:subject=algebra,math,pkps,0.17848602244277315
8,11,math:subject=algebra,math,ens,0.0884399571885687
8,11,math:subject=algebra,math,irt,0.2647275521717766
8,11,math:subject=counting_and_probability,math,sample,0.10408050730631377
8,11,math:subject=counting_and_probability,math,pkps,0.1744774171250284
8,11,math:subject=counting_and_probability,math,ens,0.09449473141126424
8,11,math:subject=counting_and_probability,math,irt,0.24989487728770798
8,11,math:subject=geometry,math,sample,0.10752688172043011
8,11,math:subject=geometry,math,pkps,0.16857428271104824
8,11,math:subject=geometry,math,ens,0.08812638725780338
8,11,math:subject=geometry,math,irt,0.32688616242074037
8,11,math:subject=intermediate_algebra,math,sample,0.10969809760132343
8,11,math:subject=intermediate_algebra,math,pkps,0.18629850683029667
8,11,math:subject=intermediate_algebra,math,ens,0.10303023975528844
8,11,math:subject=intermediate_algebra,math,irt,0.31342477870246915
8,11,math:subject=number_theory,math,sample,0.09955197132616488
8,11,math:subject=number_theory,math,pkps,0.18803826442885888
8,11,math:subject=number_theory,math,ens,0.09662252516501064
8,11,math:subject=number_theory,math,irt,0.30809799316093944
8,11,math:subject=prealgebra,math,sample,0.10924606151537884
8,11,math:subject=prealgebra,math,pkps,0.17504328937770655
8,11,math:subject=prealgebra,math,ens,0.09449662879749497
8,11,math:subject=prealgebra,math,irt,0.218248061451625
8,11,math:subject=precalculus,math,sample,0.1198122995661196
8,11,math:subject=precalculus,math,pkps,0.18232086348851026
8,11,math:subject=precalculus,math,ens,0.1005248720601049
8,11,math:subject=precalculus,math,irt,0.3304584719368077
8,11,med_qa,med_qa,sample,0.11944444444444445
8,11,med_qa,med_qa,pkps,0.10878387278631578
8,11,med_qa,med_qa,ens,0.09438820245508753
8,11,med_qa,med_qa,irt,0.38699515601058454
8,11,wmt_14:language_pair=cs-en,wmt_14,sample,0.040627887268266764
8,11,wmt_14:language_pair=cs-en,wmt_14,pkps,0.04487343463074421
8,11,wmt_14:language_pair=cs-en,wmt_14,ens,0.031741297364247786
8,11,wmt_14:language_pair=de-en,wmt_14,sample,0.05010636051595773
8,11,wmt_14:language_pair=de-en,wmt_14,pkps,0.030289409847153274
8,11,wmt_14:language_pair=de-en,wmt_14,ens,0.03377397050256798
8,11,wmt_14:language_pair=fr-en,wmt_14,sample,0.043366220157991506
8,11,wmt_14:language_pair=fr-en,wmt_14,pkps,0.020827419833142062
8,11,wmt_14:language_pair=fr-en,wmt_14,ens,0.02843803390596673
8,11,wmt_14:language_pair=hi-en,wmt_14,sample,0.05262138696115887
8,11,wmt_14:language_pair=hi-en,wmt_14,pkps,0.07759954478208454
8,11,wmt_14:language_pair=hi-en,wmt_14,ens,0.04961411861670738
8,11,wmt_14:language_pair=ru-en,wmt_14,sample,0.04954296488324307
8,11,wmt_14:language_pair=ru-en,wmt_14,pkps,0.054798850885477264
8,11,wmt_14:language_pair=ru-en,wmt_14,ens,0.04122640488413349
16,0,legalbench:subset=abercrombie,legalbench,sample,0.08846208262591963
16,0,legalbench:subset=abercrombie,legalbench,pkps,0.13244497284248172
16,0,legalbench:subset=abercrombie,legalbench,ens,0.0771353910373705
16,0,legalbench:subset=abercrombie,legalbench,irt,0.3492643917670015
16,0,legalbench:subset=corporate_lobbying,legalbench,sample,0.08664874551971326
16,0,legalbench:subset=corporate_lobbying,legalbench,pkps,0.09941090482210825
16,0,legalbench:subset=corporate_lobbying,legalbench,ens,0.07752918606921992
16,0,legalbench:subset=corporate_lobbying,legalbench,irt,0.5598920757512252
16,0,legalbench:subset=function_of_decision_section,legalbench,sample,0.08758960573476703
16,0,legalbench:subset=function_of_decision_section,legalbench,pkps,0.07028976956020194
16,0,legalbench:subset=function_of_decision_section,legalbench,ens,0.07446016288502279
16,0,legalbench:subset=function_of_decision_section,legalbench,irt,0.3741222313736551
16,0,legalbench:subset=international_citizenship_questions,legalbench,sample,0.0925627240143369
16,0,legalbench:subset=international_citizenship_questions,legalbench,pkps,0.09641041599555435
16,0,legalbench:subset=international_citizenship_questions,legalbench,ens,0.07670689917207844
16,0,legalbench:subset=international_citizenship_questions,legalbench,irt,0.46591705736059547
16,0,legalbench:subset=proa,legalbench,sample,0.052355687606112075
16,0,legalbench:subset=proa,legalbench,pkps,0.07853492646747182
16,0,legalbench:subset=proa,legalbench,ens,0.04444453007112326
16,0,legalbench:subset=proa,legalbench,irt,0.168852602663713
16,0,math:subject=algebra,math,sample,0.05891577060931901
16,0,math:subject=algebra,math,pkps,0.1539025083276727
16,0,math:subject=algebra,math,ens,0.05272380365373438
16,0,math:subject=algebra,math,irt,0.28868964406899517
16,0,math:subject=counting_and_probability,math,sample,0.06272401433691756
16,0,math:subject=counting_and_probability,math,pkps,0.14529199162155954
16,0,math:subject=counting_and_probability,math,ens,0.0602471769908106
16,0,math:subject=counting_and_probability,math,irt,0.32145670824169753
16,0,math:subject=geometry,math,sample,0.05928126768534239
16,0,math:subject=geometry,math,pkps,0.14244372424394844
16,0,math:subject=geometry,math,ens,0.05364705133037622
16,0,math:subject=geometry,math,irt,0.3828450180838791
16,0,math:subject=intermediate_algebra,math,sample,0.06027708850289495
16,0,math:subject=intermediate_algebra,math,pkps,0.16522785746317512
16,0,math:subject=intermediate_algebra,math,ens,0.060010882221357476
16,0,math:subject=intermediate_algebra,math,irt,0.30722373244510326
16,0,math:subject=number_theory,math,sample,0.05398745519713261
16,0,math:subject=number_theory,math,pkps,0.15645355568921218
16,0,math:subject=number_theory,math,ens,0.05821616899284618
16,0,math:subject=number_theory,math,irt,0.28863910961567363
16,0,math:subject=prealgebra,math,sample,0.06509439859964992
16,0,math:subject=prealgebra,math,pkps,0.15185755356929978
16,0,math:subject=prealgebra,math,ens,0.06062691232944023
16,0,math:subject=prealgebra,math,irt,0.22145613285253546
16,0,math:subject=precalculus,math,sample,0.07255706470477269
16,0,math:subject=precalculus,math,pkps,0.14713588343977774
16,0,math:subject=precalculus,math,ens,0.07014249192994754
16,0,math:subject=precalculus,math,irt,0.3458487650928946
16,0,med_qa,med_qa,sample,0.0942204301075269
16,0,med_qa,med_qa,pkps,0.09366205483486227
16,0,med_qa,med_qa,ens,0.08348774364559308
16,0,med_qa,med_qa,irt,0.3506344144351774
16,0,wmt_14:language_pair=cs-en,wmt_14,sample,0.029611893975004404
16,0,wmt_14:language_pair=cs-en,wmt_14,pkps,0.03828205462568096
16,0,wmt_14:language_pair=cs-en,wmt_14,ens,0.02719396512665288
16,0,wmt_14:language_pair=de-en,wmt_14,sample,0.03119134165611157
16,0,wmt_14:language_pair=de-en,wmt_14,pkps,0.02866721443111289
16,0,wmt_14:language_pair=de-en,wmt_14,ens,0.026158301944351346
16,0,wmt_14:language_pair=fr-en,wmt_14,sample,0.0366518138496824
16,0,wmt_14:language_pair=fr-en,wmt_14,pkps,0.017278232707572134
16,0,wmt_14:language_pair=fr-en,wmt_14,ens,0.0297821415207985
16,0,wmt_14:language_pair=hi-en,wmt_14,sample,0.03103243658912331
16,0,wmt_14:language_pair=hi-en,wmt_14,pkps,0.06977928751243385
16,0,wmt_14:language_pair=hi-en,wmt_14,ens,0.031723833340433986
16,0,wmt_14:language_pair=ru-en,wmt_14,sample,0.034296539894826714
16,0,wmt_14:language_pair=ru-en,wmt_14,pkps,0.05211107768054293
16,0,wmt_14:language_pair=ru-en,wmt_14,ens,0.030782985415744334
16,1,legalbench:subset=abercrombie,legalbench,sample,0.08343944538766271
16,1,legalbench:subset=abercrombie,legalbench,pkps,0.13488714341289587
16,1,legalbench:subset=abercrombie,legalbench,ens,0.07361257853625919
16,1,legalbench:subset=abercrombie,legalbench,irt,0.33735019042286307
16,1,legalbench:subset=corporate_lobbying,legalbench,sample,0.08301971326164874
16,1,legalbench:subset=corporate_lobbying,legalbench,pkps,0.09377121648632573
16,1,legalbench:subset=corporate_lobbying,legalbench,ens,0.07236609518590453
16,1,legalbench:subset=corporate_lobbying,legalbench,irt,0.3194947022893948
16,1,legalbench:subset=function_of_decision_section,legalbench,sample,0.0870967741935484
16,1,legalbench:subset=function_of_decision_section,legalbench,pkps,0.07316457783182423
16,1,legalbench:subset=function_of_decision_section,legalbench,ens,0.07444221083827283
16,1,legalbench:subset=function_of_decision_section,legalbench,irt,0.513216621551967
16,1,legalbench:subset=international_citizenship_questions,legalbench,sample,0.08951612903225806
16,1,legalbench:subset=international_citizenship_questions,legalbench,pkps,0.09295037838678205
16,1,legalbench:subset=international_citizenship_questions,legalbench,ens,0.07859179186886275
16,1,legalbench:subset=international_citizenship_questions,legalbench,irt,0.5577999548853003
16,1,legalbench:subset=proa,legalbench,sample,0.05304895302773061
16,1,legalbench:subset=proa,legalbench,pkps,0.0836998036711892
16,1,legalbench:subset=proa,legalbench,ens,0.04728469435496778
16,1,legalbench:subset=proa,legalbench,irt,0.30397447406222217
16,1,math:subject=algebra,math,sample,0.06406810035842295
16,1,math:subject=algebra,math,pkps,0.17060251266006426
16,1,math:subject=algebra,math,ens,0.061539663376075734
16,1,math:subject=algebra,math,irt,0.28047542517374147
16,1,math:subject=counting_and_probability,math,sample,0.05755445271574305
16,1,math:subject=counting_and_probability,math,pkps,0.16247978864359047
16,1,math:subject=counting_and_probability,math,ens,0.057665984295718994
16,1,math:subject=counting_and_probability,math,irt,0.34576837890767986
16,1,math:subject=geometry,math,sample,0.06525891341256365
16,1,math:subject=geometry,math,pkps,0.15689739825910015
16,1,math:subject=geometry,math,ens,0.05794801171564574
16,1,math:subject=geometry,math,irt,0.20446263500390965
16,1,math:subject=intermediate_algebra,math,sample,0.05800248138957816
16,1,math:subject=intermediate_algebra,math,pkps,0.17681084817381007
16,1,math:subject=intermediate_algebra,math,ens,0.05602002327351639
16,1,math:subject=intermediate_algebra,math,irt,0.3494479690331628
16,1,math:subject=number_theory,math,sample,0.05344982078853046
16,1,math:subject=number_theory,math,pkps,0.1757137347803921
16,1,math:subject=number_theory,math,ens,0.060088875832731266
16,1,math:subject=number_theory,math,irt,0.27581580023116137
16,1,math:subject=prealgebra,math,sample,0.06601650412603152
16,1,math:subject=prealgebra,math,pkps,0.15406432084222055
16,1,math:subject=prealgebra,math,ens,0.06493971311833291
16,1,math:subject=prealgebra,math,irt,0.38435402463176005
16,1,math:subject=precalculus,math,sample,0.07387757026976043
16,1,math:subject=precalculus,math,pkps,0.1743658866669585
16,1,math:subject=precalculus,math,ens,0.06586953865380099
16,1,math:subject=precalculus,math,irt,0.34893855792804085
16,1,med_qa,med_qa,sample,0.08664874551971326
16,1,med_qa,med_qa,pkps,0.09692776892787819
16,1,med_qa,med_qa,ens,0.07396492975020436
16,1,med_qa,med_qa,irt,0.349119262920026
16,1,wmt_14:language_pair=cs-en,wmt_14,sample,0.029126842043576278
16,1,wmt_14:language_pair=cs-en,wmt_14,pkps,0.04221497490134027
16,1,wmt_14:language_pair=cs-en,wmt_14,ens,0.027148661854084887
16,1,wmt_14:language_pair=de-en,wmt_14,sample,0.033861203134073134
16,1,wmt_14:language_pair=de-en,wmt_14,pkps,0.03354975708033256
16,1,wmt_14:language_pair=de-en,wmt_14,ens,0.02738320018913487
16,1,wmt_14:language_pair=fr-en,wmt_14,sample,0.03559804577887718
16,1,wmt_14:language_pair=fr-en,wmt_14,pkps,0.019418651958932755
16,1,wmt_14:language_pair=fr-en,wmt_14,ens,0.029152406909795692
16,1,wmt_14:language_pair=hi-en,wmt_14,sample,0.032192570584740725
16,1,wmt_14:language_pair=hi-en,wmt_14,pkps,0.07585597463854052
16,1,wmt_14:language_pair=hi-en,wmt_14,ens,0.03294211299827417
16,1,wmt_14:language_pair=ru-en,wmt_14,sample,0.030610328256699796
16,1,wmt_14:language_pair=ru-en,wmt_14,pkps,0.05471467510260403
16,1,wmt_14:language_pair=ru-en,wmt_14,ens,0.031635974744908125
16,2,legalbench:subset=abercrombie,legalbench,sample,0.08505942275042445
16,2,legalbench:subset=abercrombie,legalbench,pkps,0.13303010277880706
16,2,legalbench:subset=abercrombie,legalbench,ens,0.07702541367995379
16,2,legalbench:subset=abercrombie,legalbench,irt,0.37654620403538114
16,2,legalbench:subset=corporate_lobbying,legalbench,sample,0.0846326164874552
16,2,legalbench:subset=corporate_lobbying,legalbench,pkps,0.09649509690915636
16,2,legalbench:subset=corporate_lobbying,legalbench,ens,0.07804420367456187
16,2,legalbench:subset=corporate_lobbying,legalbench,irt,0.2906975059751964
16,2,legalbench:subset=function_of_decision_section,legalbench,sample,0.09520609318996417
16,2,legalbench:subset=function_of_decision_section,legalbench,pkps,0.07146067453785243
16,2,legalbench:subset=function_of_decision_section,legalbench,ens,0.08341692549276623
16,2,legalbench:subset=function_of_decision_section,legalbench,irt,0.5639804068913922
16,2,legalbench:subset=international_citizenship_questions,legalbench,sample,0.09659498207885303
16,2,legalbench:subset=international_citizenship_questions,legalbench,pkps,0.09734954323059043
16,2,legalbench:subset=international_citizenship_questions,legalbench,ens,0.08285339856498106
16,2,legalbench:subset=international_citizenship_questions,legalbench,irt,0.43497089276558526
16,2,legalbench:subset=proa,legalbench,sample,0.05125919637804187
16,2,legalbench:subset=proa,legalbench,pkps,0.08417138477176041
16,2,legalbench:subset=proa,legalbench,ens,0.04834707849950967
16,2,legalbench:subset=proa,legalbench,irt,0.13195910234025995
16,2,math:subject=algebra,math,sample,0.0700268817204301
16,2,math:subject=algebra,math,pkps,0.1733374964282771
16,2,math:subject=algebra,math,ens,0.07020488706677451
16,2,math:subject=algebra,math,irt,0.19586316785799962
16,2,math:subject=counting_and_probability,math,sample,0.06082850840915357
16,2,math:subject=counting_and_probability,math,pkps,0.16765829731015902
16,2,math:subject=counting_and_probability,math,ens,0.060571789943222445
16,2,math:subject=counting_and_probability,math,irt,0.2755555667237919
16,2,math:subject=geometry,math,sample,0.06893746462931521
16,2,math:subject=geometry,math,pkps,0.16769810720327144
16,2,math:subject=geometry,math,ens,0.06544642134928284
16,2,math:subject=geometry,math,irt,0.3317063732824923
16,2,math:subject=intermediate_algebra,math,sample,0.07707816377171216
16,2,math:subject=intermediate_algebra,math,pkps,0.18056285792023885
16,2,math:subject=intermediate_algebra,math,ens,0.07484297954411223
16,2,math:subject=intermediate_algebra,math,irt,0.32812166927797703
16,2,math:subject=number_theory,math,sample,0.057034050179211475
16,2,math:subject=number_theory,math,pkps,0.1794230148731393
16,2,math:subject=number_theory,math,ens,0.06072167479117114
16,2,math:subject=number_theory,math,irt,0.19532821977294995
16,2,math:subject=prealgebra,math,sample,0.059655538884721186
16,2,math:subject=prealgebra,math,pkps,0.16345195440435262
16,2,math:subject=prealgebra,math,ens,0.053082975153597715
16,2,math:subject=prealgebra,math,irt,0.26376351667606396
16,2,math:subject=precalculus,math,sample,0.06838332390115072
16,2,math:subject=precalculus,math,pkps,0.17497030346746772
16,2,math:subject=precalculus,math,ens,0.0628141629239457
16,2,math:subject=precalculus,math,irt,0.3140311545527549
16,2,med_qa,med_qa,sample,0.08888888888888888
16,2,med_qa,med_qa,pkps,0.10271327215570973
16,2,med_qa,med_qa,ens,0.0759137945644692
16,2,med_qa,med_qa,irt,0.3365180328422094
16,2,wmt_14:language_pair=cs-en,wmt_14,sample,0.028072200900040187
16,2,wmt_14:language_pair=cs-en,wmt_14,pkps,0.04496846603466851
16,2,wmt_14:language_pair=cs-en,wmt_14,ens,0.025926657848337503
16,2,wmt_14:language_pair=de-en,wmt_14,sample,0.0329231262607807
16,2,wmt_14:language_pair=de-en,wmt_14,pkps,0.032011887763640036
16,2,wmt_14:language_pair=de-en,wmt_14,ens,0.027857490474418028
16,2,wmt_14:language_pair=fr-en,wmt_14,sample,0.03237068561348081
16,2,wmt_14:language_pair=fr-en,wmt_14,pkps,0.019687236125001933
16,2,wmt_14:language_pair=fr-en,wmt_14,ens,0.02745741065101231
16,2,wmt_14:language_pair=hi-en,wmt_14,sample,0.03895629958503259
16,2,wmt_14:language_pair=hi-en,wmt_14,pkps,0.08054911472035534
16,2,wmt_14:language_pair=hi-en,wmt_14,ens,0.03933264184852595
16,2,wmt_14:language_pair=ru-en,wmt_14,sample,0.03338005736539186
16,2,wmt_14:language_pair=ru-en,wmt_14,pkps,0.05205392078902873
16,2,wmt_14:language_pair=ru-en,wmt_14,ens,0.029509633187044686
16,3,legalbench:subset=abercrombie,legalbench,sample,0.08127475947934353
16,3,legalbench:subset=abercrombie,legalbench,pkps,0.13314720807716213
16,3,legalbench:subset=abercrombie,legalbench,ens,0.07455966785732705
16,3,legalbench:subset=abercrombie,legalbench,irt,0.4168530975323283
16,3,legalbench:subset=corporate_lobbying,legalbench,sample,0.06917562724014337
16,3,legalbench:subset=corporate_lobbying,legalbench,pkps,0.10697198450280666
16,3,legalbench:subset=corporate_lobbying,legalbench,ens,0.06489101453120627
16,3,legalbench:subset=corporate_lobbying,legalbench,irt,0.34824502709869976
16,3,legalbench:subset=function_of_decision_section,legalbench,sample,0.0881720430107527
16,3,legalbench:subset=function_of_decision_section,legalbench,pkps,0.06261567664666776
16,3,legalbench:subset=function_of_decision_section,legalbench,ens,0.07520577849254301
16,3,legalbench:subset=function_of_decision_section,legalbench,irt,0.40498365266194336
16,3,legalbench:subset=international_citizenship_questions,legalbench,sample,0.08198924731182795
16,3,legalbench:subset=international_citizenship_questions,legalbench,pkps,0.10246282624890886
16,3,legalbench:subset=international_citizenship_questions,legalbench,ens,0.07325930274948754
16,3,legalbench:subset=international_citizenship_questions,legalbench,irt,0.49862453188704176
16,3,legalbench:subset=proa,legalbench,sample,0.056975099037917365
16,3,legalbench:subset=proa,legalbench,pkps,0.08349086453469452
16,3,legalbench:subset=proa,legalbench,ens,0.051236115496489716
16,3,legalbench:subset=proa,legalbench,irt,0.10154841408048468
16,3,math:subject=algebra,math,sample,0.07056451612903226
16,3,math:subject=algebra,math,pkps,0.17183759545341837
16,3,math:subject=algebra,math,ens,0.06051268299929631
16,3,math:subject=algebra,math,irt,0.2522886489898269
16,3,math:subject=counting_and_probability,math,sample,0.057537220843672465
16,3,math:subject=counting_and_probability,math,pkps,0.1712604187357237
16,3,math:subject=counting_and_probability,math,ens,0.05991748123659471
16,3,math:subject=counting_and_probability,math,irt,0.18725810714616536
16,3,math:subject=geometry,math,sample,0.07682512733446518
16,3,math:subject=geometry,math,pkps,0.16760955752594822
16,3,math:subject=geometry,math,ens,0.0689906231940923
16,3,math:subject=geometry,math,irt,0.31723892970349044
16,3,math:subject=intermediate_algebra,math,sample,0.06663564929693962
16,3,math:subject=intermediate_algebra,math,pkps,0.18690853940866128
16,3,math:subject=intermediate_algebra,math,ens,0.06741380892707301
16,3,math:subject=intermediate_algebra,math,irt,0.46633246096341713
16,3,math:subject=number_theory,math,sample,0.05098566308243727
16,3,math:subject=number_theory,math,pkps,0.17781023760318287
16,3,math:subject=number_theory,math,ens,0.048714896898760095
16,3,math:subject=number_theory,math,irt,0.25132825805092507
16,3,math:subject=prealgebra,math,sample,0.07023630907726931
16,3,math:subject=prealgebra,math,pkps,0.16435278531135325
16,3,math:subject=prealgebra,math,ens,0.06454026227498426
16,3,math:subject=prealgebra,math,irt,0.2396353359865711
16,3,math:subject=precalculus,math,sample,0.07410158460667798
16,3,math:subject=precalculus,math,pkps,0.1731668659969966
16,3,math:subject=precalculus,math,ens,0.07071015369852149
16,3,math:subject=precalculus,math,irt,0.2756408649995456
16,3,med_qa,med_qa,sample,0.0738799283154122
16,3,med_qa,med_qa,pkps,0.10469588178514791
16,3,med_qa,med_qa,ens,0.0634291576499957
16,3,med_qa,med_qa,irt,0.48762863325230743
16,3,wmt_14:language_pair=cs-en,wmt_14,sample,0.02921145027822749
16,3,wmt_14:language_pair=cs-en,wmt_14,pkps,0.04396337646974486
16,3,wmt_14:language_pair=cs-en,wmt_14,ens,0.026343882261315624
16,3,wmt_14:language_pair=de-en,wmt_14,sample,0.03711099501669784
16,3,wmt_14:language_pair=de-en,wmt_14,pkps,0.03323785013324387
16,3,wmt_14:language_pair=de-en,wmt_14,ens,0.03376842320133538
16,3,wmt_14:language_pair=fr-en,wmt_14,sample,0.035013828775123886
16,3,wmt_14:language_pair=fr-en,wmt_14,pkps,0.02095517585471211
16,3,wmt_14:language_pair=fr-en,wmt_14,ens,0.029450690356540882
16,3,wmt_14:language_pair=hi-en,wmt_14,sample,0.034142797912158004
16,3,wmt_14:language_pair=hi-en,wmt_14,pkps,0.07370323346028804
16,3,wmt_14:language_pair=hi-en,wmt_14,ens,0.0319178494805108
16,3,wmt_14:language_pair=ru-en,wmt_14,sample,0.030861590020824184
16,3,wmt_14:language_pair=ru-en,wmt_14,pkps,0.05269221630971292
16,3,wmt_14:language_pair=ru-en,wmt_14,ens,0.02749335078157638
16,4,legalbench:subset=abercrombie,legalbench,sample,0.07868562535370685
16,4,legalbench:subset=abercrombie,legalbench,pkps,0.14049453121637792
16,4,legalbench:subset=abercrombie,legalbench,ens,0.06886857918998462
16,4,legalbench:subset=abercrombie,legalbench,irt,0.37625432467321185
16,4,legalbench:subset=corporate_lobbying,legalbench,sample,0.0818100358422939
16,4,legalbench:subset=corporate_lobbying,legalbench,pkps,0.09073796237075209
16,4,legalbench:subset=corporate_lobbying,legalbench,ens,0.0741284545176382
16,4,legalbench:subset=corporate_lobbying,legalbench,irt,0.2594952641291412
16,4,legalbench:subset=function_of_decision_section,legalbench,sample,0.08561827956989247
16,4,legalbench:subset=function_of_decision_section,legalbench,pkps,0.07132577686227749
16,4,legalbench:subset=function_of_decision_section,legalbench,ens,0.06966561616660141
16,4,legalbench:subset=function_of_decision_section,legalbench,irt,0.6022940690496766
16,4,legalbench:subset=international_citizenship_questions,legalbench,sample,0.10219534050179213
16,4,legalbench:subset=international_citizenship_questions,legalbench,pkps,0.10090916242551888
16,4,legalbench:subset=international_citizenship_questions,legalbench,ens,0.08341546156012787
16,4,legalbench:subset=international_citizenship_questions,legalbench,irt,0.4099805821510243
16,4,legalbench:subset=proa,legalbench,sample,0.05788766270514996
16,4,legalbench:subset=proa,legalbench,pkps,0.0871569585984042
16,4,legalbench:subset=proa,legalbench,ens,0.05304091428155817
16,4,legalbench:subset=proa,legalbench,irt,0.3795249996631136
16,4,math:subject=algebra,math,sample,0.06429211469534049
16,4,math:subject=algebra,math,pkps,0.16660771001170957
16,4,math:subject=algebra,math,ens,0.058500999022134924
16,4,math:subject=algebra,math,irt,0.22947930575423714
16,4,math:subject=counting_and_probability,math,sample,0.0624138406396471
16,4,math:subject=counting_and_probability,math,pkps,0.1578368679716761
16,4,math:subject=counting_and_probability,math,ens,0.06148384835353169
16,4,math:subject=counting_and_probability,math,irt,0.2017358757861745
16,4,math:subject=geometry,math,sample,0.06727504244482173
16,4,math:subject=geometry,math,pkps,0.15745140121473788
16,4,math:subject=geometry,math,ens,0.06002023461186366
16,4,math:subject=geometry,math,irt,0.22992949837918109
16,4,math:subject=intermediate_algebra,math,sample,0.06084574028122415
16,4,math:subject=intermediate_algebra,math,pkps,0.17524248944972415
16,4,math:subject=intermediate_algebra,math,ens,0.05609104017779059
16,4,math:subject=intermediate_algebra,math,irt,0.3182015422785581
16,4,math:subject=number_theory,math,sample,0.05192652329749104
16,4,math:subject=number_theory,math,pkps,0.15988148172167263
16,4,math:subject=number_theory,math,ens,0.06085230411693394
16,4,math:subject=number_theory,math,irt,0.3674192835359143
16,4,math:subject=prealgebra,math,sample,0.061015253813453366
16,4,math:subject=prealgebra,math,pkps,0.15874133188912795
16,4,math:subject=prealgebra,math,ens,0.05709928807446951
16,4,math:subject=prealgebra,math,irt,0.22496588269545978
16,4,math:subject=precalculus,math,sample,0.07748538011695905
16,4,math:subject=precalculus,math,pkps,0.16349609251835684
16,4,math:subject=precalculus,math,ens,0.07405758465788467
16,4,math:subject=precalculus,math,irt,0.5130439174141197
16,4,med_qa,med_qa,sample,0.0935035842293907
16,4,med_qa,med_qa,pkps,0.10086982409879387
16,4,med_qa,med_qa,ens,0.07513510308243379
16,4,med_qa,med_qa,irt,0.40696662155196694
16,4,wmt_14:language_pair=cs-en,wmt_14,sample,0.03136656406454107
16,4,wmt_14:language_pair=cs-en,wmt_14,pkps,0.04414599148420952
16,4,wmt_14:language_pair=cs-en,wmt_14,ens,0.027440351049815476
16,4,wmt_14:language_pair=de-en,wmt_14,sample,0.03214422301166349
16,4,wmt_14:language_pair=de-en,wmt_14,pkps,0.034110646960407214
16,4,wmt_14:language_pair=de-en,wmt_14,ens,0.02843208420386912
16,4,wmt_14:language_pair=fr-en,wmt_14,sample,0.034605351062431816
16,4,wmt_14:language_pair=fr-en,wmt_14,pkps,0.01991397201750256
16,4,wmt_14:language_pair=fr-en,wmt_14,ens,0.028480562623798993
16,4,wmt_14:language_pair=hi-en,wmt_14,sample,0.03796584741349846
16,4,wmt_14:language_pair=hi-en,wmt_14,pkps,0.07767452161724837
16,4,wmt_14:language_pair=hi-en,wmt_14,ens,0.03606872067630905
16,4,wmt_14:language_pair=ru-en,wmt_14,sample,0.028131982293242305
16,4,wmt_14:language_pair=ru-en,wmt_14,pkps,0.05464966440405544
16,4,wmt_14:language_pair=ru-en,wmt_14,ens,0.02874897798499151
16,5,legalbench:subset=abercrombie,legalbench,sample,0.07404499151103563
16,5,legalbench:subset=abercrombie,legalbench,pkps,0.12251154923223805
16,5,legalbench:subset=abercrombie,legalbench,ens,0.06733499977317137
16,5,legalbench:subset=abercrombie,legalbench,irt,0.3630647458003664
16,5,legalbench:subset=corporate_lobbying,legalbench,sample,0.06931003584229391
16,5,legalbench:subset=corporate_lobbying,legalbench,pkps,0.09097307161525359
16,5,legalbench:subset=corporate_lobbying,legalbench,ens,0.06344910897925482
16,5,legalbench:subset=corporate_lobbying,legalbench,irt,0.3607808937631363
16,5,legalbench:subset=function_of_decision_section,legalbench,sample,0.07885304659498209
16,5,legalbench:subset=function_of_decision_section,legalbench,pkps,0.06788777000839523
16,5,legalbench:subset=function_of_decision_section,legalbench,ens,0.06592926740090198
16,5,legalbench:subset=function_of_decision_section,legalbench,irt,0.42640778643888466
16,5,legalbench:subset=international_citizenship_questions,legalbench,sample,0.08624551971326164
16,5,legalbench:subset=international_citizenship_questions,legalbench,pkps,0.10117751605083701
16,5,legalbench:subset=international_citizenship_questions,legalbench,ens,0.07239579656585039
16,5,legalbench:subset=international_citizenship_questions,legalbench,irt,0.5087115455682327
16,5,legalbench:subset=proa,legalbench,sample,0.048231465761177136
16,5,legalbench:subset=proa,legalbench,pkps,0.0770505718873891
16,5,legalbench:subset=proa,legalbench,ens,0.04368697829788744
16,5,legalbench:subset=proa,legalbench,irt,0.24272492021260444
16,5,math:subject=algebra,math,sample,0.06299283154121862
16,5,math:subject=algebra,math,pkps,0.1519293857941045
16,5,math:subject=algebra,math,ens,0.05849659886778778
16,5,math:subject=algebra,math,irt,0.20238370744665368
16,5,math:subject=counting_and_probability,math,sample,0.06079404466501241
16,5,math:subject=counting_and_probability,math,pkps,0.14519783518014748
16,5,math:subject=counting_and_probability,math,ens,0.057570451843595084
16,5,math:subject=counting_and_probability,math,irt,0.3725880237608727
16,5,math:subject=geometry,math,sample,0.06303056027164686
16,5,math:subject=geometry,math,pkps,0.14720387434645385
16,5,math:subject=geometry,math,ens,0.05885668609551448
16,5,math:subject=geometry,math,irt,0.3260175621361051
16,5,math:subject=intermediate_algebra,math,sample,0.07144334160463192
16,5,math:subject=intermediate_algebra,math,pkps,0.15991482313700478
16,5,math:subject=intermediate_algebra,math,ens,0.06725735306184545
16,5,math:subject=intermediate_algebra,math,irt,0.3160609148298269
16,5,math:subject=number_theory,math,sample,0.052912186379928304
16,5,math:subject=number_theory,math,pkps,0.1548930715363948
16,5,math:subject=number_theory,math,ens,0.05218670269054039
16,5,math:subject=number_theory,math,irt,0.2536874661361894
16,5,math:subject=prealgebra,math,sample,0.06950175043760942
16,5,math:subject=prealgebra,math,pkps,0.14371663578406244
16,5,math:subject=prealgebra,math,ens,0.06373026011548207
16,5,math:subject=prealgebra,math,irt,0.23447673070246766
16,5,math:subject=precalculus,math,sample,0.07878230522542917
16,5,math:subject=precalculus,math,pkps,0.15409915553057607
16,5,math:subject=precalculus,math,ens,0.07413008338117374
16,5,math:subject=precalculus,math,irt,0.34694402882055825
16,5,med_qa,med_qa,sample,0.08611111111111111
16,5,med_qa,med_qa,pkps,0.10184403222991836
16,5,med_qa,med_qa,ens,0.06685483895498583
16,5,med_qa,med_qa,irt,0.5132115501448484
16,5,wmt_14:language_pair=cs-en,wmt_14,sample,0.027918914903917548
16,5,wmt_14:language_pair=cs-en,wmt_14,pkps,0.0387577471369855
16,5,wmt_14:language_pair=cs-en,wmt_14,ens,0.0226746970490407
16,5,wmt_14:language_pair=de-en,wmt_14,sample,0.03252169739616532
16,5,wmt_14:language_pair=de-en,wmt_14,pkps,0.03126307428949676
16,5,wmt_14:language_pair=de-en,wmt_14,ens,0.02934929421914063
16,5,wmt_14:language_pair=fr-en,wmt_14,sample,0.029227686159035274
16,5,wmt_14:language_pair=fr-en,wmt_14,pkps,0.018643982020739226
16,5,wmt_14:language_pair=fr-en,wmt_14,ens,0.02275192020359296
16,5,wmt_14:language_pair=hi-en,wmt_14,sample,0.031748328329314866
16,5,wmt_14:language_pair=hi-en,wmt_14,pkps,0.06639358542849823
16,5,wmt_14:language_pair=hi-en,wmt_14,ens,0.030577700216651
16,5,wmt_14:language_pair=ru-en,wmt_14,sample,0.03255925157845634
16,5,wmt_14:language_pair=ru-en,wmt_14,pkps,0.053837687900807694
16,5,wmt_14:language_pair=ru-en,wmt_14,ens,0.028517737679055556
16,6,legalbench:subset=abercrombie,legalbench,sample,0.08878749292586303
16,6,legalbench:subset=abercrombie,legalbench,pkps,0.131364270267499
16,6,legalbench:subset=abercrombie,legalbench,ens,0.0748637978630532
16,6,legalbench:subset=abercrombie,legalbench,irt,0.3391478840103049
16,6,legalbench:subset=corporate_lobbying,legalbench,sample,0.07670250896057348
16,6,legalbench:subset=corporate_lobbying,legalbench,pkps,0.09465335127677905
16,6,legalbench:subset=corporate_lobbying,legalbench,ens,0.06767189782993802
16,6,legalbench:subset=corporate_lobbying,legalbench,irt,0.30071662155196693
16,6,legalbench:subset=function_of_decision_section,legalbench,sample,0.0885752688172043
16,6,legalbench:subset=function_of_decision_section,legalbench,pkps,0.06948185484114527
16,6,legalbench:subset=function_of_decision_section,legalbench,ens,0.07609590350615543
16,6,legalbench:subset=function_of_decision_section,legalbench,irt,0.39490118465144874
16,6,legalbench:subset=international_citizenship_questions,legalbench,sample,0.09574372759856631
16,6,legalbench:subset=international_citizenship_questions,legalbench,pkps,0.09856146510686731
16,6,legalbench:subset=international_citizenship_questions,legalbench,ens,0.08100204202547831
16,6,legalbench:subset=international_citizenship_questions,legalbench,irt,0.4197183114739192
16,6,legalbench:subset=proa,legalbench,sample,0.056444538766270515
16,6,legalbench:subset=proa,legalbench,pkps,0.08122405029027589
16,6,legalbench:subset=proa,legalbench,ens,0.05460904440533594
16,6,legalbench:subset=proa,legalbench,irt,0.12372401398374937
16,6,math:subject=algebra,math,sample,0.0589605734767025
16,6,math:subject=algebra,math,pkps,0.16948232188699866
16,6,math:subject=algebra,math,ens,0.05609216342512305
16,6,math:subject=algebra,math,irt,0.22221462906873427
16,6,math:subject=counting_and_probability,math,sample,0.06374069478908187
16,6,math:subject=counting_and_probability,math,pkps,0.16988118635878297
16,6,math:subject=counting_and_probability,math,ens,0.06423119796508756
16,6,math:subject=counting_and_probability,math,irt,0.23844839515949626
16,6,math:subject=geometry,math,sample,0.06306593095642331
16,6,math:subject=geometry,math,pkps,0.16426867747036514
16,6,math:subject=geometry,math,ens,0.060443769423847146
16,6,math:subject=geometry,math,irt,0.3646203721181946
16,6,math:subject=intermediate_algebra,math,sample,0.06953060380479734
16,6,math:subject=intermediate_algebra,math,pkps,0.17910923857255595
16,6,math:subject=intermediate_algebra,math,ens,0.062413124892897236
16,6,math:subject=intermediate_algebra,math,irt,0.3408906683854389
16,6,math:subject=number_theory,math,sample,0.061021505376344085
16,6,math:subject=number_theory,math,pkps,0.17558235988604684
16,6,math:subject=number_theory,math,ens,0.06393669295609343
16,6,math:subject=number_theory,math,irt,0.26808333448580235
16,6,math:subject=prealgebra,math,sample,0.0664853713428357
16,6,math:subject=prealgebra,math,pkps,0.16277590156888022
16,6,math:subject=prealgebra,math,ens,0.06181045028788757
16,6,math:subject=prealgebra,math,irt,0.2246625468402892
16,6,math:subject=precalculus,math,sample,0.07880588568194678
16,6,math:subject=precalculus,math,pkps,0.16783678487093748
16,6,math:subject=precalculus,math,ens,0.07566275696266911
16,6,math:subject=precalculus,math,irt,0.39235583323821355
16,6,med_qa,med_qa,sample,0.08409498207885305
16,6,med_qa,med_qa,pkps,0.09525299017819434
16,6,med_qa,med_qa,ens,0.07352680089913304
16,6,med_qa,med_qa,irt,0.34274684770672087
16,6,wmt_14:language_pair=cs-en,wmt_14,sample,0.028100905681297025
16,6,wmt_14:language_pair=cs-en,wmt_14,pkps,0.04387578608688705
16,6,wmt_14:language_pair=cs-en,wmt_14,ens,0.02548826979518591
16,6,wmt_14:language_pair=de-en,wmt_14,sample,0.03224873772891168
16,6,wmt_14:language_pair=de-en,wmt_14,pkps,0.036535052722401706
16,6,wmt_14:language_pair=de-en,wmt_14,ens,0.029363090390568832
16,6,wmt_14:language_pair=fr-en,wmt_14,sample,0.03563045322542904
16,6,wmt_14:language_pair=fr-en,wmt_14,pkps,0.02060844664878666
16,6,wmt_14:language_pair=fr-en,wmt_14,ens,0.031175468105097245
16,6,wmt_14:language_pair=hi-en,wmt_14,sample,0.0368228321514517
16,6,wmt_14:language_pair=hi-en,wmt_14,pkps,0.07437777096379482
16,6,wmt_14:language_pair=hi-en,wmt_14,ens,0.033710248344799895
16,6,wmt_14:language_pair=ru-en,wmt_14,sample,0.03194347688752786
16,6,wmt_14:language_pair=ru-en,wmt_14,pkps,0.05801265383841204
16,6,wmt_14:language_pair=ru-en,wmt_14,ens,0.030154357425652326
16,7,legalbench:subset=abercrombie,legalbench,sample,0.07203593661573286
16,7,legalbench:subset=abercrombie,legalbench,pkps,0.1381066972389556
16,7,legalbench:subset=abercrombie,legalbench,ens,0.06377530592965065
16,7,legalbench:subset=abercrombie,legalbench,irt,0.3812430607291363
16,7,legalbench:subset=corporate_lobbying,legalbench,sample,0.07715053763440861
16,7,legalbench:subset=corporate_lobbying,legalbench,pkps,0.09300645240266264
16,7,legalbench:subset=corporate_lobbying,legalbench,ens,0.06540548441117158
16,7,legalbench:subset=corporate_lobbying,legalbench,irt,0.3720176722615876
16,7,legalbench:subset=function_of_decision_section,legalbench,sample,0.08942652329749101
16,7,legalbench:subset=function_of_decision_section,legalbench,pkps,0.07225631237008615
16,7,legalbench:subset=function_of_decision_section,legalbench,ens,0.07552449109233596
16,7,legalbench:subset=function_of_decision_section,legalbench,irt,0.36882698795752583
16,7,legalbench:subset=international_citizenship_questions,legalbench,sample,0.08884408602150537
16,7,legalbench:subset=international_citizenship_questions,legalbench,pkps,0.09255076870766465
16,7,legalbench:subset=international_citizenship_questions,legalbench,ens,0.07195087977056266
16,7,legalbench:subset=international_citizenship_questions,legalbench,irt,0.39303977197264417
16,7,legalbench:subset=proa,legalbench,sample,0.04492076966610072
16,7,legalbench:subset=proa,legalbench,pkps,0.07931368548580266
16,7,legalbench:subset=proa,legalbench,ens,0.041845911042486784
16,7,legalbench:subset=proa,legalbench,irt,0.10795910234025996
16,7,math:subject=algebra,math,sample,0.06043906810035843
16,7,math:subject=algebra,math,pkps,0.16626686955381756
16,7,math:subject=algebra,math,ens,0.057768508173299156
16,7,math:subject=algebra,math,irt,0.19106765538056814
16,7,math:subject=counting_and_probability,math,sample,0.07425213675213675
16,7,math:subject=counting_and_probability,math,pkps,0.16054864363010213
16,7,math:subject=counting_and_probability,math,ens,0.06865505064068007
16,7,math:subject=counting_and_probability,math,irt,0.31753107253760743
16,7,math:subject=geometry,math,sample,0.07116581777023202
16,7,math:subject=geometry,math,pkps,0.1494988856701438
16,7,math:subject=geometry,math,ens,0.06532586560725362
16,7,math:subject=geometry,math,irt,0.367511556073975
16,7,math:subject=intermediate_algebra,math,sample,0.06441273779983459
16,7,math:subject=intermediate_algebra,math,pkps,0.16700557172503647
16,7,math:subject=intermediate_algebra,math,ens,0.06720355772151869
16,7,math:subject=intermediate_algebra,math,irt,0.32751644220119863
16,7,math:subject=number_theory,math,sample,0.05542114695340501
16,7,math:subject=number_theory,math,pkps,0.17547110105140223
16,7,math:subject=number_theory,math,ens,0.05750509685038143
16,7,math:subject=number_theory,math,irt,0.20952182708522252
16,7,math:subject=prealgebra,math,sample,0.0750968992248062
16,7,math:subject=prealgebra,math,pkps,0.15874485153295448
16,7,math:subject=prealgebra,math,ens,0.06949914987806369
16,7,math:subject=prealgebra,math,irt,0.4524408106633114
16,7,math:subject=precalculus,math,sample,0.06485804565176381
16,7,math:subject=precalculus,math,pkps,0.16240822667088017
16,7,math:subject=precalculus,math,ens,0.06579409305202288
16,7,math:subject=precalculus,math,irt,0.39477775284989697
16,7,med_qa,med_qa,sample,0.09153225806451613
16,7,med_qa,med_qa,pkps,0.10003163263826395
16,7,med_qa,med_qa,ens,0.07756665373096332
16,7,med_qa,med_qa,irt,0.344466621551967
16,7,wmt_14:language_pair=cs-en,wmt_14,sample,0.028766757490407233
16,7,wmt_14:language_pair=cs-en,wmt_14,pkps,0.0438231399852143
16,7,wmt_14:language_pair=cs-en,wmt_14,ens,0.026095127159536928
16,7,wmt_14:language_pair=de-en,wmt_14,sample,0.032299961988401904
16,7,wmt_14:language_pair=de-en,wmt_14,pkps,0.03131077400687099
16,7,wmt_14:language_pair=de-en,wmt_14,ens,0.02845009376798278
16,7,wmt_14:language_pair=fr-en,wmt_14,sample,0.029581852463807054
16,7,wmt_14:language_pair=fr-en,wmt_14,pkps,0.020044335645474226
16,7,wmt_14:language_pair=fr-en,wmt_14,ens,0.023828842294551834
16,7,wmt_14:language_pair=hi-en,wmt_14,sample,0.030197311050451116
16,7,wmt_14:language_pair=hi-en,wmt_14,pkps,0.07331043802165753
16,7,wmt_14:language_pair=hi-en,wmt_14,ens,0.03000638188061406
16,7,wmt_14:language_pair=ru-en,wmt_14,sample,0.034401106614310895
16,7,wmt_14:language_pair=ru-en,wmt_14,pkps,0.0528288425273646
16,7,wmt_14:language_pair=ru-en,wmt_14,ens,0.03296095474730512
16,8,legalbench:subset=abercrombie,legalbench,sample,0.08316355404640635
16,8,legalbench:subset=abercrombie,legalbench,pkps,0.14085919199545605
16,8,legalbench:subset=abercrombie,legalbench,ens,0.07401519397042094
16,8,legalbench:subset=abercrombie,legalbench,irt,0.5390530222728761
16,8,legalbench:subset=corporate_lobbying,legalbench,sample,0.07643369175627239
16,8,legalbench:subset=corporate_lobbying,legalbench,pkps,0.09203927949387465
16,8,legalbench:subset=corporate_lobbying,legalbench,ens,0.06796387569307205
16,8,legalbench:subset=corporate_lobbying,legalbench,irt,0.38995569486125653
16,8,legalbench:subset=function_of_decision_section,legalbench,sample,0.0885304659498208
16,8,legalbench:subset=function_of_decision_section,legalbench,pkps,0.07002119294804161
16,8,legalbench:subset=function_of_decision_section,legalbench,ens,0.0765642413401333
16,8,legalbench:subset=function_of_decision_section,legalbench,irt,0.369335874304597
16,8,legalbench:subset=international_citizenship_questions,legalbench,sample,0.08942652329749105
16,8,legalbench:subset=international_citizenship_questions,legalbench,pkps,0.09598976718845167
16,8,legalbench:subset=international_citizenship_questions,legalbench,ens,0.07962838508789659
16,8,legalbench:subset=international_citizenship_questions,legalbench,irt,0.4107166215519669
16,8,legalbench:subset=proa,legalbench,sample,0.0490874363327674
16,8,legalbench:subset=proa,legalbench,pkps,0.0818296772649932
16,8,legalbench:subset=proa,legalbench,ens,0.04397129008519455
16,8,legalbench:subset=proa,legalbench,irt,0.1347363125128858
16,8,math:subject=algebra,math,sample,0.06321684587813622
16,8,math:subject=algebra,math,pkps,0.18411365987173636
16,8,math:subject=algebra,math,ens,0.06487200331312547
16,8,math:subject=algebra,math,irt,0.2894666215519669
16,8,math:subject=counting_and_probability,math,sample,0.053315412186379925
16,8,math:subject=counting_and_probability,math,pkps,0.1748040208802222
16,8,math:subject=counting_and_probability,math,ens,0.057673614447022084
16,8,math:subject=counting_and_probability,math,irt,0.24786511699152958
16,8,math:subject=geometry,math,sample,0.07877051499717035
16,8,math:subject=geometry,math,pkps,0.16633642253447647
16,8,math:subject=geometry,math,ens,0.0770600263002284
16,8,math:subject=geometry,math,irt,0.2831714268097774
16,8,math:subject=intermediate_algebra,math,sample,0.05857113316790736
16,8,math:subject=intermediate_algebra,math,pkps,0.18778912405722162
16,8,math:subject=intermediate_algebra,math,ens,0.05597178181781588
16,8,math:subject=intermediate_algebra,math,irt,0.29721846344707076
16,8,math:subject=number_theory,math,sample,0.05707885304659498
16,8,math:subject=number_theory,math,pkps,0.18225567284015945
16,8,math:subject=number_theory,math,ens,0.057604708513119794
16,8,math:subject=number_theory,math,irt,0.21808178162441785
16,8,math:subject=prealgebra,math,sample,0.06967366841710428
16,8,math:subject=prealgebra,math,pkps,0.17572566434065973
16,8,math:subject=prealgebra,math,ens,0.06029648810970424
16,8,math:subject=prealgebra,math,irt,0.2029909818901314
16,8,math:subject=precalculus,math,sample,0.07637709866063007
16,8,math:subject=precalculus,math,pkps,0.1718875199945041
16,8,math:subject=precalculus,math,ens,0.07190118406259868
16,8,math:subject=precalculus,math,irt,0.46037691916593004
16,8,med_qa,med_qa,sample,0.07697132616487457
16,8,med_qa,med_qa,pkps,0.10598416580672483
16,8,med_qa,med_qa,ens,0.0666780785841615
16,8,med_qa,med_qa,irt,0.37568327234324134
16,8,wmt_14:language_pair=cs-en,wmt_14,sample,0.030138369457327646
16,8,wmt_14:language_pair=cs-en,wmt_14,pkps,0.042768646138023794
16,8,wmt_14:language_pair=cs-en,wmt_14,ens,0.027572261473468626
16,8,wmt_14:language_pair=de-en,wmt_14,sample,0.03026137458961239
16,8,wmt_14:language_pair=de-en,wmt_14,pkps,0.030056229705185563
16,8,wmt_14:language_pair=de-en,wmt_14,ens,0.027505350909410527
16,8,wmt_14:language_pair=fr-en,wmt_14,sample,0.03630067230616841
16,8,wmt_14:language_pair=fr-en,wmt_14,pkps,0.019292661403362995
16,8,wmt_14:language_pair=fr-en,wmt_14,ens,0.03197786693042598
16,8,wmt_14:language_pair=hi-en,wmt_14,sample,0.029914358519806394
16,8,wmt_14:language_pair=hi-en,wmt_14,pkps,0.07549086229264622
16,8,wmt_14:language_pair=hi-en,wmt_14,ens,0.028269734496581975
16,8,wmt_14:language_pair=ru-en,wmt_14,sample,0.03349315818512584
16,8,wmt_14:language_pair=ru-en,wmt_14,pkps,0.05982139510273962
16,8,wmt_14:language_pair=ru-en,wmt_14,ens,0.030541155161492056
16,9,legalbench:subset=abercrombie,legalbench,sample,0.08397000565930954
16,9,legalbench:subset=abercrombie,legalbench,pkps,0.12658939257406596
16,9,legalbench:subset=abercrombie,legalbench,ens,0.07069774894257734
16,9,legalbench:subset=abercrombie,legalbench,irt,0.4890489196034365
16,9,legalbench:subset=corporate_lobbying,legalbench,sample,0.0685931899641577
16,9,legalbench:subset=corporate_lobbying,legalbench,pkps,0.09705901073519188
16,9,legalbench:subset=corporate_lobbying,legalbench,ens,0.06287069528990977
16,9,legalbench:subset=corporate_lobbying,legalbench,irt,0.2983023199622889
16,9,legalbench:subset=function_of_decision_section,legalbench,sample,0.09444444444444444
16,9,legalbench:subset=function_of_decision_section,legalbench,pkps,0.06720245390946455
16,9,legalbench:subset=function_of_decision_section,legalbench,ens,0.07792710861551656
16,9,legalbench:subset=function_of_decision_section,legalbench,irt,0.34886306071974765
16,9,legalbench:subset=international_citizenship_questions,legalbench,sample,0.09404121863799282
16,9,legalbench:subset=international_citizenship_questions,legalbench,pkps,0.09693775430740366
16,9,legalbench:subset=international_citizenship_questions,legalbench,ens,0.07907772331323291
16,9,legalbench:subset=international_citizenship_questions,legalbench,irt,0.37150456799889287
16,9,legalbench:subset=proa,legalbench,sample,0.05041737408036217
16,9,legalbench:subset=proa,legalbench,pkps,0.07719916811192788
16,9,legalbench:subset=proa,legalbench,ens,0.04798650841325701
16,9,legalbench:subset=proa,legalbench,irt,0.12941842718717944
16,9,math:subject=algebra,math,sample,0.0721774193548387
16,9,math:subject=algebra,math,pkps,0.15898438057805314
16,9,math:subject=algebra,math,ens,0.06780035634606917
16,9,math:subject=algebra,math,irt,0.282942209831912
16,9,math:subject=counting_and_probability,math,sample,0.06541218637992831
16,9,math:subject=counting_and_probability,math,pkps,0.15133518718709268
16,9,math:subject=counting_and_probability,math,ens,0.06201732266771801
16,9,math:subject=counting_and_probability,math,irt,0.289024139474179
16,9,math:subject=geometry,math,sample,0.07919496321448782
16,9,math:subject=geometry,math,pkps,0.15215870106512056
16,9,math:subject=geometry,math,ens,0.07432069352129075
16,9,math:subject=geometry,math,irt,0.3942906097521112
16,9,math:subject=intermediate_algebra,math,sample,0.07511373035566585
16,9,math:subject=intermediate_algebra,math,pkps,0.166249363474868
16,9,math:subject=intermediate_algebra,math,ens,0.07302876604145986
16,9,math:subject=intermediate_algebra,math,irt,0.3525332890567194
16,9,math:subject=number_theory,math,sample,0.04861111111111112
16,9,math:subject=number_theory,math,pkps,0.1718807177129758
16,9,math:subject=number_theory,math,ens,0.060754627181480156
16,9,math:subject=number_theory,math,irt,0.2778083910848673
16,9,math:subject=prealgebra,math,sample,0.07233058264566142
16,9,math:subject=prealgebra,math,pkps,0.14468360831875954
16,9,math:subject=prealgebra,math,ens,0.0610470219110397
16,9,math:subject=prealgebra,math,irt,0.16829384069597222
16,9,math:subject=precalculus,math,sample,0.06881956234672704
16,9,math:subject=precalculus,math,pkps,0.1541450321325679
16,9,math:subject=precalculus,math,ens,0.06040756515299258
16,9,math:subject=precalculus,math,irt,0.4098930887521222
16,9,med_qa,med_qa,sample,0.08714157706093191
16,9,med_qa,med_qa,pkps,0.08877037581876145
16,9,med_qa,med_qa,ens,0.07076893285110428
16,9,med_qa,med_qa,irt,0.5512503910006552
16,9,wmt_14:language_pair=cs-en,wmt_14,sample,0.027450030225152574
16,9,wmt_14:language_pair=cs-en,wmt_14,pkps,0.039139512361038464
16,9,wmt_14:language_pair=cs-en,wmt_14,ens,0.024447872029551752
16,9,wmt_14:language_pair=de-en,wmt_14,sample,0.03453413309182997
16,9,wmt_14:language_pair=de-en,wmt_14,pkps,0.030454934584186785
16,9,wmt_14:language_pair=de-en,wmt_14,ens,0.02935688710570818
16,9,wmt_14:language_pair=fr-en,wmt_14,sample,0.029951442959129805
16,9,wmt_14:language_pair=fr-en,wmt_14,pkps,0.019340836294119593
16,9,wmt_14:language_pair=fr-en,wmt_14,ens,0.025039733304615668
16,9,wmt_14:language_pair=hi-en,wmt_14,sample,0.034500995159857176
16,9,wmt_14:language_pair=hi-en,wmt_14,pkps,0.06931093325115976
16,9,wmt_14:language_pair=hi-en,wmt_14,ens,0.0337259614073076
16,9,wmt_14:language_pair=ru-en,wmt_14,sample,0.03418310084354218
16,9,wmt_14:language_pair=ru-en,wmt_14,pkps,0.05093326361582499
16,9,wmt_14:language_pair=ru-en,wmt_14,ens,0.028309924005329966
16,10,legalbench:subset=abercrombie,legalbench,sample,0.0824419920769666
16,10,legalbench:subset=abercrombie,legalbench,pkps,0.12193095462076724
16,10,legalbench:subset=abercrombie,legalbench,ens,0.07097185908106943
16,10,legalbench:subset=abercrombie,legalbench,irt,0.29214209525168783
16,10,legalbench:subset=corporate_lobbying,legalbench,sample,0.07567204301075268
16,10,legalbench:subset=corporate_lobbying,legalbench,pkps,0.09144529667959854
16,10,legalbench:subset=corporate_lobbying,legalbench,ens,0.06473682001089381
16,10,legalbench:subset=corporate_lobbying,legalbench,irt,0.2510132023139653
16,10,legalbench:subset=function_of_decision_section,legalbench,sample,0.07661290322580645
16,10,legalbench:subset=function_of_decision_section,legalbench,pkps,0.06574492220739618
16,10,legalbench:subset=function_of_decision_section,legalbench,ens,0.06781780368127598
16,10,legalbench:subset=function_of_decision_section,legalbench,irt,0.3930367551652853
16,10,legalbench:subset=international_citizenship_questions,legalbench,sample,0.09278673835125448
16,10,legalbench:subset=international_citizenship_questions,legalbench,pkps,0.10379572396662522
16,10,legalbench:subset=international_citizenship_questions,legalbench,ens,0.07713096960586503
16,10,legalbench:subset=international_citizenship_questions,legalbench,irt,0.5103593700298121
16,10,legalbench:subset=proa,legalbench,sample,0.054145444255800784
16,10,legalbench:subset=proa,legalbench,pkps,0.07561358276142952
16,10,legalbench:subset=proa,legalbench,ens,0.045410731082673274
16,10,legalbench:subset=proa,legalbench,irt,0.1055756271445966
16,10,math:subject=algebra,math,sample,0.06209677419354839
16,10,math:subject=algebra,math,pkps,0.16611672553720727
16,10,math:subject=algebra,math,ens,0.0627580872826969
16,10,math:subject=algebra,math,irt,0.2750502578449504
16,10,math:subject=counting_and_probability,math,sample,0.06860008271298594
16,10,math:subject=counting_and_probability,math,pkps,0.16509321094027266
16,10,math:subject=counting_and_probability,math,ens,0.06430569360088266
16,10,math:subject=counting_and_probability,math,irt,0.2875457964007274
16,10,math:subject=geometry,math,sample,0.06868986983588
16,10,math:subject=geometry,math,pkps,0.16678757089479782
16,10,math:subject=geometry,math,ens,0.06634026432939359
16,10,math:subject=geometry,math,irt,0.449656475304036
16,10,math:subject=intermediate_algebra,math,sample,0.07252894954507857
16,10,math:subject=intermediate_algebra,math,pkps,0.18157244519990465
16,10,math:subject=intermediate_algebra,math,ens,0.07536204329320836
16,10,math:subject=intermediate_algebra,math,irt,0.3646155136565706
16,10,math:subject=number_theory,math,sample,0.05327060931899642
16,10,math:subject=number_theory,math,pkps,0.17445304619906168
16,10,math:subject=number_theory,math,ens,0.0559028124547113
16,10,math:subject=number_theory,math,irt,0.2881906964164181
16,10,math:subject=prealgebra,math,sample,0.07154913728432108
16,10,math:subject=prealgebra,math,pkps,0.16362904155510477
16,10,math:subject=prealgebra,math,ens,0.06510436067301523
16,10,math:subject=prealgebra,math,irt,0.46431339741002686
16,10,math:subject=precalculus,math,sample,0.06649688737973969
16,10,math:subject=precalculus,math,pkps,0.17126132343192582
16,10,math:subject=precalculus,math,ens,0.060225053168443114
16,10,math:subject=precalculus,math,irt,0.32812718122756424
16,10,med_qa,med_qa,sample,0.0899641577060932
16,10,med_qa,med_qa,pkps,0.09988959376288915
16,10,med_qa,med_qa,ens,0.07303252691469073
16,10,med_qa,med_qa,irt,0.4173151342914846
16,10,wmt_14:language_pair=cs-en,wmt_14,sample,0.029493172918223082
16,10,wmt_14:language_pair=cs-en,wmt_14,pkps,0.04111888827412252
16,10,wmt_14:language_pair=cs-en,wmt_14,ens,0.026622461480018053
16,10,wmt_14:language_pair=de-en,wmt_14,sample,0.03185544035046174
16,10,wmt_14:language_pair=de-en,wmt_14,pkps,0.03185298777237083
16,10,wmt_14:language_pair=de-en,wmt_14,ens,0.025163656837341404
16,10,wmt_14:language_pair=fr-en,wmt_14,sample,0.03096079132185055
16,10,wmt_14:language_pair=fr-en,wmt_14,pkps,0.020073035622621246
16,10,wmt_14:language_pair=fr-en,wmt_14,ens,0.025093725917124433
16,10,wmt_14:language_pair=hi-en,wmt_14,sample,0.03506617281081321
16,10,wmt_14:language_pair=hi-en,wmt_14,pkps,0.07259542291250083
16,10,wmt_14:language_pair=hi-en,wmt_14,ens,0.0313530870246753
16,10,wmt_14:language_pair=ru-en,wmt_14,sample,0.03356286659839264
16,10,wmt_14:language_pair=ru-en,wmt_14,pkps,0.05362465652893986
16,10,wmt_14:language_pair=ru-en,wmt_14,ens,0.03230571805347313
16,11,legalbench:subset=abercrombie,legalbench,sample,0.08172750424448218
16,11,legalbench:subset=abercrombie,legalbench,pkps,0.13311896313487076
16,11,legalbench:subset=abercrombie,legalbench,ens,0.07630381417189575
16,11,legalbench:subset=abercrombie,legalbench,irt,0.3654829873453129
16,11,legalbench:subset=corporate_lobbying,legalbench,sample,0.07437275985663083
16,11,legalbench:subset=corporate_lobbying,legalbench,pkps,0.08830318135868347
16,11,legalbench:subset=corporate_lobbying,legalbench,ens,0.06634815268208308
16,11,legalbench:subset=corporate_lobbying,legalbench,irt,0.3706936441099812
16,11,legalbench:subset=function_of_decision_section,legalbench,sample,0.07661290322580647
16,11,legalbench:subset=function_of_decision_section,legalbench,pkps,0.06908330706463649
16,11,legalbench:subset=function_of_decision_section,legalbench,ens,0.06800564023457059
16,11,legalbench:subset=function_of_decision_section,legalbench,irt,0.46408733463570273
16,11,legalbench:subset=international_citizenship_questions,legalbench,sample,0.08342293906810036
16,11,legalbench:subset=international_citizenship_questions,legalbench,pkps,0.09721581495830516
16,11,legalbench:subset=international_citizenship_questions,legalbench,ens,0.07056386700025663
16,11,legalbench:subset=international_citizenship_questions,legalbench,irt,0.3973832882186336
16,11,legalbench:subset=proa,legalbench,sample,0.052815506508205975
16,11,legalbench:subset=proa,legalbench,pkps,0.07626276269532307
16,11,legalbench:subset=proa,legalbench,ens,0.04779959696635989
16,11,legalbench:subset=proa,legalbench,irt,0.2388338796230533
16,11,math:subject=algebra,math,sample,0.06460573476702511
16,11,math:subject=algebra,math,pkps,0.15936930743675573
16,11,math:subject=algebra,math,ens,0.061816185189184754
16,11,math:subject=algebra,math,irt,0.21909787689256946
16,11,math:subject=counting_and_probability,math,sample,0.06187965260545906
16,11,math:subject=counting_and_probability,math,pkps,0.15313935114335844
16,11,math:subject=counting_and_probability,math,ens,0.05813140534369978
16,11,math:subject=counting_and_probability,math,irt,0.2622057693980448
16,11,math:subject=geometry,math,sample,0.06653225806451613
16,11,math:subject=geometry,math,pkps,0.15846005668406402
16,11,math:subject=geometry,math,ens,0.06620436139082239
16,11,math:subject=geometry,math,irt,0.35877958143444966
16,11,math:subject=intermediate_algebra,math,sample,0.07040942928039702
16,11,math:subject=intermediate_algebra,math,pkps,0.17138983119073067
16,11,math:subject=intermediate_algebra,math,ens,0.0675621396363486
16,11,math:subject=intermediate_algebra,math,irt,0.34966445741765045
16,11,math:subject=number_theory,math,sample,0.05649641577060931
16,11,math:subject=number_theory,math,pkps,0.1630371708686218
16,11,math:subject=number_theory,math,ens,0.05303288248756695
16,11,math:subject=number_theory,math,irt,0.25728567757876025
16,11,math:subject=prealgebra,math,sample,0.06204676169042261
16,11,math:subject=prealgebra,math,pkps,0.15286878382530447
16,11,math:subject=prealgebra,math,ens,0.05952928596296095
16,11,math:subject=prealgebra,math,irt,0.15898535822823331
16,11,math:subject=precalculus,math,sample,0.06911431805319752
16,11,math:subject=precalculus,math,pkps,0.16010777732730272
16,11,math:subject=precalculus,math,ens,0.06490324896202902
16,11,math:subject=precalculus,math,irt,0.4701234816486443
16,11,med_qa,med_qa,sample,0.08521505376344085
16,11,med_qa,med_qa,pkps,0.09744198205556064
16,11,med_qa,med_qa,ens,0.07355110204174226
16,11,med_qa,med_qa,irt,0.38883197185609025
16,11,wmt_14:language_pair=cs-en,wmt_14,sample,0.031414407713106544
16,11,wmt_14:language_pair=cs-en,wmt_14,pkps,0.04154936069909984
16,11,wmt_14:language_pair=cs-en,wmt_14,ens,0.029189221141883333
16,11,wmt_14:language_pair=de-en,wmt_14,sample,0.031502554561480794
16,11,wmt_14:language_pair=de-en,wmt_14,pkps,0.032453943792532185
16,11,wmt_14:language_pair=de-en,wmt_14,ens,0.027974787334717914
16,11,wmt_14:language_pair=fr-en,wmt_14,sample,0.029264941318816816
16,11,wmt_14:language_pair=fr-en,wmt_14,pkps,0.02052293651919874
16,11,wmt_14:language_pair=fr-en,wmt_14,ens,0.024831420961838855
16,11,wmt_14:language_pair=hi-en,wmt_14,sample,0.03101824062653786
16,11,wmt_14:language_pair=hi-en,wmt_14,pkps,0.07398352968583741
16,11,wmt_14:language_pair=hi-en,wmt_14,ens,0.03020662014676596
16,11,wmt_14:language_pair=ru-en,wmt_14,sample,0.03337109517430967
16,11,wmt_14:language_pair=ru-en,wmt_14,pkps,0.05473613298720818
16,11,wmt_14:language_pair=ru-en,wmt_14,ens,0.028628561527691408
32,0,legalbench:subset=abercrombie,legalbench,sample,0.04836941143180533
32,0,legalbench:subset=abercrombie,legalbench,pkps,0.12619310802351846
32,0,legalbench:subset=abercrombie,legalbench,ens,0.0477381083037111
32,0,legalbench:subset=abercrombie,legalbench,irt,0.38911605359611035
32,0,legalbench:subset=corporate_lobbying,legalbench,sample,0.05378584229390681
32,0,legalbench:subset=corporate_lobbying,legalbench,pkps,0.08677296988518665
32,0,legalbench:subset=corporate_lobbying,legalbench,ens,0.052628043455778574
32,0,legalbench:subset=corporate_lobbying,legalbench,irt,0.5104770457427923
32,0,legalbench:subset=function_of_decision_section,legalbench,sample,0.05293458781362007
32,0,legalbench:subset=function_of_decision_section,legalbench,pkps,0.06867719932526554
32,0,legalbench:subset=function_of_decision_section,legalbench,ens,0.05053102363746868
32,0,legalbench:subset=function_of_decision_section,legalbench,irt,0.39078421142315645
32,0,legalbench:subset=international_citizenship_questions,legalbench,sample,0.06220878136200716
32,0,legalbench:subset=international_citizenship_questions,legalbench,pkps,0.09354630679549598
32,0,legalbench:subset=international_citizenship_questions,legalbench,ens,0.05958451492812945
32,0,legalbench:subset=international_citizenship_questions,legalbench,irt,0.37489371240686065
32,0,legalbench:subset=proa,legalbench,sample,0.026941850594227507
32,0,legalbench:subset=proa,legalbench,pkps,0.08061481107956248
32,0,legalbench:subset=proa,legalbench,ens,0.025761024711611173
32,0,legalbench:subset=proa,legalbench,irt,0.14988006515368085
32,0,math:subject=algebra,math,sample,0.04354838709677418
32,0,math:subject=algebra,math,pkps,0.15554974468109878
32,0,math:subject=algebra,math,ens,0.04369367526107078
32,0,math:subject=algebra,math,irt,0.2841929764743195
32,0,math:subject=counting_and_probability,math,sample,0.0234094982078853
32,0,math:subject=counting_and_probability,math,pkps,0.1471360667819584
32,0,math:subject=counting_and_probability,math,ens,0.02336124362188103
32,0,math:subject=counting_and_probability,math,irt,0.1081560441481417
32,0,math:subject=geometry,math,sample,0.02267260894170911
32,0,math:subject=geometry,math,pkps,0.15008618463693862
32,0,math:subject=geometry,math,ens,0.021919199110628132
32,0,math:subject=geometry,math,irt,0.14511706886202755
32,0,math:subject=intermediate_algebra,math,sample,0.03892679900744417
32,0,math:subject=intermediate_algebra,math,pkps,0.1631057260718507
32,0,math:subject=intermediate_algebra,math,ens,0.04022236255913807
32,0,math:subject=intermediate_algebra,math,irt,0.31955564825602367
32,0,math:subject=number_theory,math,sample,0.0
32,0,math:subject=number_theory,math,pkps,0.1620146202492899
32,0,math:subject=number_theory,math,ens,0.008100731012464479
32,0,math:subject=number_theory,math,irt,0.0009778343823023338
32,0,math:subject=prealgebra,math,sample,0.040900850212553144
32,0,math:subject=prealgebra,math,pkps,0.14610351061591145
32,0,math:subject=prealgebra,math,ens,0.0389019719173173
32,0,math:subject=prealgebra,math,irt,0.21291094927018187
32,0,math:subject=precalculus,math,sample,0.042774948122995655
32,0,math:subject=precalculus,math,pkps,0.16254532387719112
32,0,math:subject=precalculus,math,ens,0.04163235288122788
32,0,math:subject=precalculus,math,irt,0.2708087694984534
32,0,med_qa,med_qa,sample,0.05044802867383511
32,0,med_qa,med_qa,pkps,0.09138381983962696
32,0,med_qa,med_qa,ens,0.04826320241718098
32,0,med_qa,med_qa,irt,0.42029681871315583
32,0,wmt_14:language_pair=cs-en,wmt_14,sample,0.021869530840326588
32,0,wmt_14:language_pair=cs-en,wmt_14,pkps,0.04306510145078828
32,0,wmt_14:language_pair=cs-en,wmt_14,ens,0.02143379599083069
32,0,wmt_14:language_pair=de-en,wmt_14,sample,0.017640969903534514
32,0,wmt_14:language_pair=de-en,wmt_14,pkps,0.031084603372376125
32,0,wmt_14:language_pair=de-en,wmt_14,ens,0.017062621534450595
32,0,wmt_14:language_pair=fr-en,wmt_14,sample,0.019218349398788182
32,0,wmt_14:language_pair=fr-en,wmt_14,pkps,0.019662919978333138
32,0,wmt_14:language_pair=fr-en,wmt_14,ens,0.01859205622079438
32,0,wmt_14:language_pair=hi-en,wmt_14,sample,0.020584591503659284
32,0,wmt_14:language_pair=hi-en,wmt_14,pkps,0.0718506336262295
32,0,wmt_14:language_pair=hi-en,wmt_14,ens,0.020722465904773023
32,0,wmt_14:language_pair=ru-en,wmt_14,sample,0.023391610587657624
32,0,wmt_14:language_pair=ru-en,wmt_14,pkps,0.05581718446641579
32,0,wmt_14:language_pair=ru-en,wmt_14,ens,0.02222195618238322
32,1,legalbench:subset=abercrombie,legalbench,sample,0.04691567628749293
32,1,legalbench:subset=abercrombie,legalbench,pkps,0.12914699356554699
32,1,legalbench:subset=abercrombie,legalbench,ens,0.0469826157247263
32,1,legalbench:subset=abercrombie,legalbench,irt,0.3280315960406744
32,1,legalbench:subset=corporate_lobbying,legalbench,sample,0.04744623655913978
32,1,legalbench:subset=corporate_lobbying,legalbench,pkps,0.08647772545855267
32,1,legalbench:subset=corporate_lobbying,legalbench,ens,0.04684930040485721
32,1,legalbench:subset=corporate_lobbying,legalbench,irt,0.28553643509629884
32,1,legalbench:subset=function_of_decision_section,legalbench,sample,0.06787634408602151
32,1,legalbench:subset=function_of_decision_section,legalbench,pkps,0.06839422254802505
32,1,legalbench:subset=function_of_decision_section,legalbench,ens,0.06450876647459348
32,1,legalbench:subset=function_of_decision_section,legalbench,irt,0.5284226959708097
32,1,legalbench:subset=international_citizenship_questions,legalbench,sample,0.05797491039426523
32,1,legalbench:subset=international_citizenship_questions,legalbench,pkps,0.0960870173565871
32,1,legalbench:subset=international_citizenship_questions,legalbench,ens,0.05565703068516412
32,1,legalbench:subset=international_citizenship_questions,legalbench,irt,0.41651295425325613
32,1,legalbench:subset=proa,legalbench,sample,0.030118138087153364
32,1,legalbench:subset=proa,legalbench,pkps,0.07953731800107748
32,1,legalbench:subset=proa,legalbench,ens,0.029756729070849464
32,1,legalbench:subset=proa,legalbench,irt,0.10856033252112302
32,1,math:subject=algebra,math,sample,0.03886648745519712
32,1,math:subject=algebra,math,pkps,0.15727663204628925
32,1,math:subject=algebra,math,ens,0.0373007388753542
32,1,math:subject=algebra,math,irt,0.2609486020926857
32,1,math:subject=counting_and_probability,math,sample,0.024003997794320373
32,1,math:subject=counting_and_probability,math,pkps,0.15589816431888504
32,1,math:subject=counting_and_probability,math,ens,0.02446439076338341
32,1,math:subject=counting_and_probability,math,irt,0.11238530481969952
32,1,math:subject=geometry,math,sample,0.027111629881154505
32,1,math:subject=geometry,math,pkps,0.1596613897644885
32,1,math:subject=geometry,math,ens,0.02794277055910126
32,1,math:subject=geometry,math,irt,0.10644025877099292
32,1,math:subject=intermediate_algebra,math,sample,0.03417080231596361
32,1,math:subject=intermediate_algebra,math,pkps,0.17991244911340448
32,1,math:subject=intermediate_algebra,math,ens,0.03419187024605765
32,1,math:subject=intermediate_algebra,math,irt,0.21007524550225012
32,1,math:subject=number_theory,math,sample,0.0
32,1,math:subject=number_theory,math,pkps,0.1677191001305373
32,1,math:subject=number_theory,math,ens,0.008385955006526852
32,1,math:subject=number_theory,math,irt,0.0009778343823023338
32,1,math:subject=prealgebra,math,sample,0.0368373343335834
32,1,math:subject=prealgebra,math,pkps,0.15617766063475488
32,1,math:subject=prealgebra,math,ens,0.036417561909538626
32,1,math:subject=prealgebra,math,irt,0.23965277977547375
32,1,math:subject=precalculus,math,sample,0.03990402754197321
32,1,math:subject=precalculus,math,pkps,0.16971150780826819
32,1,math:subject=precalculus,math,ens,0.03770615814848463
32,1,math:subject=precalculus,math,irt,0.23687434057848517
32,1,med_qa,med_qa,sample,0.0557347670250896
32,1,med_qa,med_qa,pkps,0.09759152621543322
32,1,med_qa,med_qa,ens,0.053736621976062125
32,1,med_qa,med_qa,irt,0.4304959592550808
32,1,wmt_14:language_pair=cs-en,wmt_14,sample,0.01980595947481308
32,1,wmt_14:language_pair=cs-en,wmt_14,pkps,0.040181198577238855
32,1,wmt_14:language_pair=cs-en,wmt_14,ens,0.019109749987616564
32,1,wmt_14:language_pair=de-en,wmt_14,sample,0.023422559045519646
32,1,wmt_14:language_pair=de-en,wmt_14,pkps,0.031547430288079575
32,1,wmt_14:language_pair=de-en,wmt_14,ens,0.022294459729332337
32,1,wmt_14:language_pair=fr-en,wmt_14,sample,0.022186559708293113
32,1,wmt_14:language_pair=fr-en,wmt_14,pkps,0.01916329803592619
32,1,wmt_14:language_pair=fr-en,wmt_14,ens,0.0209258222287698
32,1,wmt_14:language_pair=hi-en,wmt_14,sample,0.020330346737085746
32,1,wmt_14:language_pair=hi-en,wmt_14,pkps,0.06987848062930536
32,1,wmt_14:language_pair=hi-en,wmt_14,ens,0.019602552939166004
32,1,wmt_14:language_pair=ru-en,wmt_14,sample,0.023327520332200296
32,1,wmt_14:language_pair=ru-en,wmt_14,pkps,0.05254180580034176
32,1,wmt_14:language_pair=ru-en,wmt_14,ens,0.022406810347992818
32,2,legalbench:subset=abercrombie,legalbench,sample,0.04712436332767402
32,2,legalbench:subset=abercrombie,legalbench,pkps,0.13096100264655322
32,2,legalbench:subset=abercrombie,legalbench,ens,0.04654504587279842
32,2,legalbench:subset=abercrombie,legalbench,irt,0.3491903289417036
32,2,legalbench:subset=corporate_lobbying,legalbench,sample,0.050627240143369175
32,2,legalbench:subset=corporate_lobbying,legalbench,pkps,0.08443781628847111
32,2,legalbench:subset=corporate_lobbying,legalbench,ens,0.04940033180154465
32,2,legalbench:subset=corporate_lobbying,legalbench,irt,0.2400569842307118
32,2,legalbench:subset=function_of_decision_section,legalbench,sample,0.05681003584229392
32,2,legalbench:subset=function_of_decision_section,legalbench,pkps,0.06955072852024628
32,2,legalbench:subset=function_of_decision_section,legalbench,ens,0.05356120082438207
32,2,legalbench:subset=function_of_decision_section,legalbench,irt,0.38377545289993076
32,2,legalbench:subset=international_citizenship_questions,legalbench,sample,0.06594982078853047
32,2,legalbench:subset=international_citizenship_questions,legalbench,pkps,0.09044920364742652
32,2,legalbench:subset=international_citizenship_questions,legalbench,ens,0.06314345092867493
32,2,legalbench:subset=international_citizenship_questions,legalbench,irt,0.4838589676778451
32,2,legalbench:subset=proa,legalbench,sample,0.03436969439728354
32,2,legalbench:subset=proa,legalbench,pkps,0.07793538719320321
32,2,legalbench:subset=proa,legalbench,ens,0.03345567985582034
32,2,legalbench:subset=proa,legalbench,irt,0.1437657816818156
32,2,math:subject=algebra,math,sample,0.0435483870967742
32,2,math:subject=algebra,math,pkps,0.16285107861752904
32,2,math:subject=algebra,math,ens,0.04054944522208507
32,2,math:subject=algebra,math,irt,0.22675974436621413
32,2,math:subject=counting_and_probability,math,sample,0.0253050041356493
32,2,math:subject=counting_and_probability,math,pkps,0.15545656253711798
32,2,math:subject=counting_and_probability,math,ens,0.02653392533902256
32,2,math:subject=counting_and_probability,math,irt,0.14462909056933057
32,2,math:subject=geometry,math,sample,0.027076259196378037
32,2,math:subject=geometry,math,pkps,0.15044956598511322
32,2,math:subject=geometry,math,ens,0.027742749651742938
32,2,math:subject=geometry,math,irt,0.14624251881036351
32,2,math:subject=intermediate_algebra,math,sample,0.03959884201819685
32,2,math:subject=intermediate_algebra,math,pkps,0.17066433491964322
32,2,math:subject=intermediate_algebra,math,ens,0.04164188627759651
32,2,math:subject=intermediate_algebra,math,irt,0.20842155653748184
32,2,math:subject=number_theory,math,sample,0.0
32,2,math:subject=number_theory,math,pkps,0.16105307276622055
32,2,math:subject=number_theory,math,ens,0.00805265363831102
32,2,math:subject=number_theory,math,irt,0.0009778343823023338
32,2,math:subject=prealgebra,math,sample,0.04396411602900725
32,2,math:subject=prealgebra,math,pkps,0.15039351843894172
32,2,math:subject=prealgebra,math,ens,0.04227863872377277
32,2,math:subject=prealgebra,math,irt,0.21939294602571874
32,2,math:subject=precalculus,math,sample,0.03725122618373892
32,2,math:subject=precalculus,math,pkps,0.1632140931891462
32,2,math:subject=precalculus,math,ens,0.03562786080958756
32,2,math:subject=precalculus,math,irt,0.24421120005587463
32,2,med_qa,med_qa,sample,0.05221774193548386
32,2,med_qa,med_qa,pkps,0.09624999412796922
32,2,med_qa,med_qa,ens,0.049430261836172586
32,2,med_qa,med_qa,irt,0.42346706286470515
32,2,wmt_14:language_pair=cs-en,wmt_14,sample,0.01721421112317622
32,2,wmt_14:language_pair=cs-en,wmt_14,pkps,0.04075453486087052
32,2,wmt_14:language_pair=cs-en,wmt_14,ens,0.016508357673225546
32,2,wmt_14:language_pair=de-en,wmt_14,sample,0.021124230335477605
32,2,wmt_14:language_pair=de-en,wmt_14,pkps,0.03107687174217395
32,2,wmt_14:language_pair=de-en,wmt_14,ens,0.020747913834590605
32,2,wmt_14:language_pair=fr-en,wmt_14,sample,0.021031961044969925
32,2,wmt_14:language_pair=fr-en,wmt_14,pkps,0.017911878701430347
32,2,wmt_14:language_pair=fr-en,wmt_14,ens,0.019867106090245844
32,2,wmt_14:language_pair=hi-en,wmt_14,sample,0.021800677359628807
32,2,wmt_14:language_pair=hi-en,wmt_14,pkps,0.06975478303505778
32,2,wmt_14:language_pair=hi-en,wmt_14,ens,0.02105210032606823
32,2,wmt_14:language_pair=ru-en,wmt_14,sample,0.01947911257623914
32,2,wmt_14:language_pair=ru-en,wmt_14,pkps,0.054254030238393716
32,2,wmt_14:language_pair=ru-en,wmt_14,ens,0.018734261305874612
32,3,legalbench:subset=abercrombie,legalbench,sample,0.05564162422184494
32,3,legalbench:subset=abercrombie,legalbench,pkps,0.1352913617485963
32,3,legalbench:subset=abercrombie,legalbench,ens,0.05303525293186702
32,3,legalbench:subset=abercrombie,legalbench,irt,0.5323712306354519
32,3,legalbench:subset=corporate_lobbying,legalbench,sample,0.044422043010752685
32,3,legalbench:subset=corporate_lobbying,legalbench,pkps,0.08699728719697548
32,3,legalbench:subset=corporate_lobbying,legalbench,ens,0.04104506142634544
32,3,legalbench:subset=corporate_lobbying,legalbench,irt,0.24688699335755276
32,3,legalbench:subset=function_of_decision_section,legalbench,sample,0.05096326164874552
32,3,legalbench:subset=function_of_decision_section,legalbench,pkps,0.06849090960939358
32,3,legalbench:subset=function_of_decision_section,legalbench,ens,0.04899053143159419
32,3,legalbench:subset=function_of_decision_section,legalbench,irt,0.39838273818687275
32,3,legalbench:subset=international_citizenship_questions,legalbench,sample,0.04858870967741935
32,3,legalbench:subset=international_citizenship_questions,legalbench,pkps,0.09041882189690954
32,3,legalbench:subset=international_citizenship_questions,legalbench,ens,0.04637735521347399
32,3,legalbench:subset=international_citizenship_questions,legalbench,irt,0.4161535050073235
32,3,legalbench:subset=proa,legalbench,sample,0.03262238256932654
32,3,legalbench:subset=proa,legalbench,pkps,0.07825154762921038
32,3,legalbench:subset=proa,legalbench,ens,0.032400313054482814
32,3,legalbench:subset=proa,legalbench,irt,0.15034184221735375
32,3,math:subject=algebra,math,sample,0.041801075268817205
32,3,math:subject=algebra,math,pkps,0.14950686931846052
32,3,math:subject=algebra,math,ens,0.04100920672030551
32,3,math:subject=algebra,math,irt,0.26640231092437383
32,3,math:subject=counting_and_probability,math,sample,0.02317686793493245
32,3,math:subject=counting_and_probability,math,pkps,0.14899773025359317
32,3,math:subject=counting_and_probability,math,ens,0.023493875516338036
32,3,math:subject=counting_and_probability,math,irt,0.15605252867698416
32,3,math:subject=geometry,math,sample,0.027801358234295415
32,3,math:subject=geometry,math,pkps,0.14804711603517628
32,3,math:subject=geometry,math,ens,0.027509289665585766
32,3,math:subject=geometry,math,irt,0.10551955824444836
32,3,math:subject=intermediate_algebra,math,sample,0.039262820512820505
32,3,math:subject=intermediate_algebra,math,pkps,0.16731671135869236
32,3,math:subject=intermediate_algebra,math,ens,0.03902994172486034
32,3,math:subject=intermediate_algebra,math,irt,0.20195517352371398
32,3,math:subject=number_theory,math,sample,0.0
32,3,math:subject=number_theory,math,pkps,0.1589002381842463
32,3,math:subject=number_theory,math,ens,0.007945011909212304
32,3,math:subject=number_theory,math,irt,0.0009778343823023338
32,3,math:subject=prealgebra,math,sample,0.04696486621655413
32,3,math:subject=prealgebra,math,pkps,0.14718210076359348
32,3,math:subject=prealgebra,math,ens,0.04603632713261041
32,3,math:subject=prealgebra,math,irt,0.1787600228122586
32,3,math:subject=precalculus,math,sample,0.04177867383512544
32,3,math:subject=precalculus,math,pkps,0.15947664925329663
32,3,math:subject=precalculus,math,ens,0.042328388453223176
32,3,math:subject=precalculus,math,irt,0.24067679316158588
32,3,med_qa,med_qa,sample,0.054547491039426514
32,3,med_qa,med_qa,pkps,0.09487132843676813
32,3,med_qa,med_qa,ens,0.05116274851175087
32,3,med_qa,med_qa,irt,0.3604120467410969
32,3,wmt_14:language_pair=cs-en,wmt_14,sample,0.019930303512795424
32,3,wmt_14:language_pair=cs-en,wmt_14,pkps,0.042796693457893484
32,3,wmt_14:language_pair=cs-en,wmt_14,ens,0.019349210209822807
32,3,wmt_14:language_pair=de-en,wmt_14,sample,0.021041072132443665
32,3,wmt_14:language_pair=de-en,wmt_14,pkps,0.031772648499568935
32,3,wmt_14:language_pair=de-en,wmt_14,ens,0.02034430770537182
32,3,wmt_14:language_pair=fr-en,wmt_14,sample,0.019684603731715104
32,3,wmt_14:language_pair=fr-en,wmt_14,pkps,0.019655112140187052
32,3,wmt_14:language_pair=fr-en,wmt_14,ens,0.01867184769982787
32,3,wmt_14:language_pair=hi-en,wmt_14,sample,0.02256667861727451
32,3,wmt_14:language_pair=hi-en,wmt_14,pkps,0.07221948834854283
32,3,wmt_14:language_pair=hi-en,wmt_14,ens,0.021169496997882054
32,3,wmt_14:language_pair=ru-en,wmt_14,sample,0.019248603795106647
32,3,wmt_14:language_pair=ru-en,wmt_14,pkps,0.055032309824723104
32,3,wmt_14:language_pair=ru-en,wmt_14,ens,0.01912244467870699
32,4,legalbench:subset=abercrombie,legalbench,sample,0.05123089983022072
32,4,legalbench:subset=abercrombie,legalbench,pkps,0.127812453354205
32,4,legalbench:subset=abercrombie,legalbench,ens,0.050463195128349694
32,4,legalbench:subset=abercrombie,legalbench,irt,0.3694102118528231
32,4,legalbench:subset=corporate_lobbying,legalbench,sample,0.051948924731182816
32,4,legalbench:subset=corporate_lobbying,legalbench,pkps,0.09365551104048042
32,4,legalbench:subset=corporate_lobbying,legalbench,ens,0.05038239980512133
32,4,legalbench:subset=corporate_lobbying,legalbench,irt,0.4995595851122306
32,4,legalbench:subset=function_of_decision_section,legalbench,sample,0.054323476702508956
32,4,legalbench:subset=function_of_decision_section,legalbench,pkps,0.06898832571549773
32,4,legalbench:subset=function_of_decision_section,legalbench,ens,0.05204675087719952
32,4,legalbench:subset=function_of_decision_section,legalbench,irt,0.5427891237539153
32,4,legalbench:subset=international_citizenship_questions,legalbench,sample,0.05757168458781362
32,4,legalbench:subset=international_citizenship_questions,legalbench,pkps,0.09631010160864589
32,4,legalbench:subset=international_citizenship_questions,legalbench,ens,0.05580867817130728
32,4,legalbench:subset=international_citizenship_questions,legalbench,irt,0.3918192668378503
32,4,legalbench:subset=proa,legalbench,sample,0.03221208262591964
32,4,legalbench:subset=proa,legalbench,pkps,0.07903550391739639
32,4,legalbench:subset=proa,legalbench,ens,0.030763859008400223
32,4,legalbench:subset=proa,legalbench,irt,0.5271990963723042
32,4,math:subject=algebra,math,sample,0.04009856630824372
32,4,math:subject=algebra,math,pkps,0.16105883023416034
32,4,math:subject=algebra,math,ens,0.038599266124364526
32,4,math:subject=algebra,math,irt,0.25848631457329113
32,4,math:subject=counting_and_probability,math,sample,0.02475358422939068
32,4,math:subject=counting_and_probability,math,pkps,0.1553563115097784
32,4,math:subject=counting_and_probability,math,ens,0.02553831119664383
32,4,math:subject=counting_and_probability,math,irt,0.10765306385481616
32,4,math:subject=geometry,math,sample,0.025732173174872666
32,4,math:subject=geometry,math,pkps,0.15939106367364825
32,4,math:subject=geometry,math,ens,0.027521345258439488
32,4,math:subject=geometry,math,irt,0.08034036147208512
32,4,math:subject=intermediate_algebra,math,sample,0.040141645988420176
32,4,math:subject=intermediate_algebra,math,pkps,0.17862512272215736
32,4,math:subject=intermediate_algebra,math,ens,0.04038636648437837
32,4,math:subject=intermediate_algebra,math,irt,0.3245986892630115
32,4,math:subject=number_theory,math,sample,0.0
32,4,math:subject=number_theory,math,pkps,0.15801423873957357
32,4,math:subject=number_theory,math,ens,0.007900711936978664
32,4,math:subject=number_theory,math,irt,0.0009778343823023338
32,4,math:subject=prealgebra,math,sample,0.04008033258314578
32,4,math:subject=prealgebra,math,pkps,0.1569342616564317
32,4,math:subject=prealgebra,math,ens,0.03840335409606243
32,4,math:subject=prealgebra,math,irt,0.2094918412045133
32,4,math:subject=precalculus,math,sample,0.04037563667232598
32,4,math:subject=precalculus,math,pkps,0.15944233307490363
32,4,math:subject=precalculus,math,ens,0.04039158547274887
32,4,math:subject=precalculus,math,irt,0.24816984466690775
32,4,med_qa,med_qa,sample,0.061133512544802884
32,4,med_qa,med_qa,pkps,0.0909677115326116
32,4,med_qa,med_qa,ens,0.05714444573185044
32,4,med_qa,med_qa,irt,0.4499770344190881
32,4,wmt_14:language_pair=cs-en,wmt_14,sample,0.019500147875697555
32,4,wmt_14:language_pair=cs-en,wmt_14,pkps,0.04050414401626745
32,4,wmt_14:language_pair=cs-en,wmt_14,ens,0.01843525250542199
32,4,wmt_14:language_pair=de-en,wmt_14,sample,0.021528417211413343
32,4,wmt_14:language_pair=de-en,wmt_14,pkps,0.03017321337375462
32,4,wmt_14:language_pair=de-en,wmt_14,ens,0.020492591451293188
32,4,wmt_14:language_pair=fr-en,wmt_14,sample,0.017476416272468383
32,4,wmt_14:language_pair=fr-en,wmt_14,pkps,0.017606452887750458
32,4,wmt_14:language_pair=fr-en,wmt_14,ens,0.016879043647637038
32,4,wmt_14:language_pair=hi-en,wmt_14,sample,0.019755205368779276
32,4,wmt_14:language_pair=hi-en,wmt_14,pkps,0.07138476749411081
32,4,wmt_14:language_pair=hi-en,wmt_14,ens,0.019366821792068126
32,4,wmt_14:language_pair=ru-en,wmt_14,sample,0.02273242149982853
32,4,wmt_14:language_pair=ru-en,wmt_14,pkps,0.05103167008528177
32,4,wmt_14:language_pair=ru-en,wmt_14,ens,0.022877942060716708
32,5,legalbench:subset=abercrombie,legalbench,sample,0.057028155065082055
32,5,legalbench:subset=abercrombie,legalbench,pkps,0.1215350675589699
32,5,legalbench:subset=abercrombie,legalbench,ens,0.05509053750024083
32,5,legalbench:subset=abercrombie,legalbench,irt,0.3430543907530167
32,5,legalbench:subset=corporate_lobbying,legalbench,sample,0.05008960573476704
32,5,legalbench:subset=corporate_lobbying,legalbench,pkps,0.0789284415095651
32,5,legalbench:subset=corporate_lobbying,legalbench,ens,0.049454654501533746
32,5,legalbench:subset=corporate_lobbying,legalbench,irt,0.24148406242403847
32,5,legalbench:subset=function_of_decision_section,legalbench,sample,0.05866935483870968
32,5,legalbench:subset=function_of_decision_section,legalbench,pkps,0.06883388382567042
32,5,legalbench:subset=function_of_decision_section,legalbench,ens,0.0566578936753475
32,5,legalbench:subset=function_of_decision_section,legalbench,irt,0.35466772222622095
32,5,legalbench:subset=international_citizenship_questions,legalbench,sample,0.05898297491039427
32,5,legalbench:subset=international_citizenship_questions,legalbench,pkps,0.0890549844896742
32,5,legalbench:subset=international_citizenship_questions,legalbench,ens,0.055886869740541564
32,5,legalbench:subset=international_citizenship_questions,legalbench,irt,0.4005719165853318
32,5,legalbench:subset=proa,legalbench,sample,0.036580362195812115
32,5,legalbench:subset=proa,legalbench,pkps,0.0777459367418742
32,5,legalbench:subset=proa,legalbench,ens,0.0355151226739958
32,5,legalbench:subset=proa,legalbench,irt,0.13884246618353377
32,5,math:subject=algebra,math,sample,0.04661738351254481
32,5,math:subject=algebra,math,pkps,0.1489725802411704
32,5,math:subject=algebra,math,ens,0.04444100309812112
32,5,math:subject=algebra,math,irt,0.23797746254481797
32,5,math:subject=counting_and_probability,math,sample,0.023969534050179216
32,5,math:subject=counting_and_probability,math,pkps,0.1501406428943051
32,5,math:subject=counting_and_probability,math,ens,0.024703314721995467
32,5,math:subject=counting_and_probability,math,irt,0.12067917014943376
32,5,math:subject=geometry,math,sample,0.02320316921335597
32,5,math:subject=geometry,math,pkps,0.1481785328463612
32,5,math:subject=geometry,math,ens,0.022812308128744418
32,5,math:subject=geometry,math,irt,0.11098433433415907
32,5,math:subject=intermediate_algebra,math,sample,0.03140508684863524
32,5,math:subject=intermediate_algebra,math,pkps,0.17187734279938865
32,5,math:subject=intermediate_algebra,math,ens,0.030788856689915864
32,5,math:subject=intermediate_algebra,math,irt,0.17698331995930097
32,5,math:subject=number_theory,math,sample,0.0
32,5,math:subject=number_theory,math,pkps,0.16674443265613603
32,5,math:subject=number_theory,math,ens,0.00833722163280679
32,5,math:subject=number_theory,math,irt,0.0009778343823023338
32,5,math:subject=prealgebra,math,sample,0.04238559639909978
32,5,math:subject=prealgebra,math,pkps,0.1431715585196572
32,5,math:subject=prealgebra,math,ens,0.03983318729066667
32,5,math:subject=prealgebra,math,irt,0.19730808837277025
32,5,math:subject=precalculus,math,sample,0.03525867760799849
32,5,math:subject=precalculus,math,pkps,0.16268959345635975
32,5,math:subject=precalculus,math,ens,0.03366694036484392
32,5,math:subject=precalculus,math,irt,0.29901475424424806
32,5,med_qa,med_qa,sample,0.053763440860215055
32,5,med_qa,med_qa,pkps,0.0881226741846666
32,5,med_qa,med_qa,ens,0.05106963718954215
32,5,med_qa,med_qa,irt,0.34126498458015125
32,5,wmt_14:language_pair=cs-en,wmt_14,sample,0.019235094016068467
32,5,wmt_14:language_pair=cs-en,wmt_14,pkps,0.037270493872022706
32,5,wmt_14:language_pair=cs-en,wmt_14,ens,0.018445206892713693
32,5,wmt_14:language_pair=de-en,wmt_14,sample,0.021614033224470194
32,5,wmt_14:language_pair=de-en,wmt_14,pkps,0.03388515144212822
32,5,wmt_14:language_pair=de-en,wmt_14,ens,0.020997583573205306
32,5,wmt_14:language_pair=fr-en,wmt_14,sample,0.023796391587669215
32,5,wmt_14:language_pair=fr-en,wmt_14,pkps,0.019918181370005745
32,5,wmt_14:language_pair=fr-en,wmt_14,ens,0.022384990810444923
32,5,wmt_14:language_pair=hi-en,wmt_14,sample,0.019454215608551692
32,5,wmt_14:language_pair=hi-en,wmt_14,pkps,0.06497605955643032
32,5,wmt_14:language_pair=hi-en,wmt_14,ens,0.019724483082952052
32,5,wmt_14:language_pair=ru-en,wmt_14,sample,0.02241396033920229
32,5,wmt_14:language_pair=ru-en,wmt_14,pkps,0.049928234878256664
32,5,wmt_14:language_pair=ru-en,wmt_14,ens,0.021531261925319015
32,6,legalbench:subset=abercrombie,legalbench,sample,0.05562393887945672
32,6,legalbench:subset=abercrombie,legalbench,pkps,0.13189229700624805
32,6,legalbench:subset=abercrombie,legalbench,ens,0.05245928883885525
32,6,legalbench:subset=abercrombie,legalbench,irt,0.5004600525072275
32,6,legalbench:subset=corporate_lobbying,legalbench,sample,0.04630376344086021
32,6,legalbench:subset=corporate_lobbying,legalbench,pkps,0.08524439168782406
32,6,legalbench:subset=corporate_lobbying,legalbench,ens,0.04515925493553981
32,6,legalbench:subset=corporate_lobbying,legalbench,irt,0.302563374373899
32,6,legalbench:subset=function_of_decision_section,legalbench,sample,0.050784050179211455
32,6,legalbench:subset=function_of_decision_section,legalbench,pkps,0.06969946686555387
32,6,legalbench:subset=function_of_decision_section,legalbench,ens,0.04833565342303583
32,6,legalbench:subset=function_of_decision_section,legalbench,irt,0.4733609508963876
32,6,legalbench:subset=international_citizenship_questions,legalbench,sample,0.06487455197132617
32,6,legalbench:subset=international_citizenship_questions,legalbench,pkps,0.08722872176229943
32,6,legalbench:subset=international_citizenship_questions,legalbench,ens,0.06215343181284052
32,6,legalbench:subset=international_citizenship_questions,legalbench,irt,0.4158860949517391
32,6,legalbench:subset=proa,legalbench,sample,0.0312110922467459
32,6,legalbench:subset=proa,legalbench,pkps,0.07642684517138872
32,6,legalbench:subset=proa,legalbench,ens,0.03093441612795127
32,6,legalbench:subset=proa,legalbench,irt,0.1726914299654298
32,6,math:subject=algebra,math,sample,0.04003136200716846
32,6,math:subject=algebra,math,pkps,0.1641454998794425
32,6,math:subject=algebra,math,ens,0.037838090504922525
32,6,math:subject=algebra,math,irt,0.21243949507624926
32,6,math:subject=counting_and_probability,math,sample,0.026381996140060652
32,6,math:subject=counting_and_probability,math,pkps,0.15516875333260324
32,6,math:subject=counting_and_probability,math,ens,0.02644471929958598
32,6,math:subject=counting_and_probability,math,irt,0.11040584900538424
32,6,math:subject=geometry,math,sample,0.023716044142614592
32,6,math:subject=geometry,math,pkps,0.15696834779898208
32,6,math:subject=geometry,math,ens,0.023527045911356636
32,6,math:subject=geometry,math,irt,0.14673998113065365
32,6,math:subject=intermediate_algebra,math,sample,0.0344551282051282
32,6,math:subject=intermediate_algebra,math,pkps,0.1699823973511845
32,6,math:subject=intermediate_algebra,math,ens,0.03411623537885943
32,6,math:subject=intermediate_algebra,math,irt,0.29768274146378015
32,6,math:subject=number_theory,math,sample,0.0
32,6,math:subject=number_theory,math,pkps,0.17597697548807836
32,6,math:subject=number_theory,math,ens,0.008798848774403898
32,6,math:subject=number_theory,math,irt,0.0009778343823023338
32,6,math:subject=prealgebra,math,sample,0.040049074768692176
32,6,math:subject=prealgebra,math,pkps,0.1591827184407963
32,6,math:subject=prealgebra,math,ens,0.03755942477507389
32,6,math:subject=prealgebra,math,irt,0.24616007754769184
32,6,math:subject=precalculus,math,sample,0.0443961045085833
32,6,math:subject=precalculus,math,pkps,0.15849660903577983
32,6,math:subject=precalculus,math,ens,0.042073905780177404
32,6,math:subject=precalculus,math,irt,0.2608928657573978
32,6,med_qa,med_qa,sample,0.06234318996415771
32,6,med_qa,med_qa,pkps,0.09437698252202452
32,6,med_qa,med_qa,ens,0.05873266998954827
32,6,med_qa,med_qa,irt,0.5726428314267373
32,6,wmt_14:language_pair=cs-en,wmt_14,sample,0.020754561690257058
32,6,wmt_14:language_pair=cs-en,wmt_14,pkps,0.04112936662452989
32,6,wmt_14:language_pair=cs-en,wmt_14,ens,0.019968387986853416
32,6,wmt_14:language_pair=de-en,wmt_14,sample,0.01921975151881198
32,6,wmt_14:language_pair=de-en,wmt_14,pkps,0.03363819962936367
32,6,wmt_14:language_pair=de-en,wmt_14,ens,0.018773654910266516
32,6,wmt_14:language_pair=fr-en,wmt_14,sample,0.022981187447282676
32,6,wmt_14:language_pair=fr-en,wmt_14,pkps,0.01832813655808704
32,6,wmt_14:language_pair=fr-en,wmt_14,ens,0.021915153598288623
32,6,wmt_14:language_pair=hi-en,wmt_14,sample,0.02053794779086196
32,6,wmt_14:language_pair=hi-en,wmt_14,pkps,0.0705534335217402
32,6,wmt_14:language_pair=hi-en,wmt_14,ens,0.020751733949870677
32,6,wmt_14:language_pair=ru-en,wmt_14,sample,0.021582106122678826
32,6,wmt_14:language_pair=ru-en,wmt_14,pkps,0.05241520497677479
32,6,wmt_14:language_pair=ru-en,wmt_14,ens,0.020696593791991038
32,7,legalbench:subset=abercrombie,legalbench,sample,0.04438667232597623
32,7,legalbench:subset=abercrombie,legalbench,pkps,0.12695174645140606
32,7,legalbench:subset=abercrombie,legalbench,ens,0.04337599522749609
32,7,legalbench:subset=abercrombie,legalbench,irt,0.33263121852754823
32,7,legalbench:subset=corporate_lobbying,legalbench,sample,0.051769713261648746
32,7,legalbench:subset=corporate_lobbying,legalbench,pkps,0.08229622369416897
32,7,legalbench:subset=corporate_lobbying,legalbench,ens,0.04971928381807294
32,7,legalbench:subset=corporate_lobbying,legalbench,irt,0.37805918902986985
32,7,legalbench:subset=function_of_decision_section,legalbench,sample,0.05887096774193549
32,7,legalbench:subset=function_of_decision_section,legalbench,pkps,0.06598861833404798
32,7,legalbench:subset=function_of_decision_section,legalbench,ens,0.05622773216790495
32,7,legalbench:subset=function_of_decision_section,legalbench,irt,0.4377954578327936
32,7,legalbench:subset=international_citizenship_questions,legalbench,sample,0.05873655913978495
32,7,legalbench:subset=international_citizenship_questions,legalbench,pkps,0.09288331603535518
32,7,legalbench:subset=international_citizenship_questions,legalbench,ens,0.056548487175175646
32,7,legalbench:subset=international_citizenship_questions,legalbench,irt,0.42329028896595755
32,7,legalbench:subset=proa,legalbench,sample,0.0355970571590266
32,7,legalbench:subset=proa,legalbench,pkps,0.07622875473630972
32,7,legalbench:subset=proa,legalbench,ens,0.034968531814619265
32,7,legalbench:subset=proa,legalbench,irt,0.14428080805564558
32,7,math:subject=algebra,math,sample,0.03676075268817205
32,7,math:subject=algebra,math,pkps,0.16569643732492506
32,7,math:subject=algebra,math,ens,0.035808031535501016
32,7,math:subject=algebra,math,irt,0.2880249233145289
32,7,math:subject=counting_and_probability,math,sample,0.01978218913702785
32,7,math:subject=counting_and_probability,math,pkps,0.16018405669108032
32,7,math:subject=counting_and_probability,math,ens,0.020728258245001092
32,7,math:subject=counting_and_probability,math,irt,0.09312530638994185
32,7,math:subject=geometry,math,sample,0.022884833050367856
32,7,math:subject=geometry,math,pkps,0.16178324395860075
32,7,math:subject=geometry,math,ens,0.02371772784655315
32,7,math:subject=geometry,math,irt,0.1275409939866475
32,7,math:subject=intermediate_algebra,math,sample,0.038952646815550045
32,7,math:subject=intermediate_algebra,math,pkps,0.17613494974948093
32,7,math:subject=intermediate_algebra,math,ens,0.038259728938402196
32,7,math:subject=intermediate_algebra,math,irt,0.2522842707402861
32,7,math:subject=number_theory,math,sample,0.0
32,7,math:subject=number_theory,math,pkps,0.16315372658351263
32,7,math:subject=number_theory,math,ens,0.008157686329175622
32,7,math:subject=number_theory,math,irt,0.0009778343823023338
32,7,math:subject=prealgebra,math,sample,0.0394239184796199
32,7,math:subject=prealgebra,math,pkps,0.1613948474875679
32,7,math:subject=prealgebra,math,ens,0.03764494107434788
32,7,math:subject=prealgebra,math,irt,0.2191007848770673
32,7,math:subject=precalculus,math,sample,0.04269241652518393
32,7,math:subject=precalculus,math,pkps,0.1642694223701056
32,7,math:subject=precalculus,math,ens,0.04261809740443626
32,7,math:subject=precalculus,math,irt,0.3809053734278008
32,7,med_qa,med_qa,sample,0.04955197132616487
32,7,med_qa,med_qa,pkps,0.09322076872305664
32,7,med_qa,med_qa,ens,0.047902831701066996
32,7,med_qa,med_qa,irt,0.3284171342898845
32,7,wmt_14:language_pair=cs-en,wmt_14,sample,0.017026222379261654
32,7,wmt_14:language_pair=cs-en,wmt_14,pkps,0.041425650177376865
32,7,wmt_14:language_pair=cs-en,wmt_14,ens,0.016603678259533832
32,7,wmt_14:language_pair=de-en,wmt_14,sample,0.021986617602297455
32,7,wmt_14:language_pair=de-en,wmt_14,pkps,0.03152463536851228
32,7,wmt_14:language_pair=de-en,wmt_14,ens,0.020832648025580828
32,7,wmt_14:language_pair=fr-en,wmt_14,sample,0.021094985428244017
32,7,wmt_14:language_pair=fr-en,wmt_14,pkps,0.018902795213200003
32,7,wmt_14:language_pair=fr-en,wmt_14,ens,0.02002942900248286
32,7,wmt_14:language_pair=hi-en,wmt_14,sample,0.020770400645981017
32,7,wmt_14:language_pair=hi-en,wmt_14,pkps,0.07333436177224975
32,7,wmt_14:language_pair=hi-en,wmt_14,ens,0.01947160056270348
32,7,wmt_14:language_pair=ru-en,wmt_14,sample,0.019817894464036454
32,7,wmt_14:language_pair=ru-en,wmt_14,pkps,0.050750795573982724
32,7,wmt_14:language_pair=ru-en,wmt_14,ens,0.01917145467453019
32,8,legalbench:subset=abercrombie,legalbench,sample,0.048631154499151105
32,8,legalbench:subset=abercrombie,legalbench,pkps,0.13203864722040878
32,8,legalbench:subset=abercrombie,legalbench,ens,0.04795490924823441
32,8,legalbench:subset=abercrombie,legalbench,irt,0.5433521176532908
32,8,legalbench:subset=corporate_lobbying,legalbench,sample,0.04874551971326166
32,8,legalbench:subset=corporate_lobbying,legalbench,pkps,0.089252970545689
32,8,legalbench:subset=corporate_lobbying,legalbench,ens,0.04599955334161246
32,8,legalbench:subset=corporate_lobbying,legalbench,irt,0.29791786428108713
32,8,legalbench:subset=function_of_decision_section,legalbench,sample,0.05235215053763441
32,8,legalbench:subset=function_of_decision_section,legalbench,pkps,0.06612554768027451
32,8,legalbench:subset=function_of_decision_section,legalbench,ens,0.05062953979454531
32,8,legalbench:subset=function_of_decision_section,legalbench,irt,0.39939646371556825
32,8,legalbench:subset=international_citizenship_questions,legalbench,sample,0.06359767025089606
32,8,legalbench:subset=international_citizenship_questions,legalbench,pkps,0.08863060950461385
32,8,legalbench:subset=international_citizenship_questions,legalbench,ens,0.06019364571873145
32,8,legalbench:subset=international_citizenship_questions,legalbench,irt,0.4042380215193645
32,8,legalbench:subset=proa,legalbench,sample,0.03761318619128467
32,8,legalbench:subset=proa,legalbench,pkps,0.07761188434861979
32,8,legalbench:subset=proa,legalbench,ens,0.0357982979171215
32,8,legalbench:subset=proa,legalbench,irt,0.14937382457524429
32,8,math:subject=algebra,math,sample,0.04381720430107526
32,8,math:subject=algebra,math,pkps,0.15756542362471332
32,8,math:subject=algebra,math,ens,0.04272990993587244
32,8,math:subject=algebra,math,irt,0.16377276543790759
32,8,math:subject=counting_and_probability,math,sample,0.022246346843121035
32,8,math:subject=counting_and_probability,math,pkps,0.15904654062955229
32,8,math:subject=counting_and_probability,math,ens,0.02337689902352693
32,8,math:subject=counting_and_probability,math,irt,0.1538284417524486
32,8,math:subject=geometry,math,sample,0.02406975099037918
32,8,math:subject=geometry,math,pkps,0.15618939268417806
32,8,math:subject=geometry,math,ens,0.02603043144597771
32,8,math:subject=geometry,math,irt,0.1332667815232296
32,8,math:subject=intermediate_algebra,math,sample,0.037169148056244834
32,8,math:subject=intermediate_algebra,math,pkps,0.18230484089340684
32,8,math:subject=intermediate_algebra,math,ens,0.03627906751874022
32,8,math:subject=intermediate_algebra,math,irt,0.2615976173144802
32,8,math:subject=number_theory,math,sample,0.0
32,8,math:subject=number_theory,math,pkps,0.17209177341901719
32,8,math:subject=number_theory,math,ens,0.008604588670950849
32,8,math:subject=number_theory,math,irt,0.0009778343823023338
32,8,math:subject=prealgebra,math,sample,0.03725931482870718
32,8,math:subject=prealgebra,math,pkps,0.15033557051761637
32,8,math:subject=prealgebra,math,ens,0.03698213227251928
32,8,math:subject=prealgebra,math,irt,0.2611471555508214
32,8,math:subject=precalculus,math,sample,0.03834182229767968
32,8,math:subject=precalculus,math,pkps,0.16490711344029454
32,8,math:subject=precalculus,math,ens,0.0381252870299693
32,8,math:subject=precalculus,math,irt,0.2528318085521245
32,8,med_qa,med_qa,sample,0.05248655913978494
32,8,med_qa,med_qa,pkps,0.09406589504189203
32,8,med_qa,med_qa,ens,0.05055890306635433
32,8,med_qa,med_qa,irt,0.5086041977398837
32,8,wmt_14:language_pair=cs-en,wmt_14,sample,0.018559523747264894
32,8,wmt_14:language_pair=cs-en,wmt_14,pkps,0.04078107262258553
32,8,wmt_14:language_pair=cs-en,wmt_14,ens,0.017831404884032797
32,8,wmt_14:language_pair=de-en,wmt_14,sample,0.022999547803711714
32,8,wmt_14:language_pair=de-en,wmt_14,pkps,0.031624239215554587
32,8,wmt_14:language_pair=de-en,wmt_14,ens,0.021938336816573426
32,8,wmt_14:language_pair=fr-en,wmt_14,sample,0.022712243370676382
32,8,wmt_14:language_pair=fr-en,wmt_14,pkps,0.019589474643983074
32,8,wmt_14:language_pair=fr-en,wmt_14,ens,0.021438983449168506
32,8,wmt_14:language_pair=hi-en,wmt_14,sample,0.020296506259739416
32,8,wmt_14:language_pair=hi-en,wmt_14,pkps,0.069670635142457
32,8,wmt_14:language_pair=hi-en,wmt_14,ens,0.019566915791624735
32,8,wmt_14:language_pair=ru-en,wmt_14,sample,0.02081140645821254
32,8,wmt_14:language_pair=ru-en,wmt_14,pkps,0.05018856453140092
32,8,wmt_14:language_pair=ru-en,wmt_14,ens,0.019467717577897278
32,9,legalbench:subset=abercrombie,legalbench,sample,0.05029711375212226
32,9,legalbench:subset=abercrombie,legalbench,pkps,0.12687364174858856
32,9,legalbench:subset=abercrombie,legalbench,ens,0.05049337209612384
32,9,legalbench:subset=abercrombie,legalbench,irt,0.38944898218893675
32,9,legalbench:subset=corporate_lobbying,legalbench,sample,0.05038082437275985
32,9,legalbench:subset=corporate_lobbying,legalbench,pkps,0.07927229461168599
32,9,legalbench:subset=corporate_lobbying,legalbench,ens,0.04919937348226378
32,9,legalbench:subset=corporate_lobbying,legalbench,irt,0.3676567723956098
32,9,legalbench:subset=function_of_decision_section,legalbench,sample,0.055891577060931896
32,9,legalbench:subset=function_of_decision_section,legalbench,pkps,0.06434205831554869
32,9,legalbench:subset=function_of_decision_section,legalbench,ens,0.053285298648163
32,9,legalbench:subset=function_of_decision_section,legalbench,irt,0.38127511641221423
32,9,legalbench:subset=international_citizenship_questions,legalbench,sample,0.058915770609319
32,9,legalbench:subset=international_citizenship_questions,legalbench,pkps,0.08768355968447926
32,9,legalbench:subset=international_citizenship_questions,legalbench,ens,0.055761435703146636
32,9,legalbench:subset=international_citizenship_questions,legalbench,irt,0.3965962262749801
32,9,legalbench:subset=proa,legalbench,sample,0.03595783814374646
32,9,legalbench:subset=proa,legalbench,pkps,0.07422512768335658
32,9,legalbench:subset=proa,legalbench,ens,0.035195883046825756
32,9,legalbench:subset=proa,legalbench,irt,0.13460431316003035
32,9,math:subject=algebra,math,sample,0.03933691756272402
32,9,math:subject=algebra,math,pkps,0.16441269051335125
32,9,math:subject=algebra,math,ens,0.03987801735578535
32,9,math:subject=algebra,math,irt,0.18632028247596163
32,9,math:subject=counting_and_probability,math,sample,0.022280810587262206
32,9,math:subject=counting_and_probability,math,pkps,0.15835778429488406
32,9,math:subject=counting_and_probability,math,ens,0.024117993016558564
32,9,math:subject=counting_and_probability,math,irt,0.13961871699622816
32,9,math:subject=geometry,math,sample,0.028614883984153936
32,9,math:subject=geometry,math,pkps,0.15429388798220353
32,9,math:subject=geometry,math,ens,0.027917522205523137
32,9,math:subject=geometry,math,irt,0.11551014411737377
32,9,math:subject=intermediate_algebra,math,sample,0.033627998345740276
32,9,math:subject=intermediate_algebra,math,pkps,0.17855656834318367
32,9,math:subject=intermediate_algebra,math,ens,0.03432553321170771
32,9,math:subject=intermediate_algebra,math,irt,0.12926507216534502
32,9,math:subject=number_theory,math,sample,0.0
32,9,math:subject=number_theory,math,pkps,0.17093506259080055
32,9,math:subject=number_theory,math,ens,0.008546753129540017
32,9,math:subject=number_theory,math,irt,0.0009778343823023338
32,9,math:subject=prealgebra,math,sample,0.04785571392848212
32,9,math:subject=prealgebra,math,pkps,0.1580390772550241
32,9,math:subject=prealgebra,math,ens,0.04539517233875812
32,9,math:subject=prealgebra,math,irt,0.18659210347963834
32,9,math:subject=precalculus,math,sample,0.04148391812865498
32,9,math:subject=precalculus,math,pkps,0.1642928163060328
32,9,math:subject=precalculus,math,ens,0.041239142553919333
32,9,math:subject=precalculus,math,irt,0.15585682391855105
32,9,med_qa,med_qa,sample,0.058669354838709685
32,9,med_qa,med_qa,pkps,0.09337849518093881
32,9,med_qa,med_qa,ens,0.05532030984750603
32,9,med_qa,med_qa,irt,0.3705055800393475
32,9,wmt_14:language_pair=cs-en,wmt_14,sample,0.022646220635061477
32,9,wmt_14:language_pair=cs-en,wmt_14,pkps,0.03820541267438554
32,9,wmt_14:language_pair=cs-en,wmt_14,ens,0.021757676652390107
32,9,wmt_14:language_pair=de-en,wmt_14,sample,0.0209104955587916
32,9,wmt_14:language_pair=de-en,wmt_14,pkps,0.030613384438461438
32,9,wmt_14:language_pair=de-en,wmt_14,ens,0.01961708706519895
32,9,wmt_14:language_pair=fr-en,wmt_14,sample,0.02153323586863008
32,9,wmt_14:language_pair=fr-en,wmt_14,pkps,0.018746881308235274
32,9,wmt_14:language_pair=fr-en,wmt_14,ens,0.020531841531841385
32,9,wmt_14:language_pair=hi-en,wmt_14,sample,0.020773259055008344
32,9,wmt_14:language_pair=hi-en,wmt_14,pkps,0.06764276005712908
32,9,wmt_14:language_pair=hi-en,wmt_14,ens,0.020153009173842537
32,9,wmt_14:language_pair=ru-en,wmt_14,sample,0.016725049745680905
32,9,wmt_14:language_pair=ru-en,wmt_14,pkps,0.05121381701128365
32,9,wmt_14:language_pair=ru-en,wmt_14,ens,0.016805417846135103
32,10,legalbench:subset=abercrombie,legalbench,sample,0.05909380305602716
32,10,legalbench:subset=abercrombie,legalbench,pkps,0.12881965274958912
32,10,legalbench:subset=abercrombie,legalbench,ens,0.05729759741958509
32,10,legalbench:subset=abercrombie,legalbench,irt,0.43399714312894894
32,10,legalbench:subset=corporate_lobbying,legalbench,sample,0.05441308243727597
32,10,legalbench:subset=corporate_lobbying,legalbench,pkps,0.09600030500937262
32,10,legalbench:subset=corporate_lobbying,legalbench,ens,0.053063753493615536
32,10,legalbench:subset=corporate_lobbying,legalbench,irt,0.5276111103708606
32,10,legalbench:subset=function_of_decision_section,legalbench,sample,0.054816308243727595
32,10,legalbench:subset=function_of_decision_section,legalbench,pkps,0.07407893931507868
32,10,legalbench:subset=function_of_decision_section,legalbench,ens,0.05195060884328293
32,10,legalbench:subset=function_of_decision_section,legalbench,irt,0.5160732606735025
32,10,legalbench:subset=international_citizenship_questions,legalbench,sample,0.06079749103942651
32,10,legalbench:subset=international_citizenship_questions,legalbench,pkps,0.09608004707423844
32,10,legalbench:subset=international_citizenship_questions,legalbench,ens,0.05799017280867922
32,10,legalbench:subset=international_citizenship_questions,legalbench,irt,0.45356921519600857
32,10,legalbench:subset=proa,legalbench,sample,0.02765633842671193
32,10,legalbench:subset=proa,legalbench,pkps,0.07803051603851148
32,10,legalbench:subset=proa,legalbench,ens,0.026969097403994703
32,10,legalbench:subset=proa,legalbench,irt,0.1761829956485217
32,10,math:subject=algebra,math,sample,0.03900089605734766
32,10,math:subject=algebra,math,pkps,0.1570465211588828
32,10,math:subject=algebra,math,ens,0.03880339953585278
32,10,math:subject=algebra,math,irt,0.26100125523802836
32,10,math:subject=counting_and_probability,math,sample,0.024081541218637998
32,10,math:subject=counting_and_probability,math,pkps,0.16316568425251377
32,10,math:subject=counting_and_probability,math,ens,0.02454350551527372
32,10,math:subject=counting_and_probability,math,irt,0.10933536237380989
32,10,math:subject=geometry,math,sample,0.023609932088285226
32,10,math:subject=geometry,math,pkps,0.15488038439676816
32,10,math:subject=geometry,math,ens,0.023535528203012496
32,10,math:subject=geometry,math,irt,0.10678294260546373
32,10,math:subject=intermediate_algebra,math,sample,0.0377636476426799
32,10,math:subject=intermediate_algebra,math,pkps,0.17394419886255658
32,10,math:subject=intermediate_algebra,math,ens,0.0368841008670375
32,10,math:subject=intermediate_algebra,math,irt,0.2621880237680453
32,10,math:subject=number_theory,math,sample,0.0
32,10,math:subject=number_theory,math,pkps,0.17332407874557743
32,10,math:subject=number_theory,math,ens,0.008666203937278853
32,10,math:subject=number_theory,math,irt,0.0009778343823023338
32,10,math:subject=prealgebra,math,sample,0.03698580895223806
32,10,math:subject=prealgebra,math,pkps,0.1506582088597881
32,10,math:subject=prealgebra,math,ens,0.03652201548457018
32,10,math:subject=prealgebra,math,irt,0.24782195170117993
32,10,math:subject=precalculus,math,sample,0.03550627240143369
32,10,math:subject=precalculus,math,pkps,0.16935606277063317
32,10,math:subject=precalculus,math,ens,0.03436601724809139
32,10,math:subject=precalculus,math,irt,0.26593212802692257
32,10,med_qa,med_qa,sample,0.054816308243727595
32,10,med_qa,med_qa,pkps,0.0960936318494009
32,10,med_qa,med_qa,ens,0.052429154529778206
32,10,med_qa,med_qa,irt,0.3641304679946455
32,10,wmt_14:language_pair=cs-en,wmt_14,sample,0.01950415777770613
32,10,wmt_14:language_pair=cs-en,wmt_14,pkps,0.040192125042016254
32,10,wmt_14:language_pair=cs-en,wmt_14,ens,0.019579069018814434
32,10,wmt_14:language_pair=de-en,wmt_14,sample,0.021325677200571127
32,10,wmt_14:language_pair=de-en,wmt_14,pkps,0.031875583180166485
32,10,wmt_14:language_pair=de-en,wmt_14,ens,0.020649724934268577
32,10,wmt_14:language_pair=fr-en,wmt_14,sample,0.024094799098531194
32,10,wmt_14:language_pair=fr-en,wmt_14,pkps,0.018646810738077686
32,10,wmt_14:language_pair=fr-en,wmt_14,ens,0.022781044562566622
32,10,wmt_14:language_pair=hi-en,wmt_14,sample,0.01811472582011593
32,10,wmt_14:language_pair=hi-en,wmt_14,pkps,0.07184040177763747
32,10,wmt_14:language_pair=hi-en,wmt_14,ens,0.01822821697139925
32,10,wmt_14:language_pair=ru-en,wmt_14,sample,0.02385150622281637
32,10,wmt_14:language_pair=ru-en,wmt_14,pkps,0.05413915069023995
32,10,wmt_14:language_pair=ru-en,wmt_14,ens,0.02290844287112858
32,11,legalbench:subset=abercrombie,legalbench,sample,0.051648273910582895
32,11,legalbench:subset=abercrombie,legalbench,pkps,0.12900063139737725
32,11,legalbench:subset=abercrombie,legalbench,ens,0.05008040230320946
32,11,legalbench:subset=abercrombie,legalbench,irt,0.35033161206283686
32,11,legalbench:subset=corporate_lobbying,legalbench,sample,0.046460573476702495
32,11,legalbench:subset=corporate_lobbying,legalbench,pkps,0.08365066169571977
32,11,legalbench:subset=corporate_lobbying,legalbench,ens,0.044644448737772416
32,11,legalbench:subset=corporate_lobbying,legalbench,irt,0.2748915484916134
32,11,legalbench:subset=function_of_decision_section,legalbench,sample,0.05284498207885305
32,11,legalbench:subset=function_of_decision_section,legalbench,pkps,0.06615641415585752
32,11,legalbench:subset=function_of_decision_section,legalbench,ens,0.05086177663355496
32,11,legalbench:subset=function_of_decision_section,legalbench,irt,0.3918756132026436
32,11,legalbench:subset=international_citizenship_questions,legalbench,sample,0.058490143369175636
32,11,legalbench:subset=international_citizenship_questions,legalbench,pkps,0.09373166596952676
32,11,legalbench:subset=international_citizenship_questions,legalbench,ens,0.05556613886779925
32,11,legalbench:subset=international_citizenship_questions,legalbench,irt,0.33531985614498017
32,11,legalbench:subset=proa,legalbench,sample,0.03349957555178268
32,11,legalbench:subset=proa,legalbench,pkps,0.07801213381359251
32,11,legalbench:subset=proa,legalbench,ens,0.03216131271788272
32,11,legalbench:subset=proa,legalbench,irt,0.13433876658502583
32,11,math:subject=algebra,math,sample,0.04679659498207887
32,11,math:subject=algebra,math,pkps,0.16518065300398052
32,11,math:subject=algebra,math,ens,0.04611217483408298
32,11,math:subject=algebra,math,irt,0.2498950718985939
32,11,math:subject=counting_and_probability,math,sample,0.02493451888613178
32,11,math:subject=counting_and_probability,math,pkps,0.16169208359334372
32,11,math:subject=counting_and_probability,math,ens,0.026506534658486326
32,11,math:subject=counting_and_probability,math,irt,0.10450291683276042
32,11,math:subject=geometry,math,sample,0.02269029428409734
32,11,math:subject=geometry,math,pkps,0.16387670113563882
32,11,math:subject=geometry,math,ens,0.02187397986607446
32,11,math:subject=geometry,math,irt,0.11957715534584501
32,11,math:subject=intermediate_algebra,math,sample,0.03243899917287013
32,11,math:subject=intermediate_algebra,math,pkps,0.18269226085852167
32,11,math:subject=intermediate_algebra,math,ens,0.032236373491547586
32,11,math:subject=intermediate_algebra,math,irt,0.2304292949660892
32,11,math:subject=number_theory,math,sample,0.0
32,11,math:subject=number_theory,math,pkps,0.16902010683877555
32,11,math:subject=number_theory,math,ens,0.008451005341938765
32,11,math:subject=number_theory,math,irt,0.0009778343823023338
32,11,math:subject=prealgebra,math,sample,0.03976775443860966
32,11,math:subject=prealgebra,math,pkps,0.16059698962014912
32,11,math:subject=prealgebra,math,ens,0.0380894038049382
32,11,math:subject=prealgebra,math,irt,0.27274182367969707
32,11,math:subject=precalculus,math,sample,0.04748514431239389
32,11,math:subject=precalculus,math,pkps,0.1709944858598258
32,11,math:subject=precalculus,math,ens,0.04528512255712749
32,11,math:subject=precalculus,math,irt,0.23415183757260163
32,11,med_qa,med_qa,sample,0.05329301075268817
32,11,med_qa,med_qa,pkps,0.09791054929511936
32,11,med_qa,med_qa,ens,0.050267777993763474
32,11,med_qa,med_qa,irt,0.5096174289900428
32,11,wmt_14:language_pair=cs-en,wmt_14,sample,0.01771570067103767
32,11,wmt_14:language_pair=cs-en,wmt_14,pkps,0.042588429503966845
32,11,wmt_14:language_pair=cs-en,wmt_14,ens,0.017778340402665602
32,11,wmt_14:language_pair=de-en,wmt_14,sample,0.019196080447204115
32,11,wmt_14:language_pair=de-en,wmt_14,pkps,0.032044534734650625
32,11,wmt_14:language_pair=de-en,wmt_14,ens,0.0187994399649976
32,11,wmt_14:language_pair=fr-en,wmt_14,sample,0.02202818989020036
32,11,wmt_14:language_pair=fr-en,wmt_14,pkps,0.019046354671612004
32,11,wmt_14:language_pair=fr-en,wmt_14,ens,0.02089347631963218
32,11,wmt_14:language_pair=hi-en,wmt_14,sample,0.019009812732285237
32,11,wmt_14:language_pair=hi-en,wmt_14,pkps,0.07017311113067518
32,11,wmt_14:language_pair=hi-en,wmt_14,ens,0.018757595605903232
32,11,wmt_14:language_pair=ru-en,wmt_14,sample,0.02088363007955408
32,11,wmt_14:language_pair=ru-en,wmt_14,pkps,0.056947183689286994
32,11,wmt_14:language_pair=ru-en,wmt_14,ens,0.019293426763204155
